title,description,category,price,rating,availability,number_reviews,upc,product_url,product_id,price_excl_tax,price_incl_tax,tax,in_stock,availability_text,rating_label,product_type,image_url,category_from_breadcrumb,breadcrumb_matches_category
11/22/63,"Life can turn on a dime—or stumble into the extraordinary, as it does for Jake Epping, a high school English teacher in Lisbon Falls, Maine. While grading essays by his GED students, Jake reads a gruesome, enthralling piece penned by janitor Harry Dunning: fifty years ago, Harry somehow survived his father’s sledgehammer slaughter of his entire family. Jake is blown away.. Life can turn on a dime—or stumble into the extraordinary, as it does for Jake Epping, a high school English teacher in Lisbon Falls, Maine. While grading essays by his GED students, Jake reads a gruesome, enthralling piece penned by janitor Harry Dunning: fifty years ago, Harry somehow survived his father’s sledgehammer slaughter of his entire family. Jake is blown away...but an even more bizarre secret comes to light when Jake’s friend Al, owner of the local diner, enlists Jake to take over the mission that has become his obsession—to prevent the Kennedy assassination. How? By stepping through a portal in the diner’s storeroom, and into the era of Ike and Elvis, of big American cars, sock hops, and cigarette smoke... Finding himself in warmhearted Jodie, Texas, Jake begins a new life. But all turns in the road lead to a troubled loner named Lee Harvey Oswald. The course of history is about to be rewritten...and become heart-stoppingly suspenseful. ...more",Fiction,48.48,3,11,0,a9d7b75461084a26,https://books.toscrape.com/catalogue/112263_583/index.html,583,48.48,48.48,0.0,True,In stock (11 available),Three,Books,https://books.toscrape.com/media/cache/4c/4c/4c4ce2398c6ad6c074e8061f739964cc.jpg,Fiction,True
A Man Called Ove,"A grumpy yet loveable man finds his solitary world turned on its head when a boisterous young family moves in next door.Meet Ove. He's a curmudgeon, the kind of man who points at people he dislikes as if they were burglars caught outside his bedroom window. He has staunch principles, strict routines, and a short fuse. People call him the bitter neighbor from hell, but must A grumpy yet loveable man finds his solitary world turned on its head when a boisterous young family moves in next door.Meet Ove. He's a curmudgeon, the kind of man who points at people he dislikes as if they were burglars caught outside his bedroom window. He has staunch principles, strict routines, and a short fuse. People call him the bitter neighbor from hell, but must Ove be bitter just because he doesn't walk around with a smile plastered to his face all the time?Behind the cranky exterior there is a story and a sadness. So when one November morning a chatty young couple with two chatty young daughters move in next door and accidentally flatten Ove's mailbox, it is the lead-in to a comical and heartwarming tale of unkempt cats, unexpected friendship, and the ancient art of backing up a U-Haul. All of which will change one cranky old man and a local residents' association to their very foundations. ...more",Fiction,39.72,1,14,0,8682c03de6a844ff,https://books.toscrape.com/catalogue/a-man-called-ove_653/index.html,653,39.72,39.72,0.0,True,In stock (14 available),One,Books,https://books.toscrape.com/media/cache/e9/e2/e9e22f047d6733f6c9dbbb8bf5342b09.jpg,Fiction,True
Atlas Shrugged,"This is the story of a man who said that he would stop the motor of the world and did. Was he a destroyer or the greatest of liberators?Why did he have to fight his battle, not against his enemies, but against those who needed him most, and his hardest battle against the woman he loved? What is the world’s motor — and the motive power of every man? You will know the answer This is the story of a man who said that he would stop the motor of the world and did. Was he a destroyer or the greatest of liberators?Why did he have to fight his battle, not against his enemies, but against those who needed him most, and his hardest battle against the woman he loved? What is the world’s motor — and the motive power of every man? You will know the answer to these questions when you discover the reason behind the baffling events that play havoc with the lives of the characters in this story. Tremendous in its scope, this novel presents an astounding panorama of human life — from the productive genius who becomes a worthless playboy — to the great steel industrialist who does not know that he is working for his own destruction — to the philosopher who becomes a pirate — to the composer who gives up his career on the night of his triumph — to the woman who runs a transcontinental railroad — to the lowest track worker in her Terminal tunnels. You must be prepared, when you read this novel, to check every premise at the root of your convictions.This is a mystery story, not about the murder — and rebirth — of man’s spirit. It is a philosophical revolution, told in the form of an action thriller of violent events, a ruthlessly brilliant plot structure and an irresistible suspense. Do you say this is impossible? Well, that is the first of your premises to check. ...more",Fiction,26.58,5,4,0,78a4ac98191ac675,https://books.toscrape.com/catalogue/atlas-shrugged_314/index.html,314,26.58,26.58,0.0,True,In stock (4 available),Five,Books,https://books.toscrape.com/media/cache/9d/3c/9d3c5430a627260e4a8c9ca02c8a8924.jpg,Fiction,True
Balloon Animals,"BALLOON ANIMALS is a pilgrimage and road-trip of unusual dimensions.Follow me, Jonny Rowe, on a wild goose-chase from Ireland to the USA with my American grandfather's remains in my red birthday balloon. I use 'remains' in the loosest sense of the word: my grandfather, 45, puffed his last breaths of air into my birthday balloon before suffering a massive heart attack right BALLOON ANIMALS is a pilgrimage and road-trip of unusual dimensions.Follow me, Jonny Rowe, on a wild goose-chase from Ireland to the USA with my American grandfather's remains in my red birthday balloon. I use 'remains' in the loosest sense of the word: my grandfather, 45, puffed his last breaths of air into my birthday balloon before suffering a massive heart attack right there at my birthday party which becomes his deathday party.Feeling responsible for 45's death, and as a thank-you for filling Clinical Dad's void after leaving that questionable suicide note, I make it my quest to return 45 to his birthplace amongst the corn of Iowa, USA, suspended inside his soul-bubble. This journey might also help me with my identity-crisis ... I'm a genealogy student, by the way. And who knows, maybe I'll find love - I tend to find things when I'm not looking for them.Join me on a desperate race against time to unveil the truth as my birthday balloon begins to deflate and loose 45 forever to the wind ...more",Fiction,17.03,3,14,0,9b65f676984c9f0c,https://books.toscrape.com/catalogue/balloon-animals_665/index.html,665,17.03,17.03,0.0,True,In stock (14 available),Three,Books,https://books.toscrape.com/media/cache/f3/fc/f3fc38185b3b6ede38fd9dea2590c01f.jpg,Fiction,True
Big Little Lies,"Big Little Lies follows three women, each at a crossroads:Madeline is a force to be reckoned with. She’s funny and biting, passionate, she remembers everything and forgives no one. Her ex-husband and his yogi new wife have moved into her beloved beachside community, and their daughter is in the same kindergarten class as Madeline’s youngest (how is this possible?). And to Big Little Lies follows three women, each at a crossroads:Madeline is a force to be reckoned with. She’s funny and biting, passionate, she remembers everything and forgives no one. Her ex-husband and his yogi new wife have moved into her beloved beachside community, and their daughter is in the same kindergarten class as Madeline’s youngest (how is this possible?). And to top it all off, Madeline’s teenage daughter seems to be choosing Madeline’s ex-husband over her. (How. Is. This. Possible?).Celeste is the kind of beautiful woman who makes the world stop and stare. While she may seem a bit flustered at times, who wouldn’t be, with those rambunctious twin boys? Now that the boys are starting school, Celeste and her husband look set to become the king and queen of the school parent body. But royalty often comes at a price, and Celeste is grappling with how much more she is willing to pay.New to town, single mom Jane is so young that another mother mistakes her for the nanny. Jane is sad beyond her years and harbors secret doubts about her son. But why? While Madeline and Celeste soon take Jane under their wing, none of them realizes how the arrival of Jane and her inscrutable little boy will affect them all.Big Little Lies is a brilliant take on ex-husbands and second wives, mothers and daughters, schoolyard scandal, and the dangerous little lies we tell ourselves just to survive. ...more",Fiction,22.11,1,3,0,d3f9c4539c0caa64,https://books.toscrape.com/catalogue/big-little-lies_129/index.html,129,22.11,22.11,0.0,True,In stock (3 available),One,Books,https://books.toscrape.com/media/cache/c5/3f/c53fd6a9300ac091351e3830273a4d42.jpg,Fiction,True
Bright Lines,"A vibrant debut novel, set in Brooklyn and Bangladesh, Bright Lines follows three young women and one family struggling to make peace with secrets and their past. For as long as she can remember, Ella has longed to feel at home. Orphaned as a child after her parents’ murder, and afflicted with hallucinations at dusk, she’s always felt more at ease in nature than with peopl A vibrant debut novel, set in Brooklyn and Bangladesh, Bright Lines follows three young women and one family struggling to make peace with secrets and their past. For as long as she can remember, Ella has longed to feel at home. Orphaned as a child after her parents’ murder, and afflicted with hallucinations at dusk, she’s always felt more at ease in nature than with people. She traveled from Bangladesh to Brooklyn to live with the Saleems: her uncle Anwar, aunt Hashi, and their beautiful daughter, Charu, her complete opposite. One summer, when Ella returns home from college, she discovers Charu’s friend Maya—an Islamic cleric’s runaway daughter—asleep in her bedroom. As the girls have a summer of clandestine adventure and sexual awakenings, Anwar—owner of a popular botanical apothecary—has his own secrets, threatening his thirty-year marriage. But when tragedy strikes, the Saleems find themselves blamed. To keep his family from unraveling, Anwar takes them on a fated trip to Bangladesh, to reckon with the past, their extended family, and each other. ...more",Fiction,39.07,5,1,0,230ac636ea0ea415,https://books.toscrape.com/catalogue/bright-lines_11/index.html,11,39.07,39.07,0.0,True,In stock (1 available),Five,Books,https://books.toscrape.com/media/cache/26/4f/264f79395041ac4b88038030da0433cd.jpg,Fiction,True
Cometh the Hour (The Clifton Chronicles #6),"Cometh the Hour opens with the reading of a suicide note, which has devastating consequences for Harry and Emma Clifton, Giles Barrington and Lady Virginia.Giles must decide if he should withdraw from politics and try to rescue Karin, the woman he loves, from behind the Iron Curtain. But is Karin truly in love with him, or is she a spy?Lady Virginia is facing bankruptcy, a Cometh the Hour opens with the reading of a suicide note, which has devastating consequences for Harry and Emma Clifton, Giles Barrington and Lady Virginia.Giles must decide if he should withdraw from politics and try to rescue Karin, the woman he loves, from behind the Iron Curtain. But is Karin truly in love with him, or is she a spy?Lady Virginia is facing bankruptcy, and can see no way out of her financial problems, until she is introduced to the hapless Cyrus T. Grant III from Baton Rouge, Louisiana, who's in England to see his horse run at Royal Ascot.Sebastian Clifton is now the Chief Executive of Farthings Bank and a workaholic, whose personal life is thrown into disarray when he falls for Priya, a beautiful Indian girl. But her parents have already chosen the man she is going to marry. Meanwhile, Sebastian's rivals Adrian Sloane and Desmond Mellor are still plotting to bring him and his chairman Hakim Bishara down, so they can take over Farthings.Harry Clifton remains determined to get Anatoly Babakov released from a gulag in Siberia, following the international success of his acclaimed book, Uncle Joe. But then something unexpected happens that none of them could have anticipated.Cometh the Hour is the penultimate book in the Clifton Chronicles and, like the five previous novels - which were all New York Times bestsellers - showcases Jeffrey Archer's extraordinary storytelling with his trademark twists. ...more",Fiction,25.01,3,14,0,28cf0d1c51b491e5,https://books.toscrape.com/catalogue/cometh-the-hour-the-clifton-chronicles-6_681/index.html,681,25.01,25.01,0.0,True,In stock (14 available),Three,Books,https://books.toscrape.com/media/cache/a0/f6/a0f6ff77c5f4604f88b1c74bbf669995.jpg,Fiction,True
Crazy Rich Asians (Crazy Rich Asians #1),"Crazy Rich Asians is the outrageously funny debut novel about three super-rich, pedigreed Chinese families and the gossip, backbiting, and scheming that occurs when the heir to one of the most massive fortunes in Asia brings home his ABC (American-born Chinese) girlfriend to the wedding of the season.When Rachel Chu agrees to spend the summer in Singapore with her boyfrien Crazy Rich Asians is the outrageously funny debut novel about three super-rich, pedigreed Chinese families and the gossip, backbiting, and scheming that occurs when the heir to one of the most massive fortunes in Asia brings home his ABC (American-born Chinese) girlfriend to the wedding of the season.When Rachel Chu agrees to spend the summer in Singapore with her boyfriend, Nicholas Young, she envisions a humble family home, long drives to explore the island, and quality time with the man she might one day marry. What she doesn't know is that Nick's family home happens to look like a palace, that she'll ride in more private planes than cars, and that with one of Asia's most eligible bachelors on her arm, Rachel might as well have a target on her back. Initiated into a world of dynastic splendor beyond imagination, Rachel meets Astrid, the It Girl of Singapore society; Eddie, whose family practically lives in the pages of the Hong Kong socialite magazines; and Eleanor, Nick's formidable mother, a woman who has very strong feelings about who her son should--and should not--marry. Uproarious, addictive, and filled with jaw-dropping opulence, Crazy Rich Asians is an insider's look at the Asian JetSet; a perfect depiction of the clash between old money and new money; between Overseas Chinese and Mainland Chinese; and a fabulous novel about what it means to be young, in love, and gloriously, crazily rich. ...more",Fiction,49.13,5,3,0,c9782ad2a0ed9331,https://books.toscrape.com/catalogue/crazy-rich-asians-crazy-rich-asians-1_143/index.html,143,49.13,49.13,0.0,True,In stock (3 available),Five,Books,https://books.toscrape.com/media/cache/05/37/053789bf4a9b520bf76fc9eea14e780e.jpg,Fiction,True
Daredevils,"From the winner of 2014’s PEN Robert W. Bingham Prize, an unforgettable debut novel about Loretta, a teenager married off as a “sister wife,” who makes a break for freedomAt the heart of this exciting debut novel, set in Arizona and Idaho in the mid-1970s, is fifteen-year-old Loretta, who slips out of her bedroom every evening to meet her so-called gentile boyfriend. Her s From the winner of 2014’s PEN Robert W. Bingham Prize, an unforgettable debut novel about Loretta, a teenager married off as a “sister wife,” who makes a break for freedom At the heart of this exciting debut novel, set in Arizona and Idaho in the mid-1970s, is fifteen-year-old Loretta, who slips out of her bedroom every evening to meet her so-called gentile boyfriend. Her strict Mormon parents catch her returning one night, and promptly marry her off to Dean Harder, a devout yet materialistic fundamentalist who already has a wife and a brood of kids. The Harders relocate to his native Idaho, where Dean’s teenage nephew Jason falls hard for Loretta. A Zeppelin and Tolkien fan, Jason worships Evel Knievel and longs to leave his close-minded community. He and Loretta make a break for it. They drive all night, stay in hotels, and relish their dizzying burst of teenage freedom as they seek to recover Dean’s cache of “Mormon gold.” But someone Loretta left behind is on their trail... A riveting story of desire and escape, Daredevils boasts memorable set pieces and a rich cast of secondary characters. There’s Dean’s other wife, Ruth, who as a child in the 1950s was separated from her parents during the notorious Short Creek raid, when federal agents descended on a Mormon fundamentalist community. There’s Jason’s best friend, Boyd, part Native American and caught up in the activist spirit of the time, who comes along for the ride, with disastrous results. And Vestal’s ultimate creation is a superbly sleazy chatterbox—a man who might or might not be Evel Knievel himself—who works his charms on Loretta at a casino in Elko, Nevada.A lifelong journalist whose Spokesman column is a fixture in Spokane, WA, Shawn has honed his fiction over many years, publishing in journals like McSweeney's and Tin House. His stunning first collection, Godforsaken Idaho, burrowed into history as it engaged with masculinity and crime, faith and apostasy, and the West that he knows so well. Daredevils shows what he can do on a broader canvas--a fascinating, wide-angle portrait of a time and place that's both a classic coming of age tale and a plunge into the myths of America, sacred and profane. ...more",Fiction,16.34,3,11,0,f608c903c451f387,https://books.toscrape.com/catalogue/daredevils_590/index.html,590,16.34,16.34,0.0,True,In stock (11 available),Three,Books,https://books.toscrape.com/media/cache/79/47/79478ba5ab673fbdfe79a745a14fb9de.jpg,Fiction,True
Dear Mr. Knightley,"Dear Mr. Knightley is a contemporary epistolary novel with a delightful dash of Jane Austen.Samantha Moore survived years of darkness in the foster care system by hiding behind her favorite characters in literature, even adopting their very words. Her fictional friends give her an identity, albeit a borrowed one. But most importantly, they protect her from revealing her tr Dear Mr. Knightley is a contemporary epistolary novel with a delightful dash of Jane Austen.Samantha Moore survived years of darkness in the foster care system by hiding behind her favorite characters in literature, even adopting their very words. Her fictional friends give her an identity, albeit a borrowed one. But most importantly, they protect her from revealing her true self and encountering more pain.After college, Samantha receives an extraordinary opportunity. The anonymous “Mr. Knightley” offers her a full scholarship to earn her graduate degree at the prestigious Medill School of Journalism. The sole condition is that Sam write to Mr. Knightley regularly to keep him apprised of her progress.As Sam’s true identity begins to reveal itself through her letters, her heart begins to soften to those around her—a damaged teenager and fellow inhabitant of Grace House, her classmates at Medill, and, most powerfully, successful novelist Alex Powell. But just as Sam finally begins to trust, she learns that Alex has secrets of his own—secrets that, for better or for worse, make it impossible for Sam to hide behind either her characters or her letters. ...more",Fiction,11.21,5,14,0,94a958ea126cdcd5,https://books.toscrape.com/catalogue/dear-mr-knightley_684/index.html,684,11.21,11.21,0.0,True,In stock (14 available),Five,Books,https://books.toscrape.com/media/cache/e1/8d/e18dc724d16d7501dcaaa56bdb49c16d.jpg,Fiction,True
Deception Point,"When a new NASA satellite spots evidence of an astonishingly rare object buried deep in the Arctic ice, the floundering space agency proclaims a much-needed victory...a victory that has profound implications for U.S. space policy and the impending presidential election. With the Oval Office in the balance, the President dispatches White House Intelligence analyst Rachel Se When a new NASA satellite spots evidence of an astonishingly rare object buried deep in the Arctic ice, the floundering space agency proclaims a much-needed victory...a victory that has profound implications for U.S. space policy and the impending presidential election. With the Oval Office in the balance, the President dispatches White House Intelligence analyst Rachel Sexton to the Milne Ice Shelf to verify the authenticity of the find. Accompanied by a team of experts, including the charismatic academic Michael Tolland, Rachel uncovers the unthinkable: evidence of scientific trickery -- a bold deception that threatens to plunge the world into controversy.But before Rachel can contact the President, she and Michael are attacked by a deadly team of assassins controlled by a mysterious power broker who will stop at nothing to hide the truth. Fleeing for their lives in an environment as desolate as it is lethal, their only hope for survival is to find out who is behind this masterful ploy. The truth, they will learn, is the most shocking deception of all. ...more",Fiction,40.32,4,6,0,4e3b183180e2a992,https://books.toscrape.com/catalogue/deception-point_426/index.html,426,40.32,40.32,0.0,True,In stock (6 available),Four,Books,https://books.toscrape.com/media/cache/65/6d/656d264685962b55ff14fb310b0ae747.jpg,Fiction,True
Digital Fortress,"Before the multi-million, runaway bestseller The Da Vinci Code, Dan Brown set his razor-sharp research and storytelling skills on the most powerful intelligence organization on earth--the National Security Agency (NSA), an ultra-secret, multibillion-dollar agency many times more powerful than the CIA.When the NSA's invincible code-breaking machine encounters a mysterious c Before the multi-million, runaway bestseller The Da Vinci Code, Dan Brown set his razor-sharp research and storytelling skills on the most powerful intelligence organization on earth--the National Security Agency (NSA), an ultra-secret, multibillion-dollar agency many times more powerful than the CIA.When the NSA's invincible code-breaking machine encounters a mysterious code it cannot break, the agency calls its head cryptographer, Susan Fletcher, a brilliant and beautiful mathematician. What she uncovers sends shock waves through the corridors of power. The NSA is being held hostage...not by guns or bombs, but by a code so ingeniously complex that if released it would cripple U.S. intelligence.Caught in an accelerating tempest of secrecy and lies, Susan Fletcher battles to save the agency she believes in. Betrayed on all sides, she finds herself fighting not only for her country but for her life, and in the end, for the life of the man she loves.From the underground hallways of power to the skyscrapers of Tokyo to the towering cathedrals of Spain, a desperate race unfolds. It is a battle for survival--a crucial bid to destroy a creation of inconceivable genius...an impregnable code-writing formula that threatens to obliterate the post-cold war balance of power. Forever. ...more",Fiction,58.0,5,5,0,94bb629a3f6dd00b,https://books.toscrape.com/catalogue/digital-fortress_369/index.html,369,58.0,58.0,0.0,True,In stock (5 available),Five,Books,https://books.toscrape.com/media/cache/86/78/86786e20ec80b5b3ec66657870750b73.jpg,Fiction,True
Eight Hundred Grapes,"There are secrets you share, and secrets you hide…Growing up on her family’s Sonoma vineyard, Georgia Ford learned some important secrets. The secret number of grapes it takes to make a bottle of wine: eight hundred. The secret ingredient in her mother’s lasagna: chocolate. The secret behind ending a fight: hold hands.But just a week before her wedding, thirty-year-old Geo There are secrets you share, and secrets you hide…Growing up on her family’s Sonoma vineyard, Georgia Ford learned some important secrets. The secret number of grapes it takes to make a bottle of wine: eight hundred. The secret ingredient in her mother’s lasagna: chocolate. The secret behind ending a fight: hold hands.But just a week before her wedding, thirty-year-old Georgia discovers her beloved fiancé has been keeping a secret so explosive, it will change their lives forever.Georgia does what she’s always done: she returns to the family vineyard, expecting the comfort of her long-married parents, and her brothers, and everything familiar. But it turns out her fiancé is not the only one who’s been keeping secrets… ...more",Fiction,14.39,4,14,0,1d6dd0c87d90fe92,https://books.toscrape.com/catalogue/eight-hundred-grapes_690/index.html,690,14.39,14.39,0.0,True,In stock (14 available),Four,Books,https://books.toscrape.com/media/cache/5b/34/5b34d6d54467af2d5e44a5f91031adf2.jpg,Fiction,True
Eligible (The Austen Project #4),"A Modern Retelling of Pride and PrejudiceThis version of the Bennet family—and Mr. Darcy—is one that you have and haven’t met before: Liz is a magazine writer in her late thirties who, like her yoga instructor older sister, Jane, lives in New York City. When their father has a health scare, they return to their childhood home in Cincinnati to help—and discover that the spr A Modern Retelling of Pride and PrejudiceThis version of the Bennet family—and Mr. Darcy—is one that you have and haven’t met before: Liz is a magazine writer in her late thirties who, like her yoga instructor older sister, Jane, lives in New York City. When their father has a health scare, they return to their childhood home in Cincinnati to help—and discover that the sprawling Tudor they grew up in is crumbling and the family is in disarray.Youngest sisters Kitty and Lydia are too busy with their CrossFit workouts and Paleo diets to get jobs. Mary, the middle sister, is earning her third online master’s degree and barely leaves her room, except for those mysterious Tuesday-night outings she won’t discuss. And Mrs. Bennet has one thing on her mind: how to marry off her daughters, especially as Jane’s fortieth birthday fast approaches.Enter Chip Bingley, a handsome new-in-town doctor who recently appeared on the juggernaut reality TV dating show Eligible. At a Fourth of July barbecue, Chip takes an immediate interest in Jane, but Chip’s friend neurosurgeon Fitzwilliam Darcy reveals himself to Liz to be much less charming. . . .And yet, first impressions can be deceiving. ...more",Fiction,27.09,3,14,0,9eaf58b03a2779cc,https://books.toscrape.com/catalogue/eligible-the-austen-project-4_692/index.html,692,27.09,27.09,0.0,True,In stock (14 available),Three,Books,https://books.toscrape.com/media/cache/0a/9a/0a9a0b211bee87b544bd97a8320a0b73.jpg,Fiction,True
Finders Keepers (Bill Hodges Trilogy #2),"A masterful, intensely suspenseful novel about a reader whose obsession with a reclusive writer goes far too far—a book about the power of storytelling, starring the same trio of unlikely and winning heroes King introduced in Mr. Mercedes“Wake up, genius.” So begins King’s instantly riveting story about a vengeful reader. The genius is John Rothstein, an iconic author who A masterful, intensely suspenseful novel about a reader whose obsession with a reclusive writer goes far too far—a book about the power of storytelling, starring the same trio of unlikely and winning heroes King introduced in Mr. Mercedes“Wake up, genius.” So begins King’s instantly riveting story about a vengeful reader. The genius is John Rothstein, an iconic author who created a famous character, Jimmy Gold, but who hasn’t published a book for decades. Morris Bellamy is livid, not just because Rothstein has stopped providing books, but because the nonconformist Jimmy Gold has sold out for a career in advertising. Morris kills Rothstein and empties his safe of cash, yes, but the real treasure is a trove of notebooks containing at least one more Gold novel.Morris hides the money and the notebooks, and then he is locked away for another crime. Decades later, a boy named Pete Saubers finds the treasure, and now it is Pete and his family that Bill Hodges, Holly Gibney, and Jerome Robinson must rescue from the ever-more deranged and vengeful Morris when he’s released from prison after thirty-five years.Not since Misery has King played with the notion of a reader whose obsession with a writer gets dangerous. Finders Keepers is spectacular, heart-pounding suspense, but it is also King writing about how literature shapes a life—for good, for bad, forever. ...more",Fiction,53.53,5,15,0,edb3097e71330040,https://books.toscrape.com/catalogue/finders-keepers-bill-hodges-trilogy-2_807/index.html,807,53.53,53.53,0.0,True,In stock (15 available),Five,Books,https://books.toscrape.com/media/cache/76/80/76804e1881b630a110794fef5aad02cf.jpg,Fiction,True
Hystopia: A Novel,"By the early 1970s, President John F. Kennedy has survived several assassination attempts and--martyred, heroic--is now in his third term. Twenty-two-year-old Eugene Allen returns home from his tour of duty in Vietnam and begins to write a war novel--a book echoing Catch-22 and Slaughterhouse-Five--about veterans who have their battlefield experiences ""enfolded,"" wiped fro By the early 1970s, President John F. Kennedy has survived several assassination attempts and--martyred, heroic--is now in his third term. Twenty-two-year-old Eugene Allen returns home from his tour of duty in Vietnam and begins to write a war novel--a book echoing Catch-22 and Slaughterhouse-Five--about veterans who have their battlefield experiences ""enfolded,"" wiped from their memories through drugs and therapy. In Eugene's fictive universe, veterans too damaged to be enfolded stalk the American heartland, reenacting atrocities on civilians and evading the Psych Corps, a federal agency dedicated to upholding the mental hygiene of the nation by any means necessary.This alternative America, in which a veteran tries to reimagine a damaged world, is the subject of Hystopia, the long-awaited first novel by David Means. The critic James Wood has written that Means's language ""offers an exquisitely precise and sensuous register of an often crazy American reality."" Means brings this talent to bear on the national trauma of the Vietnam era in a work that is outlandish, ruefully funny, and shockingly violent. Written in conversation with some of the greatest war narratives from the Iliad to the Rolling Stones' ""Gimme Shelter,"" Hystopia is a unique and visionary novel. ...more",Fiction,21.96,4,8,0,0bfdef63285d3019,https://books.toscrape.com/catalogue/hystopia-a-novel_523/index.html,523,21.96,21.96,0.0,True,In stock (8 available),Four,Books,https://books.toscrape.com/media/cache/23/2f/232fdac6b00cd3c7cd2b2336ff3b730e.jpg,Fiction,True
I Am Pilgrim (Pilgrim #1),"A breakneck race against time...and an implacable enemy.An anonymous young woman murdered in a run-down hotel, all identifying characteristics dissolved by acid. A father publicly beheaded in the blistering heat of a Saudi Arabian public square. A notorious Syrian biotech expert found eyeless in a Damascus junkyard. Smoldering human remains on a remote mountainside in Afgh A breakneck race against time...and an implacable enemy.An anonymous young woman murdered in a run-down hotel, all identifying characteristics dissolved by acid. A father publicly beheaded in the blistering heat of a Saudi Arabian public square. A notorious Syrian biotech expert found eyeless in a Damascus junkyard. Smoldering human remains on a remote mountainside in Afghanistan. A flawless plot to commit an appalling crime against humanity. One path links them all, and only one man can make the journey.Pilgrim. ...more",Fiction,10.6,4,14,0,aeff7b87a8e83ebb,https://books.toscrape.com/catalogue/i-am-pilgrim-pilgrim-1_703/index.html,703,10.6,10.6,0.0,True,In stock (14 available),Four,Books,https://books.toscrape.com/media/cache/8d/a3/8da36f821f35b795a3a420c84ca9737e.jpg,Fiction,True
Inferno (Robert Langdon #4),"In his international blockbusters The Da Vinci Code, Angels & Demons, and The Lost Symbol, Dan Brown masterfully fused history, art, codes, and symbols. In this riveting new thriller, Brown returns to his element and has crafted his highest-stakes novel to date.In the heart of Italy, Harvard professor of symbology Robert Langdon is drawn into a harrowing world centered In his international blockbusters The Da Vinci Code, Angels & Demons, and The Lost Symbol, Dan Brown masterfully fused history, art, codes, and symbols. In this riveting new thriller, Brown returns to his element and has crafted his highest-stakes novel to date.In the heart of Italy, Harvard professor of symbology Robert Langdon is drawn into a harrowing world centered on one of history’s most enduring and mysterious literary masterpieces . . . Dante’s Inferno.Against this backdrop, Langdon battles a chilling adversary and grapples with an ingenious riddle that pulls him into a landscape of classic art, secret passageways, and futuristic science. Drawing from Dante’s dark epic poem, Langdon races to find answers and decide whom to trust . . . before the world is irrevocably altered. ...more",Fiction,41.0,5,3,0,6c4646d90b60a56c,https://books.toscrape.com/catalogue/inferno-robert-langdon-4_176/index.html,176,41.0,41.0,0.0,True,In stock (3 available),Five,Books,https://books.toscrape.com/media/cache/ec/15/ec15a39e6f193636635f20a7354b08f6.jpg,Fiction,True
Jurassic Park (Jurassic Park #1),"A billionaire has created a technique to clone dinosaurs. From the DNA that his crack team of scientists extract, he is able to grow the dinosaurs in his laboratories and lock them away on an island behind electric fences, creating a sort of theme park. He asks a group of scientists from several different fields to come and view the park, but something goes terribly wrong A billionaire has created a technique to clone dinosaurs. From the DNA that his crack team of scientists extract, he is able to grow the dinosaurs in his laboratories and lock them away on an island behind electric fences, creating a sort of theme park. He asks a group of scientists from several different fields to come and view the park, but something goes terribly wrong when a worker on the island turns traitor and shuts down the power.Cover illustration by Chip Kidd. ...more",Fiction,44.97,1,3,0,a0dd11f6abc421ec,https://books.toscrape.com/catalogue/jurassic-park-jurassic-park-1_180/index.html,180,44.97,44.97,0.0,True,In stock (3 available),One,Books,https://books.toscrape.com/media/cache/26/9e/269e8962f39f359559a46cae86576128.jpg,Fiction,True
Kitchens of the Great Midwest,"“A sweet and savory treat.” —People“An impressive feat of narrative jujitsu . . . that keeps readers turning the pages too fast to realize just how ingenious they are.”—The New York Times Book Review, Editor’s Pick“Kitchens of the Great Midwest is a terrific reminder of what can be wrested from suffering and struggle—not only success, but also considerable irony, a fair am “A sweet and savory treat.” —People“An impressive feat of narrative jujitsu . . . that keeps readers turning the pages too fast to realize just how ingenious they are.”—The New York Times Book Review, Editor’s Pick“Kitchens of the Great Midwest is a terrific reminder of what can be wrested from suffering and struggle—not only success, but also considerable irony, a fair amount of wisdom and a decent meal.”—Jane Smiley, The GuardianAs seen on The Skimm: “Warning: this will make you hungry. . . . You won’t be able to put it down. And it will up your kitchen game.”Kitchens of the Great Midwest, about a young woman with a once-in-a-generation palate who becomes the iconic chef behind the country’s most coveted dinner reservation, is the summer’s most hotly anticipated debut. When Lars Thorvald’s wife, Cynthia, falls in love with wine—and a dashing sommelier—he’s left to raise their baby, Eva, on his own. He’s determined to pass on his love of food to his daughter—starting with puréed pork shoulder. As Eva grows, she finds her solace and salvation in the flavors of her native Minnesota. From Scandinavian lutefisk to hydroponic chocolate habaneros, each ingredient represents one part of Eva’s journey as she becomes the star chef behind a legendary and secretive pop-up supper club, culminating in an opulent and emotional feast that’s a testament to her spirit and resilience. Each chapter in J. Ryan Stradal’s startlingly original debut tells the story of a single dish and character, at once capturing the zeitgeist of the Midwest, the rise of foodie culture, and delving into the ways food creates community and a sense of identity. By turns quirky, hilarious, and vividly sensory, Kitchens of the Great Midwest is an unexpected mother-daughter story about the bittersweet nature of life—its missed opportunities and its joyful surprises. It marks the entry of a brilliant new talent.From the Hardcover edition. ...more",Fiction,57.2,5,1,0,06f6a57a6d532844,https://books.toscrape.com/catalogue/kitchens-of-the-great-midwest_28/index.html,28,57.2,57.2,0.0,True,In stock (1 available),Five,Books,https://books.toscrape.com/media/cache/ed/be/edbe83ef3ebf5c22b9ebc139d3232947.jpg,Fiction,True
Last One Home (New Beginnings #1),"Growing up, Cassie Carter and her sisters, Karen and Nichole, were incredibly close -- until one fateful event drove them apart. After high school, Cassie ran away from home to marry the wrong man, throwing away a college scholarship and breaking her parents’ hearts. To make matters worse, Cassie had always been their father’s favorite -- a sentiment that weighed heavily o Growing up, Cassie Carter and her sisters, Karen and Nichole, were incredibly close -- until one fateful event drove them apart. After high school, Cassie ran away from home to marry the wrong man, throwing away a college scholarship and breaking her parents’ hearts. To make matters worse, Cassie had always been their father’s favorite -- a sentiment that weighed heavily on her sisters and made Cassie’s actions even harder to bear.Now thirty-one, Cassie is back in Washington, living in Seattle with her daughter and hoping to leave her past behind. After ending a difficult marriage, Cassie is back on her own two feet, the pieces of her life slowly but surely coming together. Despite the strides Cassie’s made, she hasn’t been able to make peace with her sisters. Karen, the oldest, is a busy wife and mother, balancing her career with raising her two children. And Nichole, the youngest, is a stay-at-home mom whose husband indulges her every whim. Then one day, Cassie receives a letter from Karen, offering what Cassie thinks may be a chance to reconcile. And as Cassie opens herself up to new possibilities -- making amends with her sisters, finding love once more -- she realizes the power of compassion, and the promise of a fresh start. ...more",Fiction,59.98,3,5,0,07e6810fd3236bda,https://books.toscrape.com/catalogue/last-one-home-new-beginnings-1_383/index.html,383,59.98,59.98,0.0,True,In stock (5 available),Three,Books,https://books.toscrape.com/media/cache/0b/98/0b98d840b298be76c1a982a8d1f4688f.jpg,Fiction,True
Lies and Other Acts of Love,"Dear Carolina was praised as “Southern fiction at its best.”* Now author Kristy Woodson Harvey presents a new novel about what it really means to tell the truth . . . After sixty years of marriage and five daughters, Lynn “Lovey” White knows that all of us, from time to time, need to use our little white lies. Her granddaughter, Annabelle, on the other hand, is as truth Dear Carolina was praised as “Southern fiction at its best.”* Now author Kristy Woodson Harvey presents a new novel about what it really means to tell the truth . . . After sixty years of marriage and five daughters, Lynn “Lovey” White knows that all of us, from time to time, need to use our little white lies. Her granddaughter, Annabelle, on the other hand, is as truthful as they come. She always does the right thing—that is, until she dumps her hedge fund manager fiancé and marries a musician she has known for three days. After all, her grandparents, who fell in love at first sight, have shared a lifetime of happiness, even through her grandfather’s declining health. But when Annabelle’s world starts to collapse around her, she discovers that nothing about her picture-perfect family is as it seems. And Lovey has to decide whether one more lie will make or break the ones she loves . . . ...more",Fiction,45.14,1,11,0,469508882dfc1991,https://books.toscrape.com/catalogue/lies-and-other-acts-of-love_596/index.html,596,45.14,45.14,0.0,True,In stock (11 available),One,Books,https://books.toscrape.com/media/cache/8f/26/8f269de5ec7cef02e538eb0466c68f0c.jpg,Fiction,True
Lila (Gilead #3),"Marilynne Robinson, one of the greatest novelists of our time, returns to the town of Gilead in an unforgettable story of a girlhood lived on the fringes of society in fear, awe, and wonder.Lila, homeless and alone after years of roaming the countryside, steps inside a small-town Iowa church—the only available shelter from the rain—and ignites a romance and a debate that w Marilynne Robinson, one of the greatest novelists of our time, returns to the town of Gilead in an unforgettable story of a girlhood lived on the fringes of society in fear, awe, and wonder.Lila, homeless and alone after years of roaming the countryside, steps inside a small-town Iowa church—the only available shelter from the rain—and ignites a romance and a debate that will reshape her life. She becomes the wife of a minister, John Ames, and begins a new existence while trying to make sense of the days of suffering that preceded her newfound security.Neglected as a toddler, Lila was rescued by Doll, a canny young drifter, and brought up by her in a hardscrabble childhood. Together they crafted a life on the run, living hand-to-mouth with nothing but their sisterly bond and a ragged blade to protect them. But despite bouts of petty violence and moments of desperation, their shared life is laced with moments of joy and love. When Lila arrives in Gilead, she struggles to harmonize the life of her makeshift family and their days of hardship with the gentle Christian worldview of her husband that paradoxically judges those she loves.Revisiting the beloved characters and setting of Marilynne Robinson’s Pulitzer Prize-winning Gilead and Home, a National Book Award Finalist, Lila is a moving expression of the mysteries of existence that is destined to become an American classic. ...more",Fiction,12.47,3,3,0,4ef75307fb64e2ad,https://books.toscrape.com/catalogue/lila-gilead-3_190/index.html,190,12.47,12.47,0.0,True,In stock (3 available),Three,Books,https://books.toscrape.com/media/cache/9b/37/9b37bcfb1a44dabbef36f5bf899df4b0.jpg,Fiction,True
Me Before You (Me Before You #1),Lou Clark knows lots of things. She knows how many footsteps there are between the bus stop and home. She knows she likes working in The Buttered Bun tea shop and she knows she might not love her boyfriend Patrick.What Lou doesn't know is she's about to lose her job or that knowing what's coming is what keeps her sane.Will Traynor knows his motorcycle accident took away hi Lou Clark knows lots of things. She knows how many footsteps there are between the bus stop and home. She knows she likes working in The Buttered Bun tea shop and she knows she might not love her boyfriend Patrick.What Lou doesn't know is she's about to lose her job or that knowing what's coming is what keeps her sane.Will Traynor knows his motorcycle accident took away his desire to live. He knows everything feels very small and rather joyless now and he knows exactly how he's going to put a stop to that.What Will doesn't know is that Lou is about to burst into his world in a riot of colour. And neither of them knows they're going to change the other for all time. ...more,Fiction,19.02,1,6,0,7a2b51f69e81c722,https://books.toscrape.com/catalogue/me-before-you-me-before-you-1_434/index.html,434,19.02,19.02,0.0,True,In stock (6 available),One,Books,https://books.toscrape.com/media/cache/81/c3/81c36cb2510dc47892dde52f3989a53f.jpg,Fiction,True
Memoirs of a Geisha,"A literary sensation and runaway bestseller, this brilliant debut novel presents with seamless authenticity and exquisite lyricism the true confessions of one of Japan's most celebrated geisha.In Memoirs of a Geisha, we enter a world where appearances are paramount; where a girl's virginity is auctioned to the highest bidder; where women are trained to beguile the most pow A literary sensation and runaway bestseller, this brilliant debut novel presents with seamless authenticity and exquisite lyricism the true confessions of one of Japan's most celebrated geisha.In Memoirs of a Geisha, we enter a world where appearances are paramount; where a girl's virginity is auctioned to the highest bidder; where women are trained to beguile the most powerful men; and where love is scorned as illusion. It is a unique and triumphant work of fiction - at once romantic, erotic, suspenseful - and completely unforgettable. ...more",Fiction,49.67,3,7,0,dac4b5847454fd9b,https://books.toscrape.com/catalogue/memoirs-of-a-geisha_477/index.html,477,49.67,49.67,0.0,True,In stock (7 available),Three,Books,https://books.toscrape.com/media/cache/5e/4b/5e4b5ef50c54f173456606e70719cc84.jpg,Fiction,True
Miller's Valley,"Filled with insights that are hallmarks of Anna Quindlen’s bestsellers, this extraordinary novel is about a woman coming of age, as she unearths secrets about her family and her town, and surprising truths about herself.For generations the Millers have lived in Miller’s Valley. Mimi Miller tells about her life with intimacy and honesty. As Mimi eavesdrops on her parents an Filled with insights that are hallmarks of Anna Quindlen’s bestsellers, this extraordinary novel is about a woman coming of age, as she unearths secrets about her family and her town, and surprising truths about herself.For generations the Millers have lived in Miller’s Valley. Mimi Miller tells about her life with intimacy and honesty. As Mimi eavesdrops on her parents and quietly observes the people around her, she discovers more and more about the toxicity of family secrets, the dangers of gossip, the flaws of marriage, the inequalities of friendship and the risks of passion, loyalty, and love. Home, as Mimi begins to realize, can be “a place where it’s just as easy to feel lost as it is to feel content.” Miller’s Valley is a masterly study of family, memory, loss, and, ultimately, discovery, of finding true identity and a new vision of home. As Mimi says, “No one ever leaves the town where they grew up, even if they go.” Miller’s Valley reminds us that the place where you grew up can disappear, and the people in it too, but all will live on in your heart forever. ...more",Fiction,58.54,2,8,0,bff270fe9c86a5a9,https://books.toscrape.com/catalogue/millers-valley_534/index.html,534,58.54,58.54,0.0,True,In stock (8 available),Two,Books,https://books.toscrape.com/media/cache/a8/b9/a8b940d9bf27d6aedad73f0230c14f56.jpg,Fiction,True
Mothering Sunday,"From the Booker Award winner: a luminous, profoundly moving work of fiction that begins with an afternoon tryst in 1924 between a servant girl and the young man of the neighboring house, but then opens to reveal the whole life of a remarkable woman.Twenty-two year old Jane Fairchild, orphaned at birth, has worked as a maid at one English country estate since she was sixtee From the Booker Award winner: a luminous, profoundly moving work of fiction that begins with an afternoon tryst in 1924 between a servant girl and the young man of the neighboring house, but then opens to reveal the whole life of a remarkable woman.Twenty-two year old Jane Fairchild, orphaned at birth, has worked as a maid at one English country estate since she was sixteen. And for almost all of those years she has been the secret lover to Paul Sheringham, the scion of the estate next door. On an unseasonably warm March afternoon, Jane and Paul will make love for the last time--though not, as Jane believes, because Paul is about to be married--and the events of the day will alter Jane's life forever. As the narrative moves back and forth from 1924 to the end of the century, what we know and understand about Jane--about the way she loves, thinks, feels, sees, remembers--deepens with every beautifully wrought moment. Her story is one of profound self-discovery and through her, Graham Swift has created an emotionally soaring and deeply affecting work of fiction. ...more",Fiction,13.34,2,11,0,47e1b2d43f709995,https://books.toscrape.com/catalogue/mothering-sunday_600/index.html,600,13.34,13.34,0.0,True,In stock (11 available),Two,Books,https://books.toscrape.com/media/cache/9b/1a/9b1a03d05c16c71050daefad8840ec91.jpg,Fiction,True
Mr. Mercedes (Bill Hodges Trilogy #1),"In the frigid pre-dawn hours, in a distressed Midwestern city, hundreds of desperate unemployed folks are lined up for a spot at a job fair. Without warning, a lone driver plows through the crowd in a stolen Mercedes, running over the innocent, backing up, and charging again. Eight people are killed; fifteen are wounded. The killer escapes.In another part of town, months l In the frigid pre-dawn hours, in a distressed Midwestern city, hundreds of desperate unemployed folks are lined up for a spot at a job fair. Without warning, a lone driver plows through the crowd in a stolen Mercedes, running over the innocent, backing up, and charging again. Eight people are killed; fifteen are wounded. The killer escapes.In another part of town, months later, a retired cop named Bill Hodges is still haunted by the unsolved crime. When he gets a crazed letter from someone who self-identifies as the ""perk"" and threatens an even more diabolical attack, Hodges wakes up from his depressed and vacant retirement, hell-bent on preventing another tragedy.Brady Hartfield lives with his alcoholic mother in the house where he was born. He loved the feel of death under the wheels of the Mercedes, and he wants that rush again.Only Bill Hodges, with a couple of highly unlikely allies, can apprehend the killer before he strikes again. And they have no time to lose, because Brady’s next mission, if it succeeds, will kill or maim thousands.Mr. Mercedes is a war between good and evil, from the master of suspense whose insight into the mind of this obsessed, insane killer is chilling and unforgettable. ...more",Fiction,28.9,1,14,0,caa2e5b3fb1b2d4c,https://books.toscrape.com/catalogue/mr-mercedes-bill-hodges-trilogy-1_717/index.html,717,28.9,28.9,0.0,True,In stock (14 available),One,Books,https://books.toscrape.com/media/cache/65/7f/657f9a3b7c0579c7fa499dddddd59422.jpg,Fiction,True
My Mrs. Brown,"From William Norwich, the well-known fashion writer and editor, an unforgettable novel about a woman with a secret who travels to New York City on a determined quest to buy a special dress that represents everything she wants to say about that secret…and herself.Sometimes a dress isn’t just a dress.Emilia Brown is a woman of a certain age. She has spent a frugal, useful, a From William Norwich, the well-known fashion writer and editor, an unforgettable novel about a woman with a secret who travels to New York City on a determined quest to buy a special dress that represents everything she wants to say about that secret…and herself.Sometimes a dress isn’t just a dress.Emilia Brown is a woman of a certain age. She has spent a frugal, useful, and wholly restrained life in Ashville, a small town in Rhode Island. Overlooked especially by the industries of fashion and media, Mrs. Brown is one of today’s silent generations of women whose quiet no-frills existences would make them seem invisible. She is a genteel woman who has known her share of personal sorrows and quietly carried on, who makes a modest living cleaning and running errands at the local beauty parlor, who delights in evening chats with her much younger neighbor, twenty-three-year-old Alice Danvers.When the grand dame of Ashville passes away, Mrs. Brown is called upon to inventory her estate and comes across a dress that changes everything. This isn’t a Cinderella confection; it’s a simple yet exquisitely tailored Oscar de la Renta sheath and jacket—a suit that Mrs. Brown realizes, with startling clarity, will say everything she has ever wished to convey. She must have it. And so Mrs. Brown begins her odyssey to purchase the dress. For not only is the owning of the Oscar de la Renta a must, the intimidating trip to purchase it on Madison Avenue is essential as well. If the dress is to give Mrs. Brown a voice, then she must prepare by making the daunting journey—both to the emerald city and within herself.Timeless, poignant, and appealing, My Mrs. Brown is a novel for every mother in the world, every woman who ever wanted the perfect dress, and every child who wanted to give it to her. ...more",Fiction,24.48,3,14,0,cc82685d9f49bc2c,https://books.toscrape.com/catalogue/my-mrs-brown_719/index.html,719,24.48,24.48,0.0,True,In stock (14 available),Three,Books,https://books.toscrape.com/media/cache/2d/a3/2da3464fa2010bebedfba9eca77e42be.jpg,Fiction,True
My Name Is Lucy Barton,"A new book by Pulitzer Prize winner Elizabeth Strout is cause for celebration. Her bestselling novels, including Olive Kitteridge and The Burgess Boys,have illuminated our most tender relationships. Now, in My Name Is Lucy Barton, this extraordinary writer shows how a simple hospital visit becomes a portal to the most tender relationship of all—the one between mother and d A new book by Pulitzer Prize winner Elizabeth Strout is cause for celebration. Her bestselling novels, including Olive Kitteridge and The Burgess Boys, have illuminated our most tender relationships. Now, in My Name Is Lucy Barton, this extraordinary writer shows how a simple hospital visit becomes a portal to the most tender relationship of all—the one between mother and daughter. Lucy Barton is recovering slowly from what should have been a simple operation. Her mother, to whom she hasn’t spoken for many years, comes to see her. Gentle gossip about people from Lucy’s childhood in Amgash, Illinois, seems to reconnect them, but just below the surface lie the tension and longing that have informed every aspect of Lucy’s life: her escape from her troubled family, her desire to become a writer, her marriage, her love for her two daughters. Knitting this powerful narrative together is the brilliant storytelling voice of Lucy herself: keenly observant, deeply human, and truly unforgettable. ...more",Fiction,41.56,1,14,0,727bf2b86b19ad88,https://books.toscrape.com/catalogue/my-name-is-lucy-barton_720/index.html,720,41.56,41.56,0.0,True,In stock (14 available),One,Books,https://books.toscrape.com/media/cache/28/db/28db43984c765a1d02fd3495f5c52eb6.jpg,Fiction,True
Private Paris (Private #10),"Paris is burning--and only Private's Jack Morgan can put out the fire.When Jack Morgan stops by Private's Paris office, he envisions a quick hello during an otherwise relaxing trip filled with fine food and sightseeing. But Jack is quickly pressed into duty after a call from his client Sherman Wilkerson, asking Jack to track down his young granddaughter who is on the run f Paris is burning--and only Private's Jack Morgan can put out the fire.When Jack Morgan stops by Private's Paris office, he envisions a quick hello during an otherwise relaxing trip filled with fine food and sightseeing. But Jack is quickly pressed into duty after a call from his client Sherman Wilkerson, asking Jack to track down his young granddaughter who is on the run from a brutal drug dealer.Before Jack can locate her, several members of France's cultural elite are found dead--murdered in stunning, symbolic fashion. The only link between the crimes is a mysterious graffiti tag. As religious and ethnic tensions simmer in the City of Lights, only Jack and his Private team can connect the dots before the smoldering powder keg explodes. ...more",Fiction,47.61,5,17,0,b12b89017878a60d,https://books.toscrape.com/catalogue/private-paris-private-10_958/index.html,958,47.61,47.61,0.0,True,In stock (17 available),Five,Books,https://books.toscrape.com/media/cache/05/87/0587ab519222a61f803fa4570c325ad2.jpg,Fiction,True
Shtum,"Powerful, darkly funny and heart-breaking, Shtum is a story about fathers and sons, autism, and dysfunctional relationships.Ben Jewell has hit breaking point. His ten-year-old son Jonah has severe autism and Ben and his wife, Emma, are struggling to cope.When Ben and Emma fake a separation - a strategic decision to further Jonah's case in an upcoming tribunal - Ben and Jon Powerful, darkly funny and heart-breaking, Shtum is a story about fathers and sons, autism, and dysfunctional relationships.Ben Jewell has hit breaking point. His ten-year-old son Jonah has severe autism and Ben and his wife, Emma, are struggling to cope.When Ben and Emma fake a separation - a strategic decision to further Jonah's case in an upcoming tribunal - Ben and Jonah move in with Georg, Ben's elderly father. In a small house in North London, three generations of men - one who can't talk; two who won't - are thrown together.A powerful, emotional, but above all enjoyable read, perfect for fans of THE SHOCK OF THE FALL and THE CURIOUS INCIDENT OF THE DOG IN THE NIGHT-TIME. ...more",Fiction,55.84,4,14,0,830fb3967c74866d,https://books.toscrape.com/catalogue/shtum_733/index.html,733,55.84,55.84,0.0,True,In stock (14 available),Four,Books,https://books.toscrape.com/media/cache/63/62/63623a0b014b1f26e49aa61786e6e708.jpg,Fiction,True
Siddhartha,"In the novel, Siddhartha, a young man, leaves his family for a contemplative life, then, restless, discards it for one of the flesh. He conceives a son, but bored and sickened by lust and greed, moves on again. Near despair, Siddhartha comes to a river where he hears a unique sound. This sound signals the true beginning of his life—the beginning of suffering, rejection, pe In the novel, Siddhartha, a young man, leaves his family for a contemplative life, then, restless, discards it for one of the flesh. He conceives a son, but bored and sickened by lust and greed, moves on again. Near despair, Siddhartha comes to a river where he hears a unique sound. This sound signals the true beginning of his life—the beginning of suffering, rejection, peace, and, finally, wisdom. ...more",Fiction,34.22,5,5,0,84bb29c53592ac40,https://books.toscrape.com/catalogue/siddhartha_393/index.html,393,34.22,34.22,0.0,True,In stock (5 available),Five,Books,https://books.toscrape.com/media/cache/6b/5f/6b5fba0f415741ab61c0cf24d11933ab.jpg,Fiction,True
Sister Dear,"All Allie Marshall wants is a fresh start. But when dark secrets refuse to stay buried, will her chance at a new life be shattered forever?Convicted of a crime she didn’t commit, Allie watched a decade of her life vanish – time that can never be recovered. Now, out on parole, Allie is determined to clear her name, rebuild her life, and reconnect with the daughter she barel All Allie Marshall wants is a fresh start. But when dark secrets refuse to stay buried, will her chance at a new life be shattered forever?Convicted of a crime she didn’t commit, Allie watched a decade of her life vanish – time that can never be recovered. Now, out on parole, Allie is determined to clear her name, rebuild her life, and reconnect with the daughter she barely knows.But Allie’s return home shatters the quaint, coastal community of Brunswick, Georgia. Even her own daughter Caroline, now a teenager, bristles at Allie’s claims of innocence. Refusing defeat, a stronger, smarter Allie launches a battle for the truth, digging deeply into the past even if it threatens her parole status, personal safety, and the already-fragile bond with family.As her commitment to finding the truth intensifies, what Allie ultimately uncovers is far worse than she imagined. Her own sister has been hiding a dark secret—one that holds the key to Allie’s freedom. ...more",Fiction,40.2,4,7,0,7ffebdd1d5148aef,https://books.toscrape.com/catalogue/sister-dear_485/index.html,485,40.2,40.2,0.0,True,In stock (7 available),Four,Books,https://books.toscrape.com/media/cache/2a/0a/2a0a1543dd5f3edc407ab9989f29e992.jpg,Fiction,True
Soumission,"Dans une France assez proche de la nôtre, un homme s’engage dans la carrière universitaire. Peu motivé par l’enseignement, il s’attend à une vie ennuyeuse mais calme, protégée des grands drames historiques. Cependant les forces en jeu dans le pays ont fissuré le système politique jusqu’à provoquer son effondrement. Cette implosion sans soubresauts, sans vraie révolution, s Dans une France assez proche de la nôtre, un homme s’engage dans la carrière universitaire. Peu motivé par l’enseignement, il s’attend à une vie ennuyeuse mais calme, protégée des grands drames historiques. Cependant les forces en jeu dans le pays ont fissuré le système politique jusqu’à provoquer son effondrement. Cette implosion sans soubresauts, sans vraie révolution, se développe comme un mauvais rêve.Le talent de l’auteur, sa force visionnaire nous entraînent sur un terrain ambigu et glissant ; son regard sur notre civilisation vieillissante fait coexister dans ce roman les intuitions poétiques, les effets comiques, une mélancolie fataliste.Ce livre est une saisissante fable politique et morale. ...more",Fiction,50.1,1,20,0,6957f44c3847a760,https://books.toscrape.com/catalogue/soumission_998/index.html,998,50.1,50.1,0.0,True,In stock (20 available),One,Books,https://books.toscrape.com/media/cache/ee/cf/eecfe998905e455df12064dba399c075.jpg,Fiction,True
Still Life with Bread Crumbs,"A superb love story from Anna Quindlen, the #1 New York Times bestselling author of Rise and Shine, Blessings, and A Short Guide to a Happy Life Still Life with Bread Crumbs begins with an imagined gunshot and ends with a new tin roof. Between the two is a wry and knowing portrait of Rebecca Winter, a photographer whose work made her an unlikely heroine for many women. Her A superb love story from Anna Quindlen, the #1 New York Times bestselling author of Rise and Shine, Blessings, and A Short Guide to a Happy Life Still Life with Bread Crumbs begins with an imagined gunshot and ends with a new tin roof. Between the two is a wry and knowing portrait of Rebecca Winter, a photographer whose work made her an unlikely heroine for many women. Her career is now descendent, her bank balance shaky, and she has fled the city for the middle of nowhere. There she discovers, in a tree stand with a roofer named Jim Bates, that what she sees through a camera lens is not all there is to life. Brilliantly written, powerfully observed, Still Life with Bread Crumbs is a deeply moving and often very funny story of unexpected love, and a stunningly crafted journey into the life of a woman, her heart, her mind, her days, as she discovers that life is a story with many levels, a story that is longer and more exciting than she ever imagined. ...more",Fiction,26.41,3,14,0,fe44cc816576c652,https://books.toscrape.com/catalogue/still-life-with-bread-crumbs_738/index.html,738,26.41,26.41,0.0,True,In stock (14 available),Three,Books,https://books.toscrape.com/media/cache/a3/eb/a3ebe1ca5df0d3ff3e3d2b8fb8b2a551.jpg,Fiction,True
Take Me with You,"August Shroeder, a burned-out teacher, has been sober since his 19-year-old son died. Every year he's spent the summer on the road, but making it to Yellowstone this year means everything. The plan had been to travel there with his son, but now August is making the trip with Philip's ashes instead. An unexpected twist of fate lands August with two extra passengers for his August Shroeder, a burned-out teacher, has been sober since his 19-year-old son died. Every year he's spent the summer on the road, but making it to Yellowstone this year means everything. The plan had been to travel there with his son, but now August is making the trip with Philip's ashes instead. An unexpected twist of fate lands August with two extra passengers for his journey, two half-orphans with nowhere else to go.What none of them could have known was how transformative both the trip and the bonds that develop between them would prove, driving each to create a new destiny together. ...more",Fiction,45.21,3,14,0,2c04320e110a14a3,https://books.toscrape.com/catalogue/take-me-with-you_741/index.html,741,45.21,45.21,0.0,True,In stock (14 available),Three,Books,https://books.toscrape.com/media/cache/bd/ad/bdad8933d15df7d7c6f3a16a9315048b.jpg,Fiction,True
The Art of Fielding,"At Westish College, a small school on the shore of Lake Michigan, baseball star Henry Skrimshander seems destined for big league stardom. But when a routine throw goes disastrously off course, the fates of five people are upended.Henry’s fight against self-doubt threatens to ruin his future. College president Guert Affenlight, a longtime bachelor, has fallen unexpectedly a At Westish College, a small school on the shore of Lake Michigan, baseball star Henry Skrimshander seems destined for big league stardom. But when a routine throw goes disastrously off course, the fates of five people are upended.Henry’s fight against self-doubt threatens to ruin his future. College president Guert Affenlight, a longtime bachelor, has fallen unexpectedly and helplessly in love. Owen Dunne, Henry’s gay roommate and teammate, becomes caught up in a dangerous affair. Mike Schwartz, the Harpooners’ team captain and Henry's best friend, realizes he has guided Henry’s career at the expense of his own. And Pella Affenlight, Guert’s daughter, returns to Westish after escaping an ill-fated marriage, determined to start a new life.As the season counts down to its climactic final game, these five are forced to confront their deepest hopes, anxieties, and secrets. In the process they forge new bonds, and help one another find their true paths. Written with boundless intelligence and filled with the tenderness of youth, The Art of Fielding is an expansive, warmhearted novel about ambition and its limits, about family and friendship and love, and about commitment—to oneself and to others. ...more",Fiction,22.1,1,3,0,2858ac90c4758e1f,https://books.toscrape.com/catalogue/the-art-of-fielding_228/index.html,228,22.1,22.1,0.0,True,In stock (3 available),One,Books,https://books.toscrape.com/media/cache/8a/fe/8afee4ecfc952010bcb70f72e4728d16.jpg,Fiction,True
The Bette Davis Club,"The morning of her niece’s wedding, Margo Just drinks a double martini and contemplates the many mistakes she’s made in her fifty-odd years of life. Spending three decades in love with a wonderful but unattainable man is pretty high up on her list of missteps, as is a long line of unsuccessful love affairs accompanied by a seemingly endless supply of delicious cocktails.Wh The morning of her niece’s wedding, Margo Just drinks a double martini and contemplates the many mistakes she’s made in her fifty-odd years of life. Spending three decades in love with a wonderful but unattainable man is pretty high up on her list of missteps, as is a long line of unsuccessful love affairs accompanied by a seemingly endless supply of delicious cocktails.When the young bride flees—taking with her a family heirloom and leaving behind six hundred bewildered guests—her mother offers Margo fifty grand to retrieve her spoiled brat of a daughter and the invaluable property she stole. So, together with the bride’s jilted and justifiably crabby fiancé, Margo sets out in a borrowed 1955 red MG on a cross-country chase. Along the way, none of what she discovers will be quite what she expected. But it might be exactly what she’s been seeking all along.From acclaimed humor writer Jane Lotter comes this madcap, laugh-out-loud adventure, The Bette Davis Club. Revised edition: This edition of The Bette Davis Club includes editorial revisions. ...more",Fiction,30.66,3,1,0,dfb0849016bc122c,https://books.toscrape.com/catalogue/the-bette-davis-club_59/index.html,59,30.66,30.66,0.0,True,In stock (1 available),Three,Books,https://books.toscrape.com/media/cache/fb/6c/fb6c914f1da870442031095c85f4cf80.jpg,Fiction,True
The Bourne Identity (Jason Bourne #1),"Who is Jason Bourne? Is he an assassin, a terrorist, a thief? Why has he got four million dollars in a Swiss bank account? Why has someone tried to murder him?...Jason Bourne does not know the answer to any of these questions. Suffering from amnesia, he does not even know that he is Jason Bourne. What manner of man is he? What are his secrets? Who has he killed?",Fiction,42.78,4,7,0,d250657f0ebc5d73,https://books.toscrape.com/catalogue/the-bourne-identity-jason-bourne-1_492/index.html,492,42.78,42.78,0.0,True,In stock (7 available),Four,Books,https://books.toscrape.com/media/cache/fe/a4/fea443d174c2c9f0c7903f6c6a3ecc62.jpg,Fiction,True
The Course of Love,"The long-awaited and beguiling second novel from Alain de Botton that tracks the beautifully complicated arc of a romantic partnership, from the internationally bestselling author of On Love and How Proust Can Change Your Life.We all know the headiness and excitement of the early days of love. But what comes after? In Edinburgh, a couple, Rabih and Kirsten, fall in love. T The long-awaited and beguiling second novel from Alain de Botton that tracks the beautifully complicated arc of a romantic partnership, from the internationally bestselling author of On Love and How Proust Can Change Your Life.We all know the headiness and excitement of the early days of love. But what comes after? In Edinburgh, a couple, Rabih and Kirsten, fall in love. They get married, they have children—but no long-term relationship is as simple as “happily ever after.” The Course of Love is a novel that explores what happens after the birth of love, what it takes to maintain love, and what happens to our original ideals under the pressures of an average existence. You experience, along with Rabih and Kirsten, the first flush of infatuation, the effortlessness of falling into romantic love, and the course of life thereafter. Interwoven with their story and its challenges is an overlay of philosophy—an annotation and a guide to what we are reading.This is a Romantic novel in the true sense, one interested in exploring how love can survive and thrive in the long term. The result is a sensory experience—fictional, philosophical, psychological—that urges us to identify deeply with these characters, and to reflect on his and her own experiences in love. Fresh, visceral, and utterly compelling, The Course of Love is a provocative and life-affirming novel for everyone who believes in love. ...more",Fiction,16.78,3,2,0,f3c76b53b239f511,https://books.toscrape.com/catalogue/the-course-of-love_109/index.html,109,16.78,16.78,0.0,True,In stock (2 available),Three,Books,https://books.toscrape.com/media/cache/c9/b9/c9b9ce0ea36cc737d1693ac89c5d0361.jpg,Fiction,True
The Da Vinci Code (Robert Langdon #2),"An ingenious code hidden in the works of Leonardo da Vinci. A desperate race through the cathedrals and castles of Europe. An astonishing truth concealed for centuries . . . unveiled at last.While in Paris, Harvard symbologist Robert Langdon is awakened by a phone call in the dead of the night. The elderly curator of the Louvre has been murdered inside the museum, his body An ingenious code hidden in the works of Leonardo da Vinci. A desperate race through the cathedrals and castles of Europe. An astonishing truth concealed for centuries . . . unveiled at last.While in Paris, Harvard symbologist Robert Langdon is awakened by a phone call in the dead of the night. The elderly curator of the Louvre has been murdered inside the museum, his body covered in baffling symbols. As Langdon and gifted French cryptologist Sophie Neveu sort through the bizarre riddles, they are stunned to discover a trail of clues hidden in the works of Leonardo da Vinci—clues visible for all to see and yet ingeniously disguised by the painter.Even more startling, the late curator was involved in the Priory of Sion—a secret society whose members included Sir Isaac Newton, Victor Hugo, and Da Vinci—and he guarded a breathtaking historical secret. Unless Langdon and Neveu can decipher the labyrinthine puzzle—while avoiding the faceless adversary who shadows their every move—the explosive, ancient truth will be lost forever. ...more",Fiction,22.96,2,3,0,dabf11918b48b40c,https://books.toscrape.com/catalogue/the-da-vinci-code-robert-langdon-2_240/index.html,240,22.96,22.96,0.0,True,In stock (3 available),Two,Books,https://books.toscrape.com/media/cache/90/81/90810ccd85e7f49b9040246800a19b44.jpg,Fiction,True
The Dinner Party,"This Passover Seder is not just any Passover Seder. Yes, there will be a quick service and then a festive meal afterwards, but this night is different from all other nights. This will be the night the Golds of Greenwich meet the Rothschilds of New York City.The Rothschilds are the stuff of legends. They control banks, own vineyards in Napa, diamond mines in Africa, and eve This Passover Seder is not just any Passover Seder. Yes, there will be a quick service and then a festive meal afterwards, but this night is different from all other nights. This will be the night the Golds of Greenwich meet the Rothschilds of New York City.The Rothschilds are the stuff of legends. They control banks, own vineyards in Napa, diamond mines in Africa, and even an organic farm somewhere in the Midwest that produces the most popular Romaine lettuce consumed in this country. And now, Sylvia Gold's daughter is dating one of them.When Sylvia finds out that her youngest of three is going to bring her new boyfriend to the Seder, she's giddy. When she finds out that his parents are coming, too, she darn near faints. Making a good impression is all she thinks about. Well, almost. She still has to consider her other daughter, Sarah, who'll be coming with her less than appropriate beau and his overly dramatic Italian mother. But the drama won't stop there. Because despite the food and the wine, despite the new linen and the fresh flowers, the holidays are about family. Long forgotten memories come to the surface. Old grievances play out. And Sylvia Gold has to learn how to let her family go. ...more",Fiction,56.54,2,12,0,c6ca293d4810e0d5,https://books.toscrape.com/catalogue/the-dinner-party_635/index.html,635,56.54,56.54,0.0,True,In stock (12 available),Two,Books,https://books.toscrape.com/media/cache/a5/ad/a5ad88ff798c629eb24b19188c1ea902.jpg,Fiction,True
The Expatriates,"“A female, funny Henry James in Asia, Janice Y. K. Lee is vividly good on the subject of Americans abroad.” —The New York Times Book Review“Sex and the City meets Lost in Translation.” —The SkimmJanice Y. K. Lee’s New York Times bestselling debut, The Piano Teacher, was called “immensely satisfying” by People, “intensely readable” by O, The Oprah Magazine, and “a rare and “A female, funny Henry James in Asia, Janice Y. K. Lee is vividly good on the subject of Americans abroad.” —The New York Times Book Review“Sex and the City meets Lost in Translation.” —The SkimmJanice Y. K. Lee’s New York Times bestselling debut, The Piano Teacher, was called “immensely satisfying” by People, “intensely readable” by O, The Oprah Magazine, and “a rare and exquisite story” by Elizabeth Gilbert. Now, in her long-awaited new novel, Lee explores with devastating poignancy the emotions, identities, and relationships of three very different American women living in the same small expat community in Hong Kong.Mercy, a young Korean American and recent Columbia graduate, is adrift, undone by a terrible incident in her recent past. Hilary, a wealthy housewife, is haunted by her struggle to have a child, something she believes could save her foundering marriage. Meanwhile, Margaret, once a happily married mother of three, questions her maternal identity in the wake of a shattering loss. As each woman struggles with her own demons, their lives collide in ways that have irreversible consequences for them all. Atmospheric, moving, and utterly compelling, The Expatriates confirms Lee as an exceptional talent and one of our keenest observers of women’s inner lives. ...more",Fiction,44.58,2,5,0,fe7210553d56c097,https://books.toscrape.com/catalogue/the-expatriates_401/index.html,401,44.58,44.58,0.0,True,In stock (5 available),Two,Books,https://books.toscrape.com/media/cache/4a/96/4a96cd8c43ea6c74d5b8d9ce1d47c187.jpg,Fiction,True
The Firm,"When Mitch McDeere signed on with Bendini, Lambert & Locke of Memphis, he thought that he and his beautiful wife, Abby, were on their way. The firm leased him a BMW, paid off his school loans, arranged a mortgage, and hired the McDeeres a decorator. Mitch should have remembered what his brother Ray–doing fifteen years in a Tennessee jail–already knew: You never get not When Mitch McDeere signed on with Bendini, Lambert & Locke of Memphis, he thought that he and his beautiful wife, Abby, were on their way. The firm leased him a BMW, paid off his school loans, arranged a mortgage, and hired the McDeeres a decorator. Mitch should have remembered what his brother Ray–doing fifteen years in a Tennessee jail–already knew: You never get nothing for nothing. Now the FBI has the lowdown on Mitch’s firm and needs his help. Mitch is caught between a rock and a hard place, with no choice–if he wants to live. ...more",Fiction,45.56,3,5,0,ad84f18659e6bfe2,https://books.toscrape.com/catalogue/the-firm_404/index.html,404,45.56,45.56,0.0,True,In stock (5 available),Three,Books,https://books.toscrape.com/media/cache/30/64/3064d8c687f770efea3fabeac0cd2d6f.jpg,Fiction,True
The First Hostage (J.B. Collins #2),"“The president of the United States . . . is missing.”With these words, New York Times journalist J. B. Collins, reporting from the scene of a devastating attack by ISIS terrorists in Amman, Jordan, puts the entire world on high alert. The leaders of Israel and Palestine are critically injured, Jordan’s king is fighting for his life, and the U.S. president is missing and p “The president of the United States . . . is missing.”With these words, New York Times journalist J. B. Collins, reporting from the scene of a devastating attack by ISIS terrorists in Amman, Jordan, puts the entire world on high alert. The leaders of Israel and Palestine are critically injured, Jordan’s king is fighting for his life, and the U.S. president is missing and presumed captured.As the U.S. government faces a constitutional crisis and Jordan battles for its very existence, Collins must do his best to keep the world informed while working to convince the FBI that his stories are not responsible for the terror attack on the Jordanian capital. And ISIS still has chemical weapons . . .Struggling to clear his name, Collins and the Secret Service try frantically to locate and rescue the leader of the free world before ISIS’s threats become a catastrophic reality. ...more",Fiction,25.85,3,14,0,a86972014275e072,https://books.toscrape.com/catalogue/the-first-hostage-jb-collins-2_749/index.html,749,25.85,25.85,0.0,True,In stock (14 available),Three,Books,https://books.toscrape.com/media/cache/81/3e/813e1d11126330de52d9368e78d116cc.jpg,Fiction,True
The High Mountains of Portugal,"In Lisbon in 1904, a young man named Tomás discovers an old journal. It hints at the existence of an extraordinary artifact that—if he can find it—would redefine history. Traveling in one of Europe’s earliest automobiles, he sets out in search of this strange treasure.Thirty-five years later, a Portuguese pathologist devoted to the murder mysteries of Agatha Christie finds In Lisbon in 1904, a young man named Tomás discovers an old journal. It hints at the existence of an extraordinary artifact that—if he can find it—would redefine history. Traveling in one of Europe’s earliest automobiles, he sets out in search of this strange treasure.Thirty-five years later, a Portuguese pathologist devoted to the murder mysteries of Agatha Christie finds himself at the center of a mystery of his own and drawn into the consequences of Tomás’s quest.Fifty years on, a Canadian senator takes refuge in his ancestral village in northern Portugal, grieving the loss of his beloved wife. But he arrives with an unusual companion: a chimpanzee. And there the century-old quest will come to an unexpected conclusion.The High Mountains of Portugal—part quest, part ghost story, part contemporary fable—offers a haunting exploration of great love and great loss. Filled with tenderness, humor, and endless surprise, it takes the reader on a road trip through Portugal in the last century—and through the human soul. ...more",Fiction,51.15,1,8,0,4f283dfcbeccc0d4,https://books.toscrape.com/catalogue/the-high-mountains-of-portugal_547/index.html,547,51.15,51.15,0.0,True,In stock (8 available),One,Books,https://books.toscrape.com/media/cache/f3/28/f3285723c344576168d60806d266979a.jpg,Fiction,True
The Husband's Secret,"At the heart of The Husband’s Secret is a letter that’s not meant to be readMy darling Cecilia, if you’re reading this, then I’ve died...Imagine that your husband wrote you a letter, to be opened after his death. Imagine, too, that the letter contains his deepest, darkest secret—something with the potential to destroy not just the life you built together, but the lives of At the heart of The Husband’s Secret is a letter that’s not meant to be readMy darling Cecilia, if you’re reading this, then I’ve died...Imagine that your husband wrote you a letter, to be opened after his death. Imagine, too, that the letter contains his deepest, darkest secret—something with the potential to destroy not just the life you built together, but the lives of others as well. Imagine, then, that you stumble across that letter while your husband is still very much alive. . . .Cecilia Fitzpatrick has achieved it all—she’s an incredibly successful businesswoman, a pillar of her small community, and a devoted wife and mother. Her life is as orderly and spotless as her home. But that letter is about to change everything, and not just for her: Rachel and Tess barely know Cecilia—or each other—but they too are about to feel the earth-shattering repercussions of her husband’s secret.Acclaimed author Liane Moriarty has written a gripping, thought-provoking novel about how well it is really possible to know our spouses—and, ultimately, ourselves. ...more",Fiction,52.51,5,3,0,ff6bb30dd0c482a6,https://books.toscrape.com/catalogue/the-husbands-secret_256/index.html,256,52.51,52.51,0.0,True,In stock (3 available),Five,Books,https://books.toscrape.com/media/cache/95/27/9527e680e56bb3f8d9bf4e8882a3b723.jpg,Fiction,True
The Improbability of Love,"A dazzling, witty and tenderly savage satire of London life and the art world that is also a surprising and wonderful love story.When lovelorn Annie McDee stumbles across a dirty painting in a junk shop while looking for a present for an unsuitable man, she has no idea what she has discovered. Soon she finds herself drawn unwillingly into the tumultuous London art world, p A dazzling, witty and tenderly savage satire of London life and the art world that is also a surprising and wonderful love story.When lovelorn Annie McDee stumbles across a dirty painting in a junk shop while looking for a present for an unsuitable man, she has no idea what she has discovered. Soon she finds herself drawn unwillingly into the tumultuous London art world, populated by exiled Russian oligarchs, avaricious Sheikas, desperate auctioneers and unscrupulous dealers, all scheming to get their hands on her painting - a lost eighteenth-century masterpiece called ‘The Improbability of Love’. Delving into the painting’s past, Annie will uncover not just an illustrious list of former owners, but some of the darkest secrets of European history – and in doing so she might just learn to open up to the possibility of falling in love again. ...more",Fiction,59.45,1,11,0,437d8dea9272d0a9,https://books.toscrape.com/catalogue/the-improbability-of-love_607/index.html,607,59.45,59.45,0.0,True,In stock (11 available),One,Books,https://books.toscrape.com/media/cache/7c/c3/7cc38fa8812d931bf38b10b7d91b4266.jpg,Fiction,True
The Infinities,"On a languid midsummer’s day in the countryside, old Adam Godley, a renowned theoretical mathematician, is dying. His family gathers at his bedside: his son, young Adam, struggling to maintain his marriage to a radiantly beautiful actress; his nineteen-year-old daughter, Petra, filled with voices and visions as she waits for the inevitable; their mother, Ursula, whose rela On a languid midsummer’s day in the countryside, old Adam Godley, a renowned theoretical mathematician, is dying. His family gathers at his bedside: his son, young Adam, struggling to maintain his marriage to a radiantly beautiful actress; his nineteen-year-old daughter, Petra, filled with voices and visions as she waits for the inevitable; their mother, Ursula, whose relations with the Godley children are strained at best; and Petra’s “young man”—very likely more interested in the father than the daughter—who has arrived for a superbly ill-timed visit.But the Godley family is not alone in their vigil. Around them hovers a family of mischievous immortals—among them, Zeus, who has his eye on young Adam’s wife; Pan, who has taken the doughy, perspiring form of an old unwelcome acquaintance; and Hermes, who is the genial and omniscient narrator: “We too are petty and vindictive,” he tells us, “just like you, when we are put to it.” As old Adam’s days on earth run down, these unearthly beings start to stir up trouble, to sometimes wildly unintended effect. . . . Blissfully inventive and playful, rich in psychological insight and sensual detail, The Infinities is at once a gloriously earthy romp and a wise look at the terrible, wonderful plight of being human—a dazzling novel from one of the most widely admired and acclaimed writers at work today. ...more",Fiction,27.41,1,3,0,554e9e2d532b3a87,https://books.toscrape.com/catalogue/the-infinities_257/index.html,257,27.41,27.41,0.0,True,In stock (3 available),One,Books,https://books.toscrape.com/media/cache/c8/9e/c89ec72cf70f8d37e049223b90708a5a.jpg,Fiction,True
The Little Paris Bookshop,"“There are books that are suitable for a million people, others for only a hundred. There are even remedies—I mean books—that were written for one person only…A book is both medic and medicine at once. It makes a diagnosis as well as offering therapy. Putting the right novels to the appropriate ailments: that’s how I sell books.”Monsieur Perdu calls himself a literary apot “There are books that are suitable for a million people, others for only a hundred. There are even remedies—I mean books—that were written for one person only…A book is both medic and medicine at once. It makes a diagnosis as well as offering therapy. Putting the right novels to the appropriate ailments: that’s how I sell books.”Monsieur Perdu calls himself a literary apothecary. From his floating bookstore in a barge on the Seine, he prescribes novels for the hardships of life. Using his intuitive feel for the exact book a reader needs, Perdu mends broken hearts and souls. The only person he can't seem to heal through literature is himself; he's still haunted by heartbreak after his great love disappeared. She left him with only a letter, which he has never opened.After Perdu is finally tempted to read the letter, he hauls anchor and departs on a mission to the south of France, hoping to make peace with his loss and discover the end of the story. Joined by a bestselling but blocked author and a lovelorn Italian chef, Perdu travels along the country’s rivers, dispensing his wisdom and his books, showing that the literary world can take the human soul on a journey to heal itself.Internationally bestselling and filled with warmth and adventure, The Little Paris Bookshop is a love letter to books, meant for anyone who believes in the power of stories to shape people's lives. ...more",Fiction,24.73,3,5,0,dfd9ff1f343cdaff,https://books.toscrape.com/catalogue/the-little-paris-bookshop_407/index.html,407,24.73,24.73,0.0,True,In stock (5 available),Three,Books,https://books.toscrape.com/media/cache/ed/25/ed2540d08b66683313ffee9241bfd926.jpg,Fiction,True
The Murder That Never Was (Forensic Instincts #5),"Given the opportunity, would you assume someone else's identity and leave your old life behind? A serendipitous crossing of paths between Lisa Barnes, a down-on-her-luck job seeker, and Julie Forman, a personal trainer to an Olympic hopeful, forever changes the course of both women's lives. One winds up dead and the other finds herself a fugitive, hiding behind one lie aft Given the opportunity, would you assume someone else's identity and leave your old life behind? A serendipitous crossing of paths between Lisa Barnes, a down-on-her-luck job seeker, and Julie Forman, a personal trainer to an Olympic hopeful, forever changes the course of both women's lives. One winds up dead and the other finds herself a fugitive, hiding behind one lie after another as a cold-blooded killer methodically hunts her. Desperately trying to stay alive, the terrified woman enlists the help of Forensic Instincts, a rogue investigative team that clandestinely operates in the gray area between legal and illegal. Safeguarding their client's deception, Forensic Instincts digs into dangerous territory as they try to find out who's after their client and why. Meanwhile, bodies are piling up in Chicago, New Jersey, and Vermont as a megalomaniacal genius will stop at nothing to eradicate anyone who threatens the success of his medical breakthrough. With an unhinged client and a monstrous criminal enterprise as its adversary, Forensic Instincts is forced into uncharted territory to protect their client and save one of their own from becoming the next corpse. Forensic Instincts is an unorthodox, criminal investigative team that carefully navigates the fine line between legal and illegal. The team consists of a behaviorist, a former Navy SEAL, a techo-wiz, an intuitive, a pickpocket, a retired FBI agent, and a human scent evidence dog."" ...more",Fiction,54.11,3,16,0,d01ac97e2b8947c2,https://books.toscrape.com/catalogue/the-murder-that-never-was-forensic-instincts-5_939/index.html,939,54.11,54.11,0.0,True,In stock (16 available),Three,Books,https://books.toscrape.com/media/cache/29/e0/29e036acd8a6e3daa787ce2bc05bdbbb.jpg,Fiction,True
The Nightingale,"In love we find out who we want to be.In war we find out who we are.FRANCE, 1939In the quiet village of Carriveau, Vianne Mauriac says goodbye to her husband, Antoine, as he heads for the Front. She doesn’t believe that the Nazis will invade France...but invade they do, in droves of marching soldiers, in caravans of trucks and tanks, in planes that fill the skies and drop In love we find out who we want to be.In war we find out who we are.FRANCE, 1939In the quiet village of Carriveau, Vianne Mauriac says goodbye to her husband, Antoine, as he heads for the Front. She doesn’t believe that the Nazis will invade France...but invade they do, in droves of marching soldiers, in caravans of trucks and tanks, in planes that fill the skies and drop bombs upon the innocent. When France is overrun, Vianne is forced to take an enemy into her house, and suddenly her every move is watched; her life and her child’s life is at constant risk. Without food or money or hope, as danger escalates around her, she must make one terrible choice after another. Vianne’s sister, Isabelle, is a rebellious eighteen-year-old girl, searching for purpose with all the reckless passion of youth. While thousands of Parisians march into the unknown terrors of war, she meets the compelling and mysterious Gäetan, a partisan who believes the French can fight the Nazis from within France, and she falls in love as only the young can...completely. When he betrays her, Isabelle races headlong into danger and joins the Resistance, never looking back or giving a thought to the real--and deadly--consequences.With courage, grace and powerful insight, bestselling author Kristin Hannah takes her talented pen to the epic panorama of WWII and illuminates an intimate part of history seldom seen: the women’s war. The Nightingale tells the stories of two sisters, separated by years and experience, by ideals, passion and circumstance, each embarking on her own dangerous path toward survival, love, and freedom in German-occupied, war-torn France--a heartbreakingly beautiful novel that celebrates the resilience of the human spirit and the durability of women. It is a novel for everyone, a novel for a lifetime. ...more",Fiction,26.26,4,3,0,29d6d87f3418638b,https://books.toscrape.com/catalogue/the-nightingale_267/index.html,267,26.26,26.26,0.0,True,In stock (3 available),Four,Books,https://books.toscrape.com/media/cache/c6/ac/c6ac29eaf9e7de9de175d014d2132428.jpg,Fiction,True
The Regional Office Is Under Attack!,"In a world beset by amassing forces of darkness, one organization—the Regional Office—and its coterie of super-powered female assassins protects the globe from annihilation. At its helm, the mysterious Oyemi and her oracles seek out new recruits and root out evil plots. Then a prophecy suggests that someone from inside might bring about its downfall. And now, the Regional In a world beset by amassing forces of darkness, one organization—the Regional Office—and its coterie of super-powered female assassins protects the globe from annihilation. At its helm, the mysterious Oyemi and her oracles seek out new recruits and root out evil plots. Then a prophecy suggests that someone from inside might bring about its downfall. And now, the Regional Office is under attack. Recruited by a defector from within, Rose is a young assassin leading the attack, eager to stretch into her powers and prove herself on her first mission. Defending the Regional Office is Sarah—who may or may not have a mechanical arm—fiercely devoted to the organization that took her in as a young woman in the wake of her mother’s sudden disappearance. On the day that the Regional Office is attacked, Rose’s and Sarah’s stories will overlap, their lives will collide, and the world as they know it just might end. ...more",Fiction,51.36,5,15,0,0651062381f0636a,https://books.toscrape.com/catalogue/the-regional-office-is-under-attack_858/index.html,858,51.36,51.36,0.0,True,In stock (15 available),Five,Books,https://books.toscrape.com/media/cache/d4/73/d473f01f077b91ce04e345305a3fa217.jpg,Fiction,True
The Shack,"Mackenzie Allen Philips' youngest daughter, Missy, has been abducted during a family vacation, and evidence that she may have been brutally murdered is found in an abandoned shack deep in the Oregon wilderness. Four years later in the midst of his ""Great Sadness,"" Mack receives a suspicious note, apparently from God, inviting him back to that shack for a weekend.Against hi Mackenzie Allen Philips' youngest daughter, Missy, has been abducted during a family vacation, and evidence that she may have been brutally murdered is found in an abandoned shack deep in the Oregon wilderness. Four years later in the midst of his ""Great Sadness,"" Mack receives a suspicious note, apparently from God, inviting him back to that shack for a weekend.Against his better judgment he arrives at the shack on a wintry afternoon and walks back into his darkest nightmare. What he finds there will change Mack's world forever.In a world where religion seems to grow increasingly irrelevant The Shack wrestles with the timeless question, ""Where is God in a world so filled with unspeakable pain?"" The answers Mack gets will astound you and perhaps transform you as much as it did him. You'll want everyone you know to read this book!* book description from the back cover ...more",Fiction,28.03,1,9,0,903a9f8090104c2c,https://books.toscrape.com/catalogue/the-shack_576/index.html,576,28.03,28.03,0.0,True,In stock (9 available),One,Books,https://books.toscrape.com/media/cache/4c/ae/4cae2beda2d1c5f851f8971f94fdbc91.jpg,Fiction,True
The Silent Sister (Riley MacPherson #1),"In The Silent Sister, Riley MacPherson has spent her entire life believing that her older sister Lisa committed suicide as a teenager. Now, over twenty years later, her father has passed away and she's in New Bern, North Carolina cleaning out his house when she finds evidence to the contrary. Lisa is alive. Alive and living under a new identity. But why exactly was she on In The Silent Sister, Riley MacPherson has spent her entire life believing that her older sister Lisa committed suicide as a teenager. Now, over twenty years later, her father has passed away and she's in New Bern, North Carolina cleaning out his house when she finds evidence to the contrary. Lisa is alive. Alive and living under a new identity. But why exactly was she on the run all those years ago, and what secrets are being kept now? As Riley works to uncover the truth, her discoveries will put into question everything she thought she knew about her family. Riley must decide what the past means for her present, and what she will do with her newfound reality, in this engrossing mystery from international bestselling author Diane Chamberlain. ...more",Fiction,46.29,5,12,0,ce1ae197ada2aec4,https://books.toscrape.com/catalogue/the-silent-sister-riley-macpherson-1_641/index.html,641,46.29,46.29,0.0,True,In stock (12 available),Five,Books,https://books.toscrape.com/media/cache/98/df/98df70802a22c17dac6026645da4ab87.jpg,Fiction,True
The Silent Wife,"A chilling psychological thriller about a marriage, a way of life, and how far one woman will go to keep what is rightfully hersJodi and Todd are at a bad place in their marriage. Much is at stake, including the affluent life they lead in their beautiful waterfront condo in Chicago, as she, the killer, and he, the victim, rush haplessly toward the main event. He is a commi A chilling psychological thriller about a marriage, a way of life, and how far one woman will go to keep what is rightfully hersJodi and Todd are at a bad place in their marriage. Much is at stake, including the affluent life they lead in their beautiful waterfront condo in Chicago, as she, the killer, and he, the victim, rush haplessly toward the main event. He is a committed cheater. She lives and breathes denial. He exists in dual worlds. She likes to settle scores. He decides to play for keeps. She has nothing left to lose. Told in alternating voices, The Silent Wife is about a marriage in the throes of dissolution, a couple headed for catastrophe, concessions that can’t be made, and promises that won’t be kept. Expertly plotted and reminiscent of Gone Girl and These Things Hidden, The Silent Wife ensnares the reader from page one and does not let go. ...more",Fiction,12.34,5,1,0,b78deb463531d078,https://books.toscrape.com/catalogue/the-silent-wife_83/index.html,83,12.34,12.34,0.0,True,In stock (1 available),Five,Books,https://books.toscrape.com/media/cache/a6/37/a6378b97d817267de38ba58dfd0db412.jpg,Fiction,True
The Testament of Mary,"Provocative, haunting, and indelible, Colm Tóibín’s portrait of Mary presents her as a solitary older woman still seeking to understand the events that become the narrative of the New Testament and the foundation of Christianity.In the ancient town of Ephesus, Mary lives alone, years after her son's crucifixion. She has no interest in collaborating with the authors of the Provocative, haunting, and indelible, Colm Tóibín’s portrait of Mary presents her as a solitary older woman still seeking to understand the events that become the narrative of the New Testament and the foundation of Christianity.In the ancient town of Ephesus, Mary lives alone, years after her son's crucifixion. She has no interest in collaborating with the authors of the Gospel—her keepers, who provide her with food and shelter and visit her regularly. She does not agree that her son is the Son of God; nor that his death was “worth it;” nor that the “group of misfits he gathered around him, men who could not look a woman in the eye,” were holy disciples. Mary judges herself ruthlessly (she did not stay at the foot of the Cross until her son died—she fled, to save herself), and is equally harsh on her judgment of others. This woman who we know from centuries of paintings and scripture as the docile, loving, silent, long-suffering, obedient, worshipful mother of Christ becomes, in Toibin’s searing evocation, a tragic heroine with the relentless eloquence of Electra or Medea or Antigone. This tour de force of imagination and language is a portrait so vivid and convincing that our image of Mary will be forever transformed. ...more",Fiction,52.67,4,14,0,081305e6df719dff,https://books.toscrape.com/catalogue/the-testament-of-mary_765/index.html,765,52.67,52.67,0.0,True,In stock (14 available),Four,Books,https://books.toscrape.com/media/cache/06/a6/06a62270c0700ae3c537cf394cf145ee.jpg,Fiction,True
The Time Keeper,"In this fable, the first man on earth to count the hours becomes Father Time. The inventor of the world's first clock is punished for trying to measure God's greatest gift. He is banished to a cave for centuries and forced to listen to the voices of all who come after him seeking more days, more years. Eventually, with his soul nearly broken, Father Time is granted his fre In this fable, the first man on earth to count the hours becomes Father Time. The inventor of the world's first clock is punished for trying to measure God's greatest gift. He is banished to a cave for centuries and forced to listen to the voices of all who come after him seeking more days, more years. Eventually, with his soul nearly broken, Father Time is granted his freedom, along with a magical hourglass and a mission: a chance to redeem himself by teaching two earthly people the true meaning of time.He returns to our world - now dominated by the hour-counting he so innocently began - and commences a journey with two unlikely partners: one a teenage girl who is about to give up on life, the other a wealthy old businessman who wants to live forever. To save himself, he must save them both. And stop the world to do so. ...more",Fiction,27.88,5,14,0,e9906e2f0d189745,https://books.toscrape.com/catalogue/the-time-keeper_766/index.html,766,27.88,27.88,0.0,True,In stock (14 available),Five,Books,https://books.toscrape.com/media/cache/37/d1/37d108ff5b19028a52ddd73dba35d543.jpg,Fiction,True
The Vacationers,"An irresistible, deftly observed novel about the secrets, joys, and jealousies that rise to the surface over the course of an American family’s two-week stay in Mallorca. For the Posts, a two-week trip to the Balearic island of Mallorca with their extended family and friends is a celebration: Franny and Jim are observing their thirty-fifth wedding anniversary, and their da An irresistible, deftly observed novel about the secrets, joys, and jealousies that rise to the surface over the course of an American family’s two-week stay in Mallorca. For the Posts, a two-week trip to the Balearic island of Mallorca with their extended family and friends is a celebration: Franny and Jim are observing their thirty-fifth wedding anniversary, and their daughter, Sylvia, has graduated from high school. The sunlit island, its mountains and beaches, its tapas and tennis courts, also promise an escape from the tensions simmering at home in Manhattan. But all does not go according to plan: over the course of the vacation, secrets come to light, old and new humiliations are experienced, childhood rivalries resurface, and ancient wounds are exacerbated. This is a story of the sides of ourselves that we choose to show and those we try to conceal, of the ways we tear each other down and build each other up again, and the bonds that ultimately hold us together. With wry humor and tremendous heart, Emma Straub delivers a richly satisfying story of a family in the midst of a maelstrom of change, emerging irrevocably altered yet whole. ...more",Fiction,42.15,4,15,0,fd3a622648667296,https://books.toscrape.com/catalogue/the-vacationers_863/index.html,863,42.15,42.15,0.0,True,In stock (15 available),Four,Books,https://books.toscrape.com/media/cache/34/c9/34c988a76c3cd7c04566d3030d8e7331.jpg,Fiction,True
Thirst,"On a searing summer Friday, Eddie Chapman has been stuck for hours in a traffic jam. There are accidents along the highway, but ambulances and police are conspicuously absent. When he decides to abandon his car and run home, he sees that the trees along the edge of a stream have been burnt, and the water in the streambed is gone. Something is very wrong.When he arrives hom On a searing summer Friday, Eddie Chapman has been stuck for hours in a traffic jam. There are accidents along the highway, but ambulances and police are conspicuously absent. When he decides to abandon his car and run home, he sees that the trees along the edge of a stream have been burnt, and the water in the streambed is gone. Something is very wrong.When he arrives home, the power is out and there is no running water. The pipes everywhere, it seems, have gone dry. Eddie and his wife, Laura, find themselves thrust together with their neighbors while a sense of unease thickens in the stifling night air. Thirst takes place in the immediate aftermath of a mysterious disaster--the Chapmans and their neighbors suffer the effects of the heat, their thirst, and the terrifying realization that no one is coming to help. As violence rips through the community, Eddie and Laura are forced to recall secrets from their past and question their present humanity. In crisp and convincing prose, Ben Warner compels readers to do the same. What might you do to survive? ...more",Fiction,17.27,5,16,0,709822d0b5bcb7f4,https://books.toscrape.com/catalogue/thirst_946/index.html,946,17.27,17.27,0.0,True,In stock (16 available),Five,Books,https://books.toscrape.com/media/cache/8c/54/8c54a50576c204b80165a13545f73028.jpg,Fiction,True
Three-Martini Lunch,"From the author of the “thrilling” (The Christian Science Monitor) novel The Other Typist comes an evocative, multilayered story of ambition, success, and secrecy in 1950s New York. In 1958, Greenwich Village buzzes with beatniks, jazz clubs, and new ideas—the ideal spot for three ambitious young people to meet. Cliff Nelson, the son of a successful book editor, is convin From the author of the “thrilling” (The Christian Science Monitor) novel The Other Typist comes an evocative, multilayered story of ambition, success, and secrecy in 1950s New York. In 1958, Greenwich Village buzzes with beatniks, jazz clubs, and new ideas—the ideal spot for three ambitious young people to meet. Cliff Nelson, the son of a successful book editor, is convinced he’s the next Kerouac, if only his father would notice. Eden Katz dreams of being an editor but is shocked when she encounters roadblocks to that ambition. And Miles Tillman, a talented black writer from Harlem, seeks to learn the truth about his father’s past, finding love in the process. Though different from one another, all three share a common goal: to succeed in the competitive and uncompromising world of book publishing. As they reach for what they want, they come to understand what they must sacrifice, conceal, and betray to achieve their goals, learning they must live with the consequences of their choices. In Three-Martini Lunch, Suzanne Rindell has written both a page-turning morality tale and a captivating look at a stylish, demanding era—and a world steeped in tradition that’s poised for great upheaval. ...more",Fiction,23.21,3,3,0,57f755143ee96fd4,https://books.toscrape.com/catalogue/three-martini-lunch_290/index.html,290,23.21,23.21,0.0,True,In stock (3 available),Three,Books,https://books.toscrape.com/media/cache/fc/c2/fcc2f183dde593b991e01585f5df1e09.jpg,Fiction,True
Tuesday Nights in 1980,"“In one sentence, Ms. Prentiss captures a sense of intoxication and possibility that six seasons of voice-overs from Sarah Jessica Parker never could…Ms. Prentiss concludes her novel on a note that’s both ethereal and brutally realistic. She cauterizes wounds, but they’re still visible and bare. But for her characters—for this promising author—it’s enough.” —The New York T “In one sentence, Ms. Prentiss captures a sense of intoxication and possibility that six seasons of voice-overs from Sarah Jessica Parker never could…Ms. Prentiss concludes her novel on a note that’s both ethereal and brutally realistic. She cauterizes wounds, but they’re still visible and bare. But for her characters—for this promising author—it’s enough.” —The New York Times“An intoxicating Manhattan fairy tale…As affecting as it is absorbing. A thrilling debut.” —Kirkus Reviews (starred review) “A vital, sensuous, edgy, and suspenseful tale of longing, rage, fear, compulsion, and love.” —Booklist (starred review) An intoxicating and transcendent debut novel that follows a critic, an artist, and a desirous, determined young woman as they find their way—and ultimately collide—amid the ever-evolving New York City art scene of the 1980s.Welcome to SoHo at the onset of the eighties: a gritty, not-yet-gentrified playground for artists and writers looking to make it in the big city. Among them: James Bennett, a synesthetic art critic for The New York Times whose unlikely condition enables him to describe art in profound, magical ways, and Raul Engales, an exiled Argentinian painter running from his past and the Dirty War that has enveloped his country. As the two men ascend in the downtown arts scene, dual tragedies strike, and each is faced with a loss that acutely affects his relationship to life and to art. It is not until they are inadvertently brought together by Lucy Olliason—a small town beauty and Raul’s muse—and a young orphan boy sent mysteriously from Buenos Aires, that James and Raul are able to rediscover some semblance of what they’ve lost.As inventive as Jennifer Egan's A Visit From The Goon Squad and as sweeping as Meg Wolitzer's The Interestings, Tuesday Nights in 1980 boldly renders a complex moment when the meaning and nature of art is being all but upended, and New York City as a whole is reinventing itself. In risk-taking prose that is as powerful as it is playful, Molly Prentiss deftly explores the need for beauty, community, creation, and love in an ever-changing urban landscape. ...more",Fiction,21.04,2,15,0,b8736690cf263a3c,https://books.toscrape.com/catalogue/tuesday-nights-in-1980_870/index.html,870,21.04,21.04,0.0,True,In stock (15 available),Two,Books,https://books.toscrape.com/media/cache/a3/ad/a3ade5edecde67449329c1ebb016c049.jpg,Fiction,True
"We Love You, Charlie Freeman","The Freeman family--Charles, Laurel, and their daughters, teenage Charlotte and nine-year-old Callie--have been invited to the Toneybee Institute in rural Massachusetts to participate in a research experiment. They will live in an apartment on campus with Charlie, a young chimp abandoned by his mother. The Freemans were selected for the experiment because they know sign la The Freeman family--Charles, Laurel, and their daughters, teenage Charlotte and nine-year-old Callie--have been invited to the Toneybee Institute in rural Massachusetts to participate in a research experiment. They will live in an apartment on campus with Charlie, a young chimp abandoned by his mother. The Freemans were selected for the experiment because they know sign language; they are supposed to teach it to Charlie and welcome him as a member of their family. Isolated in their new, nearly all-white community not just by their race but by their strange living situation, the Freemans come undone. And when Charlotte discovers the truth about the Institute’s history of questionable studies, the secrets of the past begin to invade the present. The power of this novel resides in Kaitlyn Greenidge’s undeniable storytelling talents. What appears to be a story of mothers and daughters, of sisterhood put to the test, of adolescent love and grown-up misconduct, and of history’s long reach, becomes a provocative and compelling exploration of America’s failure to find a language to talk about race. ...more",Fiction,50.27,5,16,0,8d455c7539795d2a,https://books.toscrape.com/catalogue/we-love-you-charlie-freeman_954/index.html,954,50.27,50.27,0.0,True,In stock (16 available),Five,Books,https://books.toscrape.com/media/cache/87/a2/87a2fddd7f6b240c0351e1eb950b6716.jpg,Fiction,True
When I'm Gone,"Dear Luke,First let me say—I love you…I didn’t want to leave you… Luke Richardson has returned home after burying Natalie, his beloved wife of sixteen years, ready to face the hard job of raising their three children alone. But there’s something he’s not prepared for—a blue envelope with his name scrawled across the front in Natalie’s handwriting, waiting for him on the f Dear Luke,First let me say—I love you…I didn’t want to leave you… Luke Richardson has returned home after burying Natalie, his beloved wife of sixteen years, ready to face the hard job of raising their three children alone. But there’s something he’s not prepared for—a blue envelope with his name scrawled across the front in Natalie’s handwriting, waiting for him on the floor of their suburban Michigan home.The letter inside, written on the first day of Natalie’s cancer treatment a year ago, turns out to be the first of many. Luke is convinced they’re genuine, but who is delivering them? As his obsession with the letters grows, Luke uncovers long-buried secrets that make him question everything he knew about his wife and their family. But the revelations also point the way toward a future where love goes on—in written words, in memories, and in the promises it’s never too late to keep. ...more",Fiction,51.96,3,1,0,c5f91eb481427dc5,https://books.toscrape.com/catalogue/when-im-gone_95/index.html,95,51.96,51.96,0.0,True,In stock (1 available),Three,Books,https://books.toscrape.com/media/cache/f8/dd/f8ddbaef30884ed017b662b4069b78d4.jpg,Fiction,True
1st to Die (Women's Murder Club #1),"James Patterson, bestselling author of the Alex Cross novels Along Came a Spider, Kiss the Girls, and Pop Goes the Weasel, offers the first of a new series dubbed The Women's Murder Club, featuring a four-woman team that occasionally works outside the system. None of the gritty darkness or frenzied action is lost in 1st to Die, although the female protagonists offer an eve James Patterson, bestselling author of the Alex Cross novels Along Came a Spider, Kiss the Girls, and Pop Goes the Weasel, offers the first of a new series dubbed The Women's Murder Club, featuring a four-woman team that occasionally works outside the system. None of the gritty darkness or frenzied action is lost in 1st to Die, although the female protagonists offer an even deeper emotional context to this suspense thriller.Inspector Lindsay Boxer of the San Francisco Police Department suddenly finds herself in the middle of two horrifying situations: The first is that she's just learned she has an often-fatal blood disease. The second is a double homicide case she is now heading up that involves the murder of newlyweds on their wedding night. Burdened with Chris Raleigh, a new partner reassigned from the mayor's office, Lindsay finds that she has too much to deal with and turns to her best friend, Claire, the head ME on the case. Claire offers helpful advice and human, friendly contact amid a job filled with violence, cruelty, and fear.Soon a fledgling newspaper reporter, Cindy, makes contact with Lindsay looking for a career-making story. Although Lindsay can't officially comment on the case, the two women form a rapport, and Cindy joins Lindsay and Claire for their weekly meeting. When a second pair of newlyweds is murdered, and later a third, the investigation leads to a prominent crime writer, Nicholas Jenks, who has a history of spousal abuse and a predilection for kinky, dangerous sex games. With the help of an understanding assistant D.A., Jill Bernhardt, Lindsay tries to make a case against Jenks, who even had an affair with one of the slain women. Eventually Jill joins the Murder Club, and the four ladies share private interdepartmental information in an effort to track and stop the killer before he strikes again.The major subplot -- Lindsay's facing up to her illness even while she learns to fall in love again -- carefully compensates for the novel's coarse scenes of brutality. Lindsay Boxer is't merely an obsessed cop trailing a maniac; she's also a terrified woman confronting the onslaught of disease. The story lines balance out to show us the true mettle of someone who puts the safety of others before her own.Again, Patterson's skill for producing furiously paced fiction are evident as the novel breezes by rapidly. The short chapters keep the narrative leaping with increasingly taut plot elements, but there's an emotional commitment that makes our protagonist even more amiable and involving. 1st to Die is a novel that works as an intense series of character portraits that will leave the reader touched and delighted.--Tom Piccirilli ...more",Mystery,53.98,1,1,0,f684a82adc49f011,https://books.toscrape.com/catalogue/1st-to-die-womens-murder-club-1_2/index.html,2,53.98,53.98,0.0,True,In stock (1 available),One,Books,https://books.toscrape.com/media/cache/f6/8e/f68e6ae2f9da04fccbde8442b0a1b52a.jpg,Mystery,True
A Murder in Time,"Beautiful and brilliant, Kendra Donovan is a rising star at the FBI. Yet her path to professional success hits a speed bump during a disastrous raid where half her team is murdered, a mole in the FBI is uncovered and she herself is severely wounded. As soon as she recovers, she goes rogue and travels to England to assassinate the man responsible for the deaths of her teamm Beautiful and brilliant, Kendra Donovan is a rising star at the FBI. Yet her path to professional success hits a speed bump during a disastrous raid where half her team is murdered, a mole in the FBI is uncovered and she herself is severely wounded. As soon as she recovers, she goes rogue and travels to England to assassinate the man responsible for the deaths of her teammates.While fleeing from an unexpected assassin herself, Kendra escapes into a stairwell that promises sanctuary but when she stumbles out again, she is in the same place - Aldrich Castle - but in a different time: 1815, to be exact.Mistaken for a lady's maid hired to help with weekend guests, Kendra is forced to quickly adapt to the time period until she can figure out how she got there; and, more importantly, how to get back home. However, after the body of a young girl is found on the extensive grounds of the county estate, she starts to feel there's some purpose to her bizarre circumstances. Stripped of her twenty-first century tools, Kendra must use her wits alone in order to unmask a cunning madman. ...more",Mystery,16.64,1,16,0,f733e8c19d40ec2e,https://books.toscrape.com/catalogue/a-murder-in-time_877/index.html,877,16.64,16.64,0.0,True,In stock (16 available),One,Books,https://books.toscrape.com/media/cache/cc/bd/ccbd7a62caefd5a3a2e04dd7c2ff48fe.jpg,Mystery,True
A Study in Scarlet (Sherlock Holmes #1),"In the debut of literature's most famous sleuth, a dead man is discovered in a bloodstained room in Brixton. The only clues are a wedding ring, a gold watch, a pocket edition of Boccaccio's Decameron, and a word scrawled in blood on the wall. With this investigation begins the partnership of Sherlock Holmes and Dr. Watson. Their search for the murderer uncovers a story of In the debut of literature's most famous sleuth, a dead man is discovered in a bloodstained room in Brixton. The only clues are a wedding ring, a gold watch, a pocket edition of Boccaccio's Decameron, and a word scrawled in blood on the wall. With this investigation begins the partnership of Sherlock Holmes and Dr. Watson. Their search for the murderer uncovers a story of love and revenge-and heralds a franchise of detective mysteries starring the formidable Holmes. ...more",Mystery,16.73,2,14,0,63ee5bc46066a8a8,https://books.toscrape.com/catalogue/a-study-in-scarlet-sherlock-holmes-1_656/index.html,656,16.73,16.73,0.0,True,In stock (14 available),Two,Books,https://books.toscrape.com/media/cache/27/40/274003f2720f82844873945b87af6c19.jpg,Mystery,True
A Time of Torment (Charlie Parker #14),"Jerome Burnel was once a hero. He intervened to prevent multiple killings and in doing so damned himself. His life was torn apart. He was imprisoned, brutalized.But in his final days, with the hunters circling, he tells his story to private detective Charlie Parker. He speaks of the girl who was marked for death but was saved, of the ones who tormented him, and an entity t Jerome Burnel was once a hero. He intervened to prevent multiple killings and in doing so damned himself. His life was torn apart. He was imprisoned, brutalized.But in his final days, with the hunters circling, he tells his story to private detective Charlie Parker. He speaks of the girl who was marked for death but was saved, of the ones who tormented him, and an entity that hides in a ruined stockade.Parker is not like other men. He died, and was reborn. He is ready to wage war.Now he will descend upon a strange, isolated community called the Cut, and face down a force of men who rule by terror, intimidation, and murder.All in the name of the being they serve.All in the name of the Dead King. ...more",Mystery,48.35,5,14,0,4416c474713ec1f5,https://books.toscrape.com/catalogue/a-time-of-torment-charlie-parker-14_657/index.html,657,48.35,48.35,0.0,True,In stock (14 available),Five,Books,https://books.toscrape.com/media/cache/f1/37/f137a410ed7d6fcfce17d081caf97915.jpg,Mystery,True
Blood Defense (Samantha Brinkman #1),"First in a new series from bestselling author and famed O. J. Simpson trial prosecutor Marcia Clark, a “terrific writer and storyteller” (James Patterson). Samantha Brinkman, an ambitious, hard-charging Los Angeles criminal defense attorney, is struggling to make a name for herself and to drag her fledgling practice into the big leagues. Sam lands a high-profile double-mu First in a new series from bestselling author and famed O. J. Simpson trial prosecutor Marcia Clark, a “terrific writer and storyteller” (James Patterson). Samantha Brinkman, an ambitious, hard-charging Los Angeles criminal defense attorney, is struggling to make a name for herself and to drag her fledgling practice into the big leagues. Sam lands a high-profile double-murder case in which one of the victims is a beloved TV star—and the defendant is a decorated veteran LAPD detective. It promises to be exactly the kind of media sensation that would establish her as a heavy hitter in the world of criminal law.Though Sam has doubts about his innocence, she and her two associates (her closest childhood friend and a brilliant ex-con) take the case. Notorious for living by her own rules—and fearlessly breaking everyone else’s—Samantha pulls out all the stops in her quest to uncover evidence that will clear the detective. But when a shocking secret at the core of the case shatters her personal world, Sam realizes that not only has her client been playing her, he might be one of the most dangerous sociopaths she’s ever encountered. ...more",Mystery,20.3,3,1,0,95cdfd514098c38b,https://books.toscrape.com/catalogue/blood-defense-samantha-brinkman-1_8/index.html,8,20.3,20.3,0.0,True,In stock (1 available),Three,Books,https://books.toscrape.com/media/cache/ea/12/ea12c82131832c5d772fdbd3cb56ced7.jpg,Mystery,True
Boar Island (Anna Pigeon #19),"Bringing you a gripping mystery, Nevada Barr transports you to the wild and dangerous landscapes of America's National Parks and is sure to appeal if you like Sue Grafton and Janet Evanovich.The eighteenth sensational crime novel from New York Times bestselling author Nevada Barr featuring fearless park ranger Anna Pigeon as she battles to solve a heinous crime set amidst Bringing you a gripping mystery, Nevada Barr transports you to the wild and dangerous landscapes of America's National Parks and is sure to appeal if you like Sue Grafton and Janet Evanovich.The eighteenth sensational crime novel from New York Times bestselling author Nevada Barr featuring fearless park ranger Anna Pigeon as she battles to solve a heinous crime set amidst the wild and dangerous landscape of a US National Park. ...more",Mystery,59.48,3,12,0,49b24c6a41b82bd2,https://books.toscrape.com/catalogue/boar-island-anna-pigeon-19_613/index.html,613,59.48,59.48,0.0,True,In stock (12 available),Three,Books,https://books.toscrape.com/media/cache/91/8c/918c2c95ae90495cdb0371a22b726d82.jpg,Mystery,True
Career of Evil (Cormoran Strike #3),"Cormoran Strike is back, with his assistant Robin Ellacott, in a mystery based around soldiers returning from war.When a mysterious package is delivered to Robin Ellacott, she is horrified to discover that it contains a woman’s severed leg.Her boss, private detective Cormoran Strike, is less surprised but no less alarmed. There are four people from his past who he thinks c Cormoran Strike is back, with his assistant Robin Ellacott, in a mystery based around soldiers returning from war.When a mysterious package is delivered to Robin Ellacott, she is horrified to discover that it contains a woman’s severed leg.Her boss, private detective Cormoran Strike, is less surprised but no less alarmed. There are four people from his past who he thinks could be responsible – and Strike knows that any one of them is capable of sustained and unspeakable brutality.With the police focusing on the one suspect Strike is increasingly sure is not the perpetrator, he and Robin take matters into their own hands, and delve into the dark and twisted worlds of the other three men. But as more horrendous acts occur, time is running out for the two of them…Career of Evil is the third in the series featuring private detective Cormoran Strike and his assistant Robin Ellacott. A mystery and also a story of a man and a woman at a crossroads in their personal and professional lives. ...more",Mystery,24.72,2,3,0,b461cf238506c5b8,https://books.toscrape.com/catalogue/career-of-evil-cormoran-strike-3_137/index.html,137,24.72,24.72,0.0,True,In stock (3 available),Two,Books,https://books.toscrape.com/media/cache/40/f8/40f897ffbfda6e88e5763c157cfd0930.jpg,Mystery,True
Delivering the Truth (Quaker Midwife Mystery #1),"Quaker midwife Rose Carroll hears secrets and keeps confidences as she attends births of the rich and poor alike in an 1888 Massachusetts mill town. When the town’s world-famed carriage industry is threatened by the work of an arsonist, and a carriage factory owner’s adult son is stabbed to death with Rose's own knitting needle, she is drawn into solving the mystery. Thing Quaker midwife Rose Carroll hears secrets and keeps con­fi­dences as she attends births of the rich and poor alike in an 1888 Massachusetts mill town. When the town’s world-famed car­riage indus­try is threat­ened by the work of an arson­ist, and a car­riage fac­tory owner’s adult son is stabbed to death with Rose's own knitting needle, she is drawn into solv­ing the mys­tery. Things get dicey after the same owner’s mis­tress is also mur­dered, leav­ing her one-week-old baby with­out a mother. The Quaker poet and abolitionist John Greenleaf Whittier helps Rose by lending words of advice and support. While strug­gling with being less than the per­fect Friend, Rose draws on her strengths as a counselor and prob­lem solver to bring two mur­der­ers to justice before they destroy the town’s carriage industry and the people who run it. ...more",Mystery,20.89,4,7,0,4e980425468708da,https://books.toscrape.com/catalogue/delivering-the-truth-quaker-midwife-mystery-1_464/index.html,464,20.89,20.89,0.0,True,In stock (7 available),Four,Books,https://books.toscrape.com/media/cache/5c/8a/5c8acde540a88aed464ab5c52bafcd83.jpg,Mystery,True
Extreme Prey (Lucas Davenport #26),"The extraordinary new Lucas Davenport thriller from #1New York Times–bestselling author and Pulitzer Prize winner John Sandford. After the events in Gathering Prey, Lucas Davenport finds himself in a very unusual situation—no longer employed by the Minnesota BCA. His friend the governor is just cranking up a presidential campaign, though, and he invites Lucas to come alon The extraordinary new Lucas Davenport thriller from #1 New York Times–bestselling author and Pulitzer Prize winner John Sandford. After the events in Gathering Prey, Lucas Davenport finds himself in a very unusual situation—no longer employed by the Minnesota BCA. His friend the governor is just cranking up a presidential campaign, though, and he invites Lucas to come along as part of his campaign staff. “Should be fun!” he says, and it kind of is—until they find they have a shadow: an armed man intent on killing the governor . . . and anyone who gets in the way. ...more",Mystery,25.4,3,3,0,588ba85ff11a3263,https://books.toscrape.com/catalogue/extreme-prey-lucas-davenport-26_154/index.html,154,25.4,25.4,0.0,True,In stock (3 available),Three,Books,https://books.toscrape.com/media/cache/0a/b2/0ab24d35793497f6a72137191b91659e.jpg,Mystery,True
Hide Away (Eve Duncan #20),"Iris Johansen's beloved forensic sculptor Eve Duncan is back and now the stakes are higher than ever. Dramatic changes are on the horizon for Eve and Joe Quinn and their relationship may never be the same. Faced with the task of protecting Cara Delaney, a young girl with ruthless enemies who want to see her dead, Eve takes her away to the remote Scottish Highlands where th Iris Johansen's beloved forensic sculptor Eve Duncan is back and now the stakes are higher than ever. Dramatic changes are on the horizon for Eve and Joe Quinn and their relationship may never be the same. Faced with the task of protecting Cara Delaney, a young girl with ruthless enemies who want to see her dead, Eve takes her away to the remote Scottish Highlands where they join Jane MacGuire in search of a hidden treasure. But nowhere is far enough away to protect Cara from danger. With enemies closing in from all sides, Hide Away is a high-octane thriller that fans will not want to miss. ...more",Mystery,11.84,1,12,0,bddc6fd036eb6279,https://books.toscrape.com/catalogue/hide-away-eve-duncan-20_620/index.html,620,11.84,11.84,0.0,True,In stock (12 available),One,Books,https://books.toscrape.com/media/cache/b2/c5/b2c501b848bccd9cc375771f53c0fb6e.jpg,Mystery,True
"In a Dark, Dark Wood","In a dark, dark wood Nora hasn't seen Clare for ten years. Not since Nora walked out of school one day and never went back. There was a dark, dark houseUntil, out of the blue, an invitation to Clare’s hen do arrives. Is this a chance for Nora to finally put her past behind her?And in the dark, dark house there was a dark, dark roomBut something goes wrong. Very wrong.And i In a dark, dark wood Nora hasn't seen Clare for ten years. Not since Nora walked out of school one day and never went back. There was a dark, dark houseUntil, out of the blue, an invitation to Clare’s hen do arrives. Is this a chance for Nora to finally put her past behind her?And in the dark, dark house there was a dark, dark roomBut something goes wrong. Very wrong.And in the dark, dark room.... Some things can’t stay secret for ever. ...more",Mystery,19.63,1,18,0,19ed25f4641d5efd,https://books.toscrape.com/catalogue/in-a-dark-dark-wood_963/index.html,963,19.63,19.63,0.0,True,In stock (18 available),One,Books,https://books.toscrape.com/media/cache/95/84/95840dfd67c020067c99d70451147e20.jpg,Mystery,True
In the Woods (Dublin Murder Squad #1),"A gorgeously written novel that marks the debut of an astonishing new voice in psychological suspense.As dusk approaches a small Dublin suburb in the summer of 1984, mothers begin to call their children home. But on this warm evening, three children do not return from the dark and silent woods. When the police arrive, they find only one of the children. He is gripping a tr A gorgeously written novel that marks the debut of an astonishing new voice in psychological suspense.As dusk approaches a small Dublin suburb in the summer of 1984, mothers begin to call their children home. But on this warm evening, three children do not return from the dark and silent woods. When the police arrive, they find only one of the children. He is gripping a tree trunk in terror, wearing blood-filled sneakers and unable to recall a single detail of the previous hours.Twenty years later, the found boy, Rob Ryan, is a detective on the Dublin Murder Squad and keeps his past a secret. But when a 12-year-old girl is found murdered in the same woods, he and Detective Cassie Maddox (his partner and closest friend) find themselves investigating a case chillingly similar to the previous unsolved mystery. Now, with only snippets of long-buried memories to guide him, Ryan has the chance to uncover both the mystery of the case before him and that of his own shadowy past. ...more",Mystery,38.38,2,6,0,6958de044cb28a84,https://books.toscrape.com/catalogue/in-the-woods-dublin-murder-squad-1_433/index.html,433,38.38,38.38,0.0,True,In stock (6 available),Two,Books,https://books.toscrape.com/media/cache/13/47/13470484ded8c835ce03b662fc863a1a.jpg,Mystery,True
Most Wanted,"Lisa Scottoline delivers another searing, powerful blockbuster novel that explores hot-button issues within the framework of an intricately plotted thriller. When a woman and her husband, desperate for a baby, find themselves unable to conceive, they decide to take further steps. Since it is the husband who is infertile, the heroine decides to use a donor. And all seems to Lisa Scottoline delivers another searing, powerful blockbuster novel that explores hot-button issues within the framework of an intricately plotted thriller. When a woman and her husband, desperate for a baby, find themselves unable to conceive, they decide to take further steps. Since it is the husband who is infertile, the heroine decides to use a donor. And all seems to be well. Three months pass and she is happily pregnant. But a shocking revelation occurs when she discovers that a man arrested for a series of brutal murders is her donor - the biological father of the child she is carrying. Delving deeper to uncover the truth, the heroine must face her worst fears, and confront a terrifying truth. Most Wanted is sure to be Lisa Scottoline's most discussed, bestselling novel yet. ...more",Mystery,35.28,3,12,0,c039f5aceb093537,https://books.toscrape.com/catalogue/most-wanted_623/index.html,623,35.28,35.28,0.0,True,In stock (12 available),Three,Books,https://books.toscrape.com/media/cache/fa/b5/fab5e650b19b76c5f5d1ce3a626376b1.jpg,Mystery,True
Murder at the 42nd Street Library (Raymond Ambler #1),"Murder at the 42nd Street Library opens with a murder in a second floor office of the iconic, beaux-arts flagship of the New York Public Library. Ray Ambler, the curator of the library's crime fiction collection, joins forces with NYPD homicide detective Mike Cosgrove in hopes of bringing a murderer to justice.In his search for the reasons behind the murder, Ambler uncover Murder at the 42nd Street Library opens with a murder in a second floor office of the iconic, beaux-arts flagship of the New York Public Library. Ray Ambler, the curator of the library's crime fiction collection, joins forces with NYPD homicide detective Mike Cosgrove in hopes of bringing a murderer to justice.In his search for the reasons behind the murder, Ambler uncovers hidden--and profoundly disturbing--relationships between visitors to the library. These include a celebrated mystery writer who has donated his papers to the library's crime fiction collection, that writer's missing daughter, a New York society woman with a hidden past, and one of Ambler's colleagues at the world-famous library. Those shocking revelations lead inexorably to the tragic and violent events that follow. ...more",Mystery,54.36,4,12,0,e7fe3bf2768602cf,https://books.toscrape.com/catalogue/murder-at-the-42nd-street-library-raymond-ambler-1_624/index.html,624,54.36,54.36,0.0,True,In stock (12 available),Four,Books,https://books.toscrape.com/media/cache/19/74/19748437aac103dbdeb1918062728726.jpg,Mystery,True
Playing with Fire,"A beautiful violinist is haunted by a very old piece of music she finds in a strange antique shop in Rome.The first time Julia Ansdell picks up The Incendio Waltz, she knows it’s a strikingly unusual composition. But while playing the piece, Julia blacks out and awakens to find her young daughter implicated in acts of surprising violence. And when she travels to Venice to A beautiful violinist is haunted by a very old piece of music she finds in a strange antique shop in Rome.The first time Julia Ansdell picks up The Incendio Waltz, she knows it’s a strikingly unusual composition. But while playing the piece, Julia blacks out and awakens to find her young daughter implicated in acts of surprising violence. And when she travels to Venice to find the previous owner of the music, she uncovers a dark secret that involves dangerously powerful people—a family who would stop at nothing to keep Julia from bringing the truth to light. ...more",Mystery,13.71,3,11,0,05a61a3bd8ca4149,https://books.toscrape.com/catalogue/playing-with-fire_602/index.html,602,13.71,13.71,0.0,True,In stock (11 available),Three,Books,https://books.toscrape.com/media/cache/09/02/0902666ade8ab8183363e53c108e5069.jpg,Mystery,True
Poisonous (Max Revere Novels #3),"Teen-aged Internet bully Ivy Lake fell off a cliff and few people cared ... except her mentally-challenged eighteen-year-old step-brother, Tommy. He loved her in spite of her cruelty. He's distraught and doesn't understand why his blended family is falling apart. After a year, the police still have no answers: Ivy could have jumped, could have been pushed, or it could have Teen-aged Internet bully Ivy Lake fell off a cliff and few people cared ... except her mentally-challenged eighteen-year-old step-brother, Tommy. He loved her in spite of her cruelty. He's distraught and doesn't understand why his blended family is falling apart. After a year, the police still have no answers: Ivy could have jumped, could have been pushed, or it could have been an accident. With too many suspects and not enough evidence, the investigation has grown cold.Tommy thinks that if someone can figure out what happened to his step-sister, everything will go back to normal, so he writes to investigative reporter Maxine Revere. This isn’t the type of case Max normally takes on, but the heartbreak and simple honesty in Tommy's letter pulls her in. She travels to Corte Madera, California, with her assistant David Kane and is at first pleased that the police are cooperative. But the more Max learns about Tommy and his dysfunctional family, the more she thinks she’s taken on an impossible task: this may be the one case she can’t solve.If Ivy was murdered, it was exceptionally well-planned and that kind of killer could be hiding in plain sight ... planning the next act of violence. Max believes the truth is always better than lies, that the truth is the only thing that matters to gain justice for victims and their families. But for the first time, she wonders if this time, the truth will kill. ...more",Mystery,26.8,3,12,0,abdd91e96515a617,https://books.toscrape.com/catalogue/poisonous-max-revere-novels-3_627/index.html,627,26.8,26.8,0.0,True,In stock (12 available),Three,Books,https://books.toscrape.com/media/cache/8d/52/8d52227d29e03695ef755620078b7815.jpg,Mystery,True
Sharp Objects,"WICKED above her hipbone, GIRL across her heart Words are like a road map to reporter Camille Preaker’s troubled past. Fresh from a brief stay at a psych hospital, Camille’s first assignment from the second-rate daily paper where she works brings her reluctantly back to her hometown to cover the murders of two preteen girls. NASTY on her kneecap, BABYDOLL on her leg Since WICKED above her hipbone, GIRL across her heart Words are like a road map to reporter Camille Preaker’s troubled past. Fresh from a brief stay at a psych hospital, Camille’s first assignment from the second-rate daily paper where she works brings her reluctantly back to her hometown to cover the murders of two preteen girls. NASTY on her kneecap, BABYDOLL on her leg Since she left town eight years ago, Camille has hardly spoken to her neurotic, hypochondriac mother or to the half-sister she barely knows: a beautiful thirteen-year-old with an eerie grip on the town. Now, installed again in her family’s Victorian mansion, Camille is haunted by the childhood tragedy she has spent her whole life trying to cut from her memory. HARMFUL on her wrist, WHORE on her ankle As Camille works to uncover the truth about these violent crimes, she finds herself identifying with the young victims—a bit too strongly. Clues keep leading to dead ends, forcing Camille to unravel the psychological puzzle of her own past to get at the story. Dogged by her own demons, Camille will have to confront what happened to her years before if she wants to survive this homecoming.With its taut, crafted writing, Sharp Objects is addictive, haunting, and unforgettable. ...more",Mystery,47.82,4,20,0,e00eb4fd7b871a48,https://books.toscrape.com/catalogue/sharp-objects_997/index.html,997,47.82,47.82,0.0,True,In stock (20 available),Four,Books,https://books.toscrape.com/media/cache/c0/59/c05972805aa7201171b8fc71a5b00292.jpg,Mystery,True
Tastes Like Fear (DI Marnie Rome #3),"Sarah Hilary won the 2015 Theakston's Crime Novel of the Year with her debut, the 2014 Richard and Judy pick SOMEONE ELSE'S SKIN. She followed up with NO OTHER DARKNESS, proclaimed as 'riveting' by Lisa Gardner and 'truly mesmerising' by David Mark. Now D.I. Marnie Rome returns in her third novel.Home is where Harm lies...The young girl who causes the fatal car crash disap Sarah Hilary won the 2015 Theakston's Crime Novel of the Year with her debut, the 2014 Richard and Judy pick SOMEONE ELSE'S SKIN. She followed up with NO OTHER DARKNESS, proclaimed as 'riveting' by Lisa Gardner and 'truly mesmerising' by David Mark. Now D.I. Marnie Rome returns in her third novel.Home is where Harm lies...The young girl who causes the fatal car crash disappears from the scene.A runaway who doesn't want to be found, she only wants to go home.To the one man who understands her.Gives her shelter. Just as he gives shelter to the other lost girls who live in his house.He's the head of her new family.He's Harm. And when Harm's family is threatened, Marnie Rome is about to find out that everything tastes like fear... ...more",Mystery,10.69,1,14,0,2d1e337aaf341858,https://books.toscrape.com/catalogue/tastes-like-fear-di-marnie-rome-3_742/index.html,742,10.69,10.69,0.0,True,In stock (14 available),One,Books,https://books.toscrape.com/media/cache/74/9b/749bca168778cf35fdb2441a9d6b403f.jpg,Mystery,True
That Darkness (Gardiner and Renner #1),"As a forensic investigator for the Cleveland Police Department, Maggie Gardiner has seen her share of Jane Does. The latest is an unidentified female in her early teens, discovered in a local cemetery. More shocking than the girl’s injuries—for Maggie at least—is the fact that no one has reported her missing. She and the detectives assigned to the case (including her cop e As a forensic investigator for the Cleveland Police Department, Maggie Gardiner has seen her share of Jane Does. The latest is an unidentified female in her early teens, discovered in a local cemetery. More shocking than the girl’s injuries—for Maggie at least—is the fact that no one has reported her missing. She and the detectives assigned to the case (including her cop ex-husband) are determined to follow every lead, run down every scrap of evidence. But the monster they seek is watching each move, closer to them than they could ever imagine. Jack Renner is a killer. He doesn’t murder because he savors it, or because he believes himself omnipotent, or for any reason other than to make the world a safer place. When he follows the trail of this Jane Doe to a locked room in a small apartment where eighteen teenaged girls are anything but safe, he knows something must be done. But his pursuit of their captor takes an unexpected turn.Maggie Gardiner finds another body waiting for her in the autopsy room—and a host of questions that will challenge everything she believes about justice, morality, and the true nature of evil … ...more",Mystery,13.92,1,14,0,0c7b9cf2b7662b65,https://books.toscrape.com/catalogue/that-darkness-gardiner-and-renner-1_743/index.html,743,13.92,13.92,0.0,True,In stock (14 available),One,Books,https://books.toscrape.com/media/cache/23/b8/23b81994234ac127d701db1531a08e48.jpg,Mystery,True
The Bachelor Girl's Guide to Murder (Herringford and Watts Mysteries #1),"In 1910 Toronto, while other bachelor girls perfect their domestic skills and find husbands, two friends perfect their sleuthing skills and find a murderer.Inspired by their fascination with all things Sherlock Holmes, best friends and flatmates Merinda and Jem launch a consulting detective business. The deaths of young Irish women lead Merinda and Jem deeper into the mire In 1910 Toronto, while other bachelor girls perfect their domestic skills and find husbands, two friends perfect their sleuthing skills and find a murderer.Inspired by their fascination with all things Sherlock Holmes, best friends and flatmates Merinda and Jem launch a consulting detective business. The deaths of young Irish women lead Merinda and Jem deeper into the mire of the city's underbelly, where the high hopes of those dreaming to make a new life in Canada are met with prejudice and squalor.While searching for answers, donning disguises, and sneaking around where no proper ladies would ever go, they pair with Jasper Forth, a police constable, and Ray DeLuca, a reporter in whom Jem takes a more than professional interest. Merinda could well be Toronto's premiere consulting detective, and Jem may just find a way to put her bachelor girlhood behind her forever--if they can stay alive long enough to do so. ...more",Mystery,52.3,5,7,0,20789fb17b423c4c,https://books.toscrape.com/catalogue/the-bachelor-girls-guide-to-murder-herringford-and-watts-mysteries-1_491/index.html,491,52.3,52.3,0.0,True,In stock (7 available),Five,Books,https://books.toscrape.com/media/cache/38/a4/38a44ac4f642f4717d865c81ec594529.jpg,Mystery,True
The Cuckoo's Calling (Cormoran Strike #1),"A BRILLIANT DEBUT MYSTERY IN A CLASSIC VEIN: DETECTIVE CORMORAN STRIKE INVESTIGATES A SUPERMODEL'S SUICIDE. After losing his leg to a land mine in Afghanistan, Cormoran Strike is barely scraping by as a private investigator. Strike is down to one client, and creditors are calling. He has also just broken up with his longtime girlfriend and is living in his office.Then John A BRILLIANT DEBUT MYSTERY IN A CLASSIC VEIN: DETECTIVE CORMORAN STRIKE INVESTIGATES A SUPERMODEL'S SUICIDE. After losing his leg to a land mine in Afghanistan, Cormoran Strike is barely scraping by as a private investigator. Strike is down to one client, and creditors are calling. He has also just broken up with his longtime girlfriend and is living in his office.Then John Bristow walks through his door with an amazing story: His sister, the legendary supermodel Lula Landry, known to her friends as the Cuckoo, famously fell to her death a few months earlier. The police ruled it a suicide, but John refuses to believe that. The case plunges Strike into the world of multimillionaire beauties, rock-star boyfriends, and desperate designers, and it introduces him to every variety of pleasure, enticement, seduction, and delusion known to man.You may think you know detectives, but you've never met one quite like Strike. You may think you know about the wealthy and famous, but you've never seen them under an investigation like this. Introducing Cormoran Strike, this is the acclaimed first crime novel by J.K. Rowling, writing under the pseudonym Robert Galbraith. ...more",Mystery,19.21,1,3,0,1be6d3b121865edb,https://books.toscrape.com/catalogue/the-cuckoos-calling-cormoran-strike-1_239/index.html,239,19.21,19.21,0.0,True,In stock (3 available),One,Books,https://books.toscrape.com/media/cache/72/ec/72ec24f082aba608ca37bc3aeaf57317.jpg,Mystery,True
The Exiled,"Can anyone ever truly outrun his past?Back in the 1980s, Wes Raney was an ambitious New York City Narcotics Detective with a growing drug habit of his own. While working undercover on a high-risk case, he made decisions that ultimately cost him not only his career, but also his family. Disgraced, Raney fled-but history is finally catching up with him.Now in his early forti Can anyone ever truly outrun his past?Back in the 1980s, Wes Raney was an ambitious New York City Narcotics Detective with a growing drug habit of his own. While working undercover on a high-risk case, he made decisions that ultimately cost him not only his career, but also his family. Disgraced, Raney fled-but history is finally catching up with him.Now in his early forties, Raney has been living in exile, the sole homicide investigator covering a two-hundred-mile stretch of desert in New Mexico. His solitude is his salvation-but it ends when a brutal drug deal gone wrong results in a triple murder. Staged in a locked underground bunker, the crime reawakens Raney's haunted and violent past.From the vast, unforgiving landscape of the American west to the mean streets of New York, The Exiled is at once a riveting murder mystery and a brilliant portrait of a man on the run from himself, an unforgettable thriller that is ""impossible to put down"" (Frank Bill). ...more",Mystery,43.45,3,3,0,dd003e904727281a,https://books.toscrape.com/catalogue/the-exiled_247/index.html,247,43.45,43.45,0.0,True,In stock (3 available),Three,Books,https://books.toscrape.com/media/cache/dd/29/dd29147b962e4480491cac5bce41e4e4.jpg,Mystery,True
The Girl In The Ice (DCI Erika Foster #1),"Her eyes are wide open. Her lips parted as if to speak. Her dead body frozen in the ice…She is not the only one. When a young boy discovers the body of a woman beneath a thick sheet of ice in a South London park, Detective Erika Foster is called in to lead the murder investigation. The victim, a beautiful young socialite, appeared to have the perfect life. Yet when Erika b Her eyes are wide open. Her lips parted as if to speak. Her dead body frozen in the ice…She is not the only one. When a young boy discovers the body of a woman beneath a thick sheet of ice in a South London park, Detective Erika Foster is called in to lead the murder investigation. The victim, a beautiful young socialite, appeared to have the perfect life. Yet when Erika begins to dig deeper, she starts to connect the dots between the murder and the killings of three prostitutes, all found strangled, hands bound and dumped in water around London. What dark secrets is the girl in the ice hiding? As Erika inches closer to uncovering the truth, the killer is closing in on Erika. The last investigation Erika led went badly wrong… resulting in the death of her husband. With her career hanging by a thread, Erika must now battle her own personal demons as well as a killer more deadly than any she’s faced before. But will she get to him before he strikes again?A page-turning thriller packed with suspense. If you like Angela Marsons, Rachel Abbott and Karin Slaughter, discover Rob Bryndza’s new series today – at a special launch price. Watch out for more from DCI Erika FosterShe’s fearless. Respected. Unstoppable. Detective Erika Foster will catch a killer, whatever it takes. 1. THE GIRL IN THE ICE 2. THE NIGHT STALKER (COMING SOON) ...more",Mystery,15.85,3,1,0,ee61197edb882599,https://books.toscrape.com/catalogue/the-girl-in-the-ice-dci-erika-foster-1_65/index.html,65,15.85,15.85,0.0,True,In stock (1 available),Three,Books,https://books.toscrape.com/media/cache/83/54/835421d17d99c89fd99d07e17806357b.jpg,Mystery,True
The Girl You Lost,"Eighteen years ago your baby daughter was snatched. Today, she came back. A sinister and darkly compelling psychological thriller from the No.1 bestselling author of The Girl With No Past. Eighteen years ago, Simone Porter’s six-month-old daughter, Helena, was abducted. Simone and husband, Matt, have slowly rebuilt their shattered lives, but the pain at losing their child Eighteen years ago your baby daughter was snatched. Today, she came back. A sinister and darkly compelling psychological thriller from the No.1 bestselling author of The Girl With No Past. Eighteen years ago, Simone Porter’s six-month-old daughter, Helena, was abducted. Simone and husband, Matt, have slowly rebuilt their shattered lives, but the pain at losing their child has never left them. Then a young woman, Grace, appears out of the blue and tells Simone she has information about her stolen baby. But just who is Grace – and can Simone trust her? When Grace herself disappears, Simone becomes embroiled in a desperate search for her daughter and the woman who has vital clues about her whereabouts. Simone is inching closer to the truth but it’ll take her into dangerous and disturbing territory. Simone lost her baby. Will she lose her life trying to find her? Read what people are saying about the Number One Bestseller, The Girl With No Past: ‘I read this in a day and found myself totally engaged with the plot. Kathryn Croft has pulled off a very accessible mystery, that exceeded my expectations and shows her talent. The ending was just right! Worth a read if you fancy a well paced mystery, on these dark autumnal nights.’ Northern Crime ‘Kept the tension and mystery going right until the end … An intense read that keeps you turning page after page.’ Crime Book Club ‘Wow! This book grabbed me from the very beginning! … To say this book is a page turner would be an understatement!’ Chat About Books ‘It kept me up all night and cost me my beauty sleep! I will get it out of the way immediately and tell you that this is one of the best thrillers I have read this year and it is fully deserving of my 5-star rating.’ Books Are Man’s Other Best Friend ‘BLIMEY. This book is GRIPPY - I sat and read it over the course of a day and a night, purely because I couldn't put it down.’ Reading Room with a View ‘The reader is kept guessing until the end. It's perfection for a thriller and the author does amazingly to keep our intrigue.’ Chic Toronto ‘Gripping, a real page turner… Excellent plot, and gripping stuff, that keeps the reader guessing until the end … raced to the end to find out what was happening and how it would all end … what a storyteller Kathryn Croft is!’ Emma’s Book Reviews ‘The concept of this book, and the story itself is phenomenal - honestly one of the best i have read, it really does outshine all other thrillers i have read.’ Afternoon Bookery ‘I really enjoyed this from start to finish. It's one of these books where you just HAVE to read JUST a couple more pages to see what is going to happen next. The author is very good at building suspense and revealing details bit by bit. It was totally unpredictable and had some very good twists. ...more",Mystery,12.29,5,1,0,4280ac3eab57aa5d,https://books.toscrape.com/catalogue/the-girl-you-lost_66/index.html,66,12.29,12.29,0.0,True,In stock (1 available),Five,Books,https://books.toscrape.com/media/cache/28/15/2815974db428ea019fc84e08af23095b.jpg,Mystery,True
The Last Mile (Amos Decker #2),"In his #1 New York Times bestseller Memory Man, David Baldacci introduced the extraordinary detective Amos Decker-the man who can forget nothing. Now, Decker returns in a spectacular new thriller . . . THE LAST MILEConvicted murderer Melvin Mars is counting down the last hours before his execution--for the violent killing of his parents twenty years earlier--when he's gran In his #1 New York Times bestseller Memory Man, David Baldacci introduced the extraordinary detective Amos Decker-the man who can forget nothing. Now, Decker returns in a spectacular new thriller . . . THE LAST MILEConvicted murderer Melvin Mars is counting down the last hours before his execution--for the violent killing of his parents twenty years earlier--when he's granted an unexpected reprieve. Another man has confessed to the crime.Amos Decker, newly hired on an FBI special task force, takes an interest in Mars's case after discovering the striking similarities to his own life: Both men were talented football players with promising careers cut short by tragedy. Both men's families were brutally murdered. And in both cases, another suspect came forward, years after the killing, to confess to the crime. A suspect who may or may not have been telling the truth.The confession has the potential to make Melvin Mars--guilty or not--a free man. Who wants Mars out of prison? And why now?But when a member of Decker's team disappears, it becomes clear that something much larger--and more sinister--than just one convicted criminal's life hangs in the balance. Decker will need all of his extraordinary brainpower to stop an innocent man from being executed. ...more",Mystery,54.21,2,14,0,3bc89353f7e3a3cc,https://books.toscrape.com/catalogue/the-last-mile-amos-decker-2_754/index.html,754,54.21,54.21,0.0,True,In stock (14 available),Two,Books,https://books.toscrape.com/media/cache/e6/dc/e6dcc8f75214eb14edc1ce09c98f3d71.jpg,Mystery,True
The Murder of Roger Ackroyd (Hercule Poirot #4),"In the village of King's Abbot, a widow's sudden suicide sparks rumors that she murdered her first husband, was being blackmailed, and was carrying on a secret affair with the wealthy Roger Ackroyd. The following evening, Ackroyd is murdered in his locked study--but not before receiving a letter identifying the widow's blackmailer. King's Abbot is crawling with suspects, i In the village of King's Abbot, a widow's sudden suicide sparks rumors that she murdered her first husband, was being blackmailed, and was carrying on a secret affair with the wealthy Roger Ackroyd. The following evening, Ackroyd is murdered in his locked study--but not before receiving a letter identifying the widow's blackmailer. King's Abbot is crawling with suspects, including a nervous butler, Ackroyd's wayward stepson, and his sister-in-law, Mrs. Cecil Ackroyd, who has taken up residence in the victim's home. It's now up to the famous detective Hercule Poirot, who has retired to King's Abbot to garden, to solve the case of who killed Roger Ackroyd--a task in which he is aided by the village doctor and narrator, James Sheppard, and by Sheppard's ingenious sister, Caroline.The Murder of Roger Ackroyd is the book that made Agatha Christie a household name and launched her career as a perennial bestseller. Originally published in 1926, it is a landmark in the mystery genre. It was in the vanguard of a new class of popular detective fiction that ushered in the modern era of mystery novels. ...more",Mystery,44.1,4,15,0,c7b5183f4d1d4efe,https://books.toscrape.com/catalogue/the-murder-of-roger-ackroyd-hercule-poirot-4_852/index.html,852,44.1,44.1,0.0,True,In stock (15 available),Four,Books,https://books.toscrape.com/media/cache/86/38/8638ba095b3b32e0abdef170e7bc4fd6.jpg,Mystery,True
The Mysterious Affair at Styles (Hercule Poirot #1),"Poirot, a Belgian refugee of the Great War, is settling in England near the home of Emily Inglethorp, who helped him to his new life. His friend Hastings arrives as a guest at her home. When the woman is killed, Poirot uses his detective skills to solve the mystery.",Mystery,24.8,4,6,0,2da5edf8b5776c9a,https://books.toscrape.com/catalogue/the-mysterious-affair-at-styles-hercule-poirot-1_452/index.html,452,24.8,24.8,0.0,True,In stock (6 available),Four,Books,https://books.toscrape.com/media/cache/6b/61/6b61d393f0731f6c52182ba3cf41e245.jpg,Mystery,True
The No. 1 Ladies' Detective Agency (No. 1 Ladies' Detective Agency #1),"The No.1 ladies' detective agency consists of one woman, the engaging and sassy Precious Ramotswe, who sets up shop in Gabarone, Botswana. This unlikely herione specialises in missing husbands, wayward daughters, con men and impostors.",Mystery,57.7,4,1,0,b0913e67d38d5ed5,https://books.toscrape.com/catalogue/the-no-1-ladies-detective-agency-no-1-ladies-detective-agency-1_76/index.html,76,57.7,57.7,0.0,True,In stock (1 available),Four,Books,https://books.toscrape.com/media/cache/62/8c/628c0151226402726149c98549671250.jpg,Mystery,True
The Past Never Ends,"A simple task, Attorney Chester Morgan thinks. Get a copy of a public record for a young man whose only friend has died in an unexplained accidental death. Except... The police file regarding the demise of sex worker Tanya Everly has been sealed by the order of the chief of police, and no one will talk. Warned to drop the matter, Attorney Morgan knows that if he doesn't sp A simple task, Attorney Chester Morgan thinks. Get a copy of a public record for a young man whose only friend has died in an unexplained accidental death. Except... The police file regarding the demise of sex worker Tanya Everly has been sealed by the order of the chief of police, and no one will talk. Warned to drop the matter, Attorney Morgan knows that if he doesn't speak for the dead young woman, no one will. Haunted by his discovery of the body of a prominent local oilman, Morgan pursues a quest for justice that puts his reputation, career, and life at risk. A journey that takes him into the dark shadows of the sex-for-sale business, into the marble courtrooms of Oklahoma, and into the aching loneliness of his own soul. Set in the American Southwest in the days before 9/11, The Past Never Ends is both a complex murder mystery and a meditation on the self-perpetuating nature of injustice and the ethereal nature of justice itself. ...more",Mystery,56.5,4,16,0,5ee94540d0749ea0,https://books.toscrape.com/catalogue/the-past-never-ends_942/index.html,942,56.5,56.5,0.0,True,In stock (16 available),Four,Books,https://books.toscrape.com/media/cache/9d/f2/9df248dcefeaba9eeb519a59b248f72c.jpg,Mystery,True
The Silkworm (Cormoran Strike #2),"Private investigator Cormoran Strike returns in a new mystery from Robert Galbraith, author of the #1 international bestseller The Cuckoo's Calling.When novelist Owen Quine goes missing, his wife calls in private detective Cormoran Strike. At first, Mrs. Quine just thinks her husband has gone off by himself for a few days—as he has done before—and she wants Strike to find Private investigator Cormoran Strike returns in a new mystery from Robert Galbraith, author of the #1 international bestseller The Cuckoo's Calling.When novelist Owen Quine goes missing, his wife calls in private detective Cormoran Strike. At first, Mrs. Quine just thinks her husband has gone off by himself for a few days—as he has done before—and she wants Strike to find him and bring him home.But as Strike investigates, it becomes clear that there is more to Quine's disappearance than his wife realizes. The novelist has just completed a manuscript featuring poisonous pen-portraits of almost everyone he knows. If the novel were to be published, it would ruin lives—meaning that there are a lot of people who might want him silenced.When Quine is found brutally murdered under bizarre circumstances, it becomes a race against time to understand the motivation of a ruthless killer, a killer unlike any Strike has encountered before... ...more",Mystery,23.05,5,3,0,f06039c29b5891fa,https://books.toscrape.com/catalogue/the-silkworm-cormoran-strike-2_280/index.html,280,23.05,23.05,0.0,True,In stock (3 available),Five,Books,https://books.toscrape.com/media/cache/fa/d2/fad227281b25d606782218a33323991b.jpg,Mystery,True
The Widow,"THE NEW YORK TIMESBESTSELLERFor fans of Gone Girl and The Girl on the Train, an electrifying thriller that will take you into the dark spaces that exist between a husband and a wife.When the police started asking questions, Jean Taylor turned into a different woman. One who enabled her and her husband to carry on, when more bad things began to happen... But that woman’s h THE NEW YORK TIMES BESTSELLERFor fans of Gone Girl and The Girl on the Train, an electrifying thriller that will take you into the dark spaces that exist between a husband and a wife.When the police started asking questions, Jean Taylor turned into a different woman. One who enabled her and her husband to carry on, when more bad things began to happen... But that woman’s husband died last week. And Jean doesn’t have to be her anymore. There’s a lot Jean hasn’t said over the years about the crime her husband was suspected of committing. She was too busy being the perfect wife, standing by her man while living with the accusing glares and the anonymous harassment. Now there’s no reason to stay quiet. There are people who want to hear her story. They want to know what it was like living with that man. She can tell them that there were secrets. There always are in a marriage. The truth—that’s all anyone wants. But the one lesson Jean has learned in the last few years is that she can make people believe anything… ...more",Mystery,27.26,2,11,0,6159d8b187831770,https://books.toscrape.com/catalogue/the-widow_609/index.html,609,27.26,27.26,0.0,True,In stock (11 available),Two,Books,https://books.toscrape.com/media/cache/e4/37/e43737572b04c7ad28b35f3da29eb8dd.jpg,Mystery,True
What Happened on Beale Street (Secrets of the South Mysteries #2),"What Happened on Beale Street is an exciting addition to the Secrets of the South Mysteries from bestselling author Mary Ellis. These standalone, complex crime dramas follow a private investigator's quest to make the world a better place...solving one case at a time.A cryptic plea for help from a childhood friend sends cousins Nate and Nicki Price from New Orleans to Memph What Happened on Beale Street is an exciting addition to the Secrets of the South Mysteries from bestselling author Mary Ellis. These standalone, complex crime dramas follow a private investigator's quest to make the world a better place...solving one case at a time.A cryptic plea for help from a childhood friend sends cousins Nate and Nicki Price from New Orleans to Memphis, the home of scrumptious barbecue and soulful blues music. When they arrive at Danny Andre's last known address, they discover signs of a struggle and a lifestyle not in keeping with the former choirboy they fondly remember.Danny's sister, Isabelle, reluctantly accepts their help. She and Nate aren't on the best of terms due to a complicated past, yet they will have to get beyond that if they want to save Danny.On top of Danny's alarming disappearance and his troubled relationship with Isabelle, Nate also has to rein in his favorite cousin's overzealousness as a new and eager PI. Confronted with a possible murder, mystery, and mayhem in the land of the Delta blues, Nate must rely on his faith and investigative experience to keep one or more of them from getting killed. ...more",Mystery,25.37,5,7,0,9735c969c652dd89,https://books.toscrape.com/catalogue/what-happened-on-beale-street-secrets-of-the-south-mysteries-2_506/index.html,506,25.37,25.37,0.0,True,In stock (7 available),Five,Books,https://books.toscrape.com/media/cache/2c/68/2c6857eb1c10995c8b9e77a1804f68cd.jpg,Mystery,True
#HigherSelfie: Wake Up Your Life. Free Your Soul. Find Your Tribe.,"There is a cosmic alarm clock going off around the world! #HigherSelfie's aim is to unite all those waking up spiritually in this digital age. This book is a guide to love, connection, and kickass surrendered action for young people who have at least a toe in the door of spirituality. With a no-nonsense approach and full of wit and humor, this book shares age-old concepts There is a cosmic alarm clock going off around the world! #HigherSelfie's aim is to unite all those waking up spiritually in this digital age. This book is a guide to love, connection, and kickass surrendered action for young people who have at least a toe in the door of spirituality. With a no-nonsense approach and full of wit and humor, this book shares age-old concepts in a language that is accessible to the modern spiritual audience. Whether you have just bought a yoga mat or have been meditating for years, this book will offer you guidance and support, whatever stage of the journey you're at. Life coaches Jo Westwood and Lucy Sheridan touch upon timeless topics such as forgiveness, surrender and the ego, as well as subjects specific to the current age, such as using social media in a healthy way, finding a like-minded tribe, and following your own spiritual and life paths without comparing yourself to others. Whether you're a Reiki master, climbing the corporate ladder or working in a suburban garden center #HigherSelfie will be the perfect ‘gateway drug’ for those looking for something deeper and more meaningful. ...more",Nonfiction,23.11,5,17,0,c27f6e1f185b0383,https://books.toscrape.com/catalogue/higherselfie-wake-up-your-life-free-your-soul-find-your-tribe_957/index.html,957,23.11,23.11,0.0,True,In stock (17 available),Five,Books,https://books.toscrape.com/media/cache/71/45/71451e3bba61a8d888a4a2c6526a4bcf.jpg,Nonfiction,True
"10% Happier: How I Tamed the Voice in My Head, Reduced Stress Without Losing My Edge, and Found Self-Help That Actually Works","After having a nationally televised panic attack on Good Morning America, Dan Harris knew he had to make some changes. After learning about research that suggests meditation can do everything from lower your blood pressure to essentially rewire your brain, Harris took a deep dive into the underreported world of CEOs, scientists, and even marines who are now using it for in After having a nationally televised panic attack on Good Morning America, Dan Harris knew he had to make some changes. After learning about research that suggests meditation can do everything from lower your blood pressure to essentially rewire your brain, Harris took a deep dive into the underreported world of CEOs, scientists, and even marines who are now using it for increased calm, focus, and happiness. 10% Happier takes readers on a ride from the outer reaches of neuroscience to the inner sanctum of network news to the bizarre fringes of America's spiritual scene, and leaves them with a takeaway that could actually change their lives ...more",Nonfiction,24.57,2,10,0,34669b2e9d407d3a,https://books.toscrape.com/catalogue/10-happier-how-i-tamed-the-voice-in-my-head-reduced-stress-without-losing-my-edge-and-found-self-help-that-actually-works_582/index.html,582,24.57,24.57,0.0,True,In stock (10 available),Two,Books,https://books.toscrape.com/media/cache/dd/89/dd8974991a279418738f38d5561979c4.jpg,Nonfiction,True
13 Hours: The Inside Account of What Really Happened In Benghazi,"The harrowing, true account from the brave men on the ground who fought back during the Battle of Benghazi. 13 HOURS presents, for the first time ever, the true account of the events of September 11, 2012, when terrorists attacked the US State Department Special Mission Compound and a nearby CIA station called the Annex in Benghazi, Libya. A team of six American security The harrowing, true account from the brave men on the ground who fought back during the Battle of Benghazi. 13 HOURS presents, for the first time ever, the true account of the events of September 11, 2012, when terrorists attacked the US State Department Special Mission Compound and a nearby CIA station called the Annex in Benghazi, Libya. A team of six American security operators fought to repel the attackers and protect the Americans stationed there. Those men went beyond the call of duty, performing extraordinary acts of courage and heroism, to avert tragedy on a much larger scale. This is their personal account, never before told, of what happened during the thirteen hours of that now-infamous attack.13 HOURS sets the record straight on what happened during a night that has been shrouded in mystery and controversy. Written by New York Times bestselling author Mitchell Zuckoff, this riveting book takes readers into the action-packed story of heroes who laid their lives on the line for one another, for their countrymen, and for their country.13 HOURS is a stunning, eye-opening, and intense book--but most importantly, it is the truth. The story of what happened to these men--and what they accomplished--is unforgettable. ...more",Nonfiction,27.06,1,13,0,4be9d1910f8a4e80,https://books.toscrape.com/catalogue/13-hours-the-inside-account-of-what-really-happened-in-benghazi_645/index.html,645,27.06,27.06,0.0,True,In stock (13 available),One,Books,https://books.toscrape.com/media/cache/db/8d/db8dda82c57fd0c2b466d40c04ed6075.jpg,Nonfiction,True
A Mother's Reckoning: Living in the Aftermath of Tragedy,"On April 20, 1999, Eric Harris and Dylan Klebold walked into Columbine High School in Littleton, Colorado. Over the course of minutes, they would kill twelve students and a teacher and wound twenty-four others before taking their own lives.For the last sixteen years, Sue Klebold, Dylan’s mother, has lived with the indescribable grief and shame of that day. How could her ch On April 20, 1999, Eric Harris and Dylan Klebold walked into Columbine High School in Littleton, Colorado. Over the course of minutes, they would kill twelve students and a teacher and wound twenty-four others before taking their own lives. For the last sixteen years, Sue Klebold, Dylan’s mother, has lived with the indescribable grief and shame of that day. How could her child, the promising young man she had loved and raised, be responsible for such horror? And how, as his mother, had she not known something was wrong? Were there subtle signs she had missed? What, if anything, could she have done differently? These are questions that Klebold has grappled with every day since the Columbine tragedy. In A Mother’s Reckoning, she chronicles with unflinching honesty her journey as a mother trying to come to terms with the incomprehensible. In the hope that the insights and understanding she has gained may help other families recognize when a child is in distress, she tells her story in full, drawing upon her personal journals, the videos and writings that Dylan left behind, and on countless interviews with mental health experts. Filled with hard-won wisdom and compassion, A Mother’s Reckoning is a powerful and haunting book that sheds light on one of the most pressing issues of our time. And with fresh wounds from the recent Newtown and Charleston shootings, never has the need for understanding been more urgent. Author profits from the book will be donated to research and to charitable foundations focusing on mental health issues ...more",Nonfiction,19.53,3,11,0,2b69dec0193511d9,https://books.toscrape.com/catalogue/a-mothers-reckoning-living-in-the-aftermath-of-tragedy_585/index.html,585,19.53,19.53,0.0,True,In stock (11 available),Three,Books,https://books.toscrape.com/media/cache/32/86/32861b2d37c7b8da7bbce3a86a27123b.jpg,Nonfiction,True
"A Murder Over a Girl: Justice, Gender, Junior High","A psychologist's gripping, troubling, and moving exploration of the brutal murder of a possibly transgender middle school student by an eighth grade classmateOn Feb. 12, 2008, at E. O. Green Junior High in Oxnard, CA, 14-year-old Brandon McInerney shot and killed his classmate, Larry King, who had recently begun to call himself ""Leticia"" and wear makeup and jewelry to scho A psychologist's gripping, troubling, and moving exploration of the brutal murder of a possibly transgender middle school student by an eighth grade classmateOn Feb. 12, 2008, at E. O. Green Junior High in Oxnard, CA, 14-year-old Brandon McInerney shot and killed his classmate, Larry King, who had recently begun to call himself ""Leticia"" and wear makeup and jewelry to school.Profoundly shaken by the news, and unsettled by media coverage that sidestepped the issues of gender identity and of race integral to the case, psychologist Ken Corbett traveled to LA to attend the trial. As visions of victim and perpetrator were woven and unwoven in the theater of the courtroom, a haunting picture emerged not only of the two young teenagers, but also of spectators altered by an atrocity and of a community that had unwittingly gestated a murder. Drawing on firsthand observations, extensive interviews and research, as well as on his decades of academic work on gender and sexuality, Corbett holds each murky facet of this case up to the light, exploring the fault lines of memory and the lacunae of uncertainty behind facts. Deeply compassionate, and brimming with wit and acute insight, A Murder Over a Girl is a riveting and stranger-than-fiction drama of the human psyche. ...more",Nonfiction,13.2,3,8,0,fef91502cbacf23a,https://books.toscrape.com/catalogue/a-murder-over-a-girl-justice-gender-junior-high_511/index.html,511,13.2,13.2,0.0,True,In stock (8 available),Three,Books,https://books.toscrape.com/media/cache/98/e3/98e30c1a7b9f2acd9e44d77e0a7dbff1.jpg,Nonfiction,True
A Walk in the Woods: Rediscovering America on the Appalachian Trail,"The Appalachian Trail trail stretches from Georgia to Maine and covers some of the most breathtaking terrain in America–majestic mountains, silent forests, sparking lakes. If you’re going to take a hike, it’s probably the place to go. And Bill Bryson is surely the most entertaining guide you’ll find. He introduces us to the history and ecology of the trail and to some of t The Appalachian Trail trail stretches from Georgia to Maine and covers some of the most breathtaking terrain in America–majestic mountains, silent forests, sparking lakes. If you’re going to take a hike, it’s probably the place to go. And Bill Bryson is surely the most entertaining guide you’ll find. He introduces us to the history and ecology of the trail and to some of the other hardy (or just foolhardy) folks he meets along the way–and a couple of bears. Already a classic, A Walk in the Woods will make you long for the great outdoors (or at least a comfortable chair to sit and read in). ...more",Nonfiction,30.48,4,3,0,bcee4f289ff6699c,https://books.toscrape.com/catalogue/a-walk-in-the-woods-rediscovering-america-on-the-appalachian-trail_118/index.html,118,30.48,30.48,0.0,True,In stock (3 available),Four,Books,https://books.toscrape.com/media/cache/39/51/3951dc08d449aa692ce82eefb692254e.jpg,Nonfiction,True
Abstract City,"In July 2008, illustrator and designer Christoph Niemann began Abstract City, a visual blog for the New York Times. His posts were inspired by the desire to re-create simple and everyday observations and stories from his own life that everyone could relate to. In Niemann’s hands, mundane experiences such as riding the subway or trying to get a good night’s sleep were trans In July 2008, illustrator and designer Christoph Niemann began Abstract City, a visual blog for the New York Times. His posts were inspired by the desire to re-create simple and everyday observations and stories from his own life that everyone could relate to. In Niemann’s hands, mundane experiences such as riding the subway or trying to get a good night’s sleep were transformed into delightful flights of visual fancy. The struggle to keep up with housework became a battle against adorable but crafty goblins, and nostalgia about New York manifested in simple but strikingly spot-on LEGO creations. This brilliantly illustrated collection of reflections on modern life includes all 16 of the original blog posts as well as a new chapter created exclusively for the book. Also available from Christoph Niemann: Sunday Sketching and I LEGO N.Y. Praise for Abstract City: “Everyday experiences—from looking at leaves to riding city subways—are funny and fresh and often a source of wonder when depicted by this brilliant graphic designer.” —Readers Digest “I will call Christoph when anything awful happens to me. And he will make me laugh like crazy about the whole thing. Because he is insanely funny and completely tenderly true. I love every column he did and will do.” —Maira Kalman, author/illustrator of And the Pursuit of Happiness “Christoph Niemann is the best illustrator alive. Every single time I come across a piece of his work, which is often as he either works all the time, or worse, draws incredibly fast, it is wonderful. While the rest of us are lucky to get a proper piece out here and there, Christoph produces hit after hit after hit. If he wasn’t such a genuinely sweet man, we’d surely hate his ass a lot.” —Stefan Sagmeister, author of Things I Have Learned in My Life So Far “Few books have more probingly and humorously gotten inside the mind and day-to-day experience of an artist.” —NPR.org ""What’s terrifying (to me, certainly, and possibly to many of his peers) is that nearly every idea he has seems to be equally well formed . . . once again, performing neat, virtuosic circles around the rest of us, to our delight."" —PRINT magazine ""Irresistible."" —Very Short List “A masterpiece of sophisticated humor, this is a brilliant one-of-a-kind work.” —Library Journal, starred review ...more",Nonfiction,56.37,5,14,0,cf1aa2fc02a7d1e0,https://books.toscrape.com/catalogue/abstract-city_658/index.html,658,56.37,56.37,0.0,True,In stock (14 available),Five,Books,https://books.toscrape.com/media/cache/5f/5e/5f5e2741d6c84f05fdd5adf8ba0d5642.jpg,Nonfiction,True
Agnostic: A Spirited Manifesto,"A widely admired writer on religion celebrates agnosticism as the most vibrant, engaging—and ultimately the most honest—stance toward the mysteries of existence. One in four Americans reject any affiliation with organized religion, and nearly half of those under thirty describe themselves as “spiritual but not religious.” But as the airwaves resound with the haranguing of A widely admired writer on religion celebrates agnosticism as the most vibrant, engaging—and ultimately the most honest—stance toward the mysteries of existence. One in four Americans reject any affiliation with organized religion, and nearly half of those under thirty describe themselves as “spiritual but not religious.” But as the airwaves resound with the haranguing of preachers and pundits, who speaks for the millions who find no joy in whittling the wonder of existence to a simple yes/no choice? Lesley Hazleton does. In this provocative, brilliant book, she gives voice to the case for agnosticism, breaks it free of its stereotypes as watered-down atheism or amorphous “seeking,” and celebrates it as a reasoned, revealing, and sustaining stance toward life. Stepping over the lines imposed by rigid conviction, she draws on philosophy, theology, psychology, science, and more to explore, with curiosity and passion, the vital role of mystery in a deceptively information-rich world; to ask what we mean by the search for meaning; to invoke the humbling yet elating perspective of infinity; to challenge received ideas about death; and to reconsider what “the soul” might be. Inspired and inspiring, Agnostic recasts the question of belief not as a problem to be solved but as an invitation to an ongoing, open-ended adventure of the mind. ...more",Nonfiction,12.51,5,15,0,d195e7f4ed697350,https://books.toscrape.com/catalogue/agnostic-a-spirited-manifesto_786/index.html,786,12.51,12.51,0.0,True,In stock (15 available),Five,Books,https://books.toscrape.com/media/cache/66/03/6603ceb9ac44fb012f8bf54383bc0165.jpg,Nonfiction,True
Algorithms to Live By: The Computer Science of Human Decisions,"A fascinating exploration of how insights from computer algorithms can be applied to our everyday lives, helping to solve common decision-making problems and illuminate the workings of the human mindAll our lives are constrained by limited space and time, limits that give rise to a particular set of problems. What should we do, or leave undone, in a day or a lifetime? How A fascinating exploration of how insights from computer algorithms can be applied to our everyday lives, helping to solve common decision-making problems and illuminate the workings of the human mindAll our lives are constrained by limited space and time, limits that give rise to a particular set of problems. What should we do, or leave undone, in a day or a lifetime? How much messiness should we accept? What balance of new activities and familiar favorites is the most fulfilling? These may seem like uniquely human quandaries, but they are not: computers, too, face the same constraints, so computer scientists have been grappling with their version of such issues for decades. And the solutions they've found have much to teach us.In a dazzlingly interdisciplinary work, acclaimed author Brian Christian and cognitive scientist Tom Griffiths show how the algorithms used by computers can also untangle very human questions. They explain how to have better hunches and when to leave things to chance, how to deal with overwhelming choices and how best to connect with others. From finding a spouse to finding a parking spot, from organizing one's inbox to understanding the workings of memory, Algorithms to Live By transforms the wisdom of computer science into strategies for human living. ...more",Nonfiction,30.81,1,16,0,38d45839cb1c83c1,https://books.toscrape.com/catalogue/algorithms-to-live-by-the-computer-science-of-human-decisions_880/index.html,880,30.81,30.81,0.0,True,In stock (16 available),One,Books,https://books.toscrape.com/media/cache/28/ea/28ea530a8b7955e422df64beaed7871a.jpg,Nonfiction,True
Are We Smart Enough to Know How Smart Animals Are?,"What separates your mind from an animal’s? Maybe you think it’s your ability to design tools, your sense of self, or your grasp of past and future—all traits that have helped us define ourselves as the planet’s preeminent species. But in recent decades, these claims have eroded, or even been disproven outright, by a revolution in the study of animal cognition. Take the way What separates your mind from an animal’s? Maybe you think it’s your ability to design tools, your sense of self, or your grasp of past and future—all traits that have helped us define ourselves as the planet’s preeminent species. But in recent decades, these claims have eroded, or even been disproven outright, by a revolution in the study of animal cognition. Take the way octopuses use coconut shells as tools; elephants that classify humans by age, gender, and language; or Ayumu, the young male chimpanzee at Kyoto University whose flash memory puts that of humans to shame. Based on research involving crows, dolphins, parrots, sheep, wasps, bats, whales, and of course chimpanzees and bonobos, Frans de Waal explores both the scope and the depth of animal intelligence. He offers a firsthand account of how science has stood traditional behaviorism on its head by revealing how smart animals really are, and how we’ve underestimated their abilities for too long.People often assume a cognitive ladder, from lower to higher forms, with our own intelligence at the top. But what if it is more like a bush, with cognition taking different forms that are often incomparable to ours? Would you presume yourself dumber than a squirrel because you’re less adept at recalling the locations of hundreds of buried acorns? Or would you judge your perception of your surroundings as more sophisticated than that of a echolocating bat? De Waal reviews the rise and fall of the mechanistic view of animals and opens our minds to the idea that animal minds are far more intricate and complex than we have assumed. De Waal’s landmark work will convince you to rethink everything you thought you knew about animal—and human—intelligence. ...more",Nonfiction,56.58,1,3,0,da0349a87c8caa2f,https://books.toscrape.com/catalogue/are-we-smart-enough-to-know-how-smart-animals-are_121/index.html,121,56.58,56.58,0.0,True,In stock (3 available),One,Books,https://books.toscrape.com/media/cache/18/c1/18c1089811f55295b689bda892628fee.jpg,Nonfiction,True
Becoming Wise: An Inquiry into the Mystery and Art of Living,"“I’m a person who listens for a living. I listen for wisdom, and beauty, and for voices not shouting to be heard. This book chronicles some of what I’ve learned in what has become a conversation across time and generations, across disciplines and denominations.” Peabody Award-winning broadcaster and National Humanities Medalist Krista Tippett has interviewed the most extr “I’m a person who listens for a living. I listen for wisdom, and beauty, and for voices not shouting to be heard. This book chronicles some of what I’ve learned in what has become a conversation across time and generations, across disciplines and denominations.” Peabody Award-winning broadcaster and National Humanities Medalist Krista Tippett has interviewed the most extraordinary voices examining the great questions of meaning for our time. The heart of her work on her national public radio program and podcast, On Being, has been to shine a light on people whose insights kindle in us a sense of wonder and courage. Scientists in a variety of fields; theologians from an array of faiths; poets, activists, and many others have all opened themselves up to Tippett's compassionate yet searching conversation. In Becoming Wise, Tippett distills the insights she has gleaned from this luminous conversation in its many dimensions into a coherent narrative journey, over time and from mind to mind. The book is a master class in living, curated by Tippett and accompanied by a delightfully ecumenical dream team of teaching faculty. The open questions and challenges of our time are intimate and civilizational all at once, Tippett says – definitions of when life begins and when death happens, of the meaning of community and family and identity, of our relationships to technology and through technology. The wisdom we seek emerges through the raw materials of the everyday. And the enduring question of what it means to be human has now become inextricable from the question of who we are to each other. This book offers a grounded and fiercely hopeful vision of humanity for this century – of personal growth but also renewed public life and human spiritual evolution. It insists on the possibility of a common life for this century marked by resilience and redemption, with beauty as a core moral value and civility and love as muscular practice. Krista Tippett's great gift, in her work and in Becoming Wise, is to avoid reductive simplifications but still find the golden threads that weave people and ideas together into a shimmering braid. One powerful common denominator of the lessons imparted to Tippett is the gift of presence, of the exhilaration of engagement with life for its own sake, not as a means to an end. But presence does not mean passivity or acceptance of the status quo. Indeed Tippett and her teachers are people whose work meets, and often drives, powerful forces of change alive in the world today. In the end, perhaps the greatest blessing conveyed by the lessons of spiritual genius Tippett harvests in Becoming Wise is the strength to meet the world where it really is, and then to make it better. ...more",Nonfiction,27.43,2,15,0,919e7cb2269a25d2,https://books.toscrape.com/catalogue/becoming-wise-an-inquiry-into-the-mystery-and-art-of-living_795/index.html,795,27.43,27.43,0.0,True,In stock (15 available),Two,Books,https://books.toscrape.com/media/cache/33/65/3365a493bba6856798437c3e341a1e5d.jpg,Nonfiction,True
Being Mortal: Medicine and What Matters in the End,"In Being Mortal, bestselling author Atul Gawande tackles the hardest challenge of his profession: how medicine can not only improve life but also the process of its ending.Medicine has triumphed in modern times, transforming birth, injury, and infectious disease from harrowing to manageable. But in the inevitable condition of aging and death, the goals of medicine seem too In Being Mortal, bestselling author Atul Gawande tackles the hardest challenge of his profession: how medicine can not only improve life but also the process of its ending.Medicine has triumphed in modern times, transforming birth, injury, and infectious disease from harrowing to manageable. But in the inevitable condition of aging and death, the goals of medicine seem too frequently to run counter to the interest of the human spirit. Nursing homes, preoccupied with safety, pin patients into railed beds and wheelchairs. Hospitals isolate the dying, checking for vital signs long after the goals of cure have become moot. Doctors, committed to extending life, continue to carry out devastating procedures that in the end extend suffering.Gawande, a practicing surgeon, addresses his profession’s ultimate limitation, arguing that quality of life is the desired goal for patients and families. Gawande offers examples of freer, more socially fulfilling models for assisting the infirm and dependent elderly, and he explores the varieties of hospice care to demonstrate that a person's last weeks or months may be rich and dignified.Full of eye-opening research and riveting storytelling, Being Mortal asserts that medicine can comfort and enhance our experience even to the end, providing not only a good life but also a good end. ...more",Nonfiction,55.06,4,8,0,15ebd83e53d0391b,https://books.toscrape.com/catalogue/being-mortal-medicine-and-what-matters-in-the-end_512/index.html,512,55.06,55.06,0.0,True,In stock (8 available),Four,Books,https://books.toscrape.com/media/cache/73/ee/73ee61bd8724a36a83b691bb7b1a70b8.jpg,Nonfiction,True
Between the World and Me,"“This is your country, this is your world, this is your body, and you must find some way to live within the all of it.”In a profound work that pivots from the biggest questions about American history and ideals to the most intimate concerns of a father for his son, Ta-Nehisi Coates offers a powerful new framework for understanding our nation’s history and current crisis. A “This is your country, this is your world, this is your body, and you must find some way to live within the all of it.”In a profound work that pivots from the biggest questions about American history and ideals to the most intimate concerns of a father for his son, Ta-Nehisi Coates offers a powerful new framework for understanding our nation’s history and current crisis. Americans have built an empire on the idea of “race,” a falsehood that damages us all but falls most heavily on the bodies of black women and men—bodies exploited through slavery and segregation, and, today, threatened, locked up, and murdered out of all proportion. What is it like to inhabit a black body and find a way to live within it? And how can we all honestly reckon with this fraught history and free ourselves from its burden? Between the World and Me is Ta-Nehisi Coates’s attempt to answer these questions in a letter to his adolescent son. Coates shares with his son—and readers—the story of his awakening to the truth about his place in the world through a series of revelatory experiences, from Howard University to Civil War battlefields, from the South Side of Chicago to Paris, from his childhood home to the living rooms of mothers whose children’s lives were taken as American plunder. Beautifully woven from personal narrative, reimagined history, and fresh, emotionally charged reportage, Between the World and Me clearly illuminates the past, bracingly confronts our present, and offers a transcendent vision for a way forward. ...more",Nonfiction,56.91,4,8,0,04e3de7ac35ec5cd,https://books.toscrape.com/catalogue/between-the-world-and-me_513/index.html,513,56.91,56.91,0.0,True,In stock (8 available),Four,Books,https://books.toscrape.com/media/cache/35/5f/355fa36362b722a241788d687fbc91af.jpg,Nonfiction,True
Big Magic: Creative Living Beyond Fear,"Readers of all ages and walks of life have drawn inspiration and empowerment from Elizabeth Gilbert’s books for years. Now this beloved author digs deep into her own generative process to share her wisdom and unique perspective about creativity. With profound empathy and radiant generosity, she offers potent insights into the mysterious nature of inspiration. She asks us t Readers of all ages and walks of life have drawn inspiration and empowerment from Elizabeth Gilbert’s books for years. Now this beloved author digs deep into her own generative process to share her wisdom and unique perspective about creativity. With profound empathy and radiant generosity, she offers potent insights into the mysterious nature of inspiration. She asks us to embrace our curiosity and let go of needless suffering. She shows us how to tackle what we most love, and how to face down what we most fear. She discusses the attitudes, approaches, and habits we need in order to live our most creative lives. Balancing between soulful spirituality and cheerful pragmatism, Gilbert encourages us to uncover the “strange jewels” that are hidden within each of us. Whether we are looking to write a book, make art, find new ways to address challenges in our work, embark on a dream long deferred, or simply infuse our everyday lives with more mindfulness and passion, Big Magic cracks open a world of wonder and joy. ...more",Nonfiction,30.8,3,15,0,1f329c2e7d7de8bd,https://books.toscrape.com/catalogue/big-magic-creative-living-beyond-fear_796/index.html,796,30.8,30.8,0.0,True,In stock (15 available),Three,Books,https://books.toscrape.com/media/cache/78/a6/78a64cdef1ea38f3ddcc77f5e3fac5fd.jpg,Nonfiction,True
Black Flags: The Rise of ISIS,"Pulitzer Prize-winning reporter Joby Warrick reveals how the strain of militant Islam now raising its banner across Iraq and Syria spread from a remote Jordanian prison with the unwitting aid of American military intervention.When he succeeded his father in 1999, King Abdullah of Jordan released a batch of political prisoners in the hopes of smoothing his transition to pow Pulitzer Prize-winning reporter Joby Warrick reveals how the strain of militant Islam now raising its banner across Iraq and Syria spread from a remote Jordanian prison with the unwitting aid of American military intervention. When he succeeded his father in 1999, King Abdullah of Jordan released a batch of political prisoners in the hopes of smoothing his transition to power. Little did he know that among those released was Abu Musab al-Zarqawi, a man who would go on to become a terrorist mastermind too dangerous even for al-Qaeda and give rise to an Islamist movement bent on dominating the Middle East. Zarqawi began by directing hotel bombings and assassinations in Jordan from a base in northern Iraq, but it was the American invasion of that country in 2003 that catapulted him to the head of a vast insurgency. By identifying him as the link between Saddam and bin Laden, the CIA inadvertently created a monster. Like-minded radicals saw him as a hero resisting the infidel occupiers and rallied to his cause. Their wave of brutal beheadings and suicide bombings continued for years until Jordanian intelligence provided the Americans with the crucial intelligence needed to eliminate Zarqawi in a 2006 airstrike. But his movement endured, first called al-Qaeda in Iraq, then renamed Islamic State of Iraq and Syria, or ISIS, seeking refuge in unstable, ungoverned pockets on the Iraq-Syria border. And as the Syrian civil war broke out in 2011, ISIS seized its chance to pursue Zarqawi's dream of a sweeping, ultra-conservative Islamic caliphate. Drawing on unique access to CIA and Jordanian sources, Joby Warrick weaves together heart-pounding, moment-by-moment operational details with overarching historical perspectives to reveal the long trajectory of today's most dangerous Islamic extremist threat.From the Hardcover edition. ...more",Nonfiction,40.87,1,3,0,860318b8e244f39c,https://books.toscrape.com/catalogue/black-flags-the-rise-of-isis_131/index.html,131,40.87,40.87,0.0,True,In stock (3 available),One,Books,https://books.toscrape.com/media/cache/54/a3/54a3916506dc5bd1a6ea2200a3d0b28f.jpg,Nonfiction,True
Blink: The Power of Thinking Without Thinking,"In his landmark bestseller The Tipping Point, Malcolm Gladwell redefined how we understand the world around us. Now, in Blink, he revolutionizes the way we understand the world within. Blink is a book about how we think without thinking, about choices that seem to be made in an instant--in the blink of an eye--that actually aren't as simple as they seem. Why are some peopl In his landmark bestseller The Tipping Point, Malcolm Gladwell redefined how we understand the world around us. Now, in Blink, he revolutionizes the way we understand the world within. Blink is a book about how we think without thinking, about choices that seem to be made in an instant--in the blink of an eye--that actually aren't as simple as they seem. Why are some people brilliant decision makers, while others are consistently inept? Why do some people follow their instincts and win, while others end up stumbling into error? How do our brains really work-in the office, in the classroom, in the kitchen, and in the bedroom? And why are the best decisions often those that are impossible to explain to others?In Blink we meet the psychologist who has learned to predict whether a marriage will last, based on a few minutes of observing a couple; the tennis coach who knows when a player will double-fault before the racket even makes contact with the ball; the antiquities experts who recognize a fake at a glance. Here, too, are great failures of ""blink"": the election of Warren Harding; ""New Coke""; and the shooting of Amadou Diallo by police. Blink reveals that great decision makers aren't those who process the most information or spend the most time deliberating, but those who have perfected the art of ""thin-slicing""--filtering the very few factors that matter from an overwhelming number of variables.ContentsIntroduction: The statue that didn´t look right1. The Theory of Thin Slices: How a little bit of knowledge goes a long way2. The Locked Door: The secret life of snap decisions3. The Warren Harding Error: Why we fall for tall, dark, and handome men4. Paul Van Riper´s Big Victory: Creating structure for spontaneity5. Kenna´s Dilemma: The right -and wrong- way to ask people what they want6. Seven Seconds in the Bronx: The delicate art of mind readingConclusion: Listening with your eyes -the lessons of BlinkAfterwordNotesAcknowledgementsIndexReading Group Guide ...more",Nonfiction,21.74,5,3,0,0bbc48294707ba96,https://books.toscrape.com/catalogue/blink-the-power-of-thinking-without-thinking_132/index.html,132,21.74,21.74,0.0,True,In stock (3 available),Five,Books,https://books.toscrape.com/media/cache/41/be/41be12dcc78968882b11108acb79d1c7.jpg,Nonfiction,True
"Born to Run: A Hidden Tribe, Superathletes, and the Greatest Race the World Has Never Seen","Full of incredible characters, amazing athletic achievements, cutting-edge science, and, most of all, pure inspiration, Born to Run is an epic adventure that began with one simple question: Why does my foot hurt? In search of an answer, Christopher McDougall sets off to find a tribe of the world’s greatest distance runners and learn their secrets, and in the process shows Full of incredible characters, amazing athletic achievements, cutting-edge science, and, most of all, pure inspiration, Born to Run is an epic adventure that began with one simple question: Why does my foot hurt? In search of an answer, Christopher McDougall sets off to find a tribe of the world’s greatest distance runners and learn their secrets, and in the process shows us that everything we thought we knew about running is wrong.Isolated by the most savage terrain in North America, the reclusive Tarahumara Indians of Mexico’s deadly Copper Canyons are custodians of a lost art. For centuries they have practiced techniques that allow them to run hundreds of miles without rest and chase down anything from a deer to an Olympic marathoner while enjoying every mile of it. Their superhuman talent is matched by uncanny health and serenity, leaving the Tarahumara immune to the diseases and strife that plague modern existence. With the help of Caballo Blanco, a mysterious loner who lives among the tribe, the author was able not only to uncover the secrets of the Tarahumara but also to find his own inner ultra-athlete, as he trained for the challenge of a lifetime: a fifty-mile race through the heart of Tarahumara country pitting the tribe against an odd band of Americans, including a star ultramarathoner, a beautiful young surfer, and a barefoot wonder.With a sharp wit and wild exuberance, McDougall takes us from the high-tech science labs at Harvard to the sun-baked valleys and freezing peaks across North America, where ever-growing numbers of ultrarunners are pushing their bodies to the limit, and, finally, to the climactic race in the Copper Canyons. Born to Run is that rare book that will not only engage your mind but inspire your body when you realize that the secret to happiness is right at your feet, and that you, indeed all of us, were born to run. ...more",Nonfiction,27.35,2,3,0,e256de8aa0c2115f,https://books.toscrape.com/catalogue/born-to-run-a-hidden-tribe-superathletes-and-the-greatest-race-the-world-has-never-seen_133/index.html,133,27.35,27.35,0.0,True,In stock (3 available),Two,Books,https://books.toscrape.com/media/cache/3a/bd/3abdfc779aede13dbd2eefe34f91dbb1.jpg,Nonfiction,True
Brain on Fire: My Month of Madness,"An award-winning memoir and instant New York Times bestseller that goes far beyond its riveting medical mystery, Brain on Fire is the powerful account of one woman’s struggle to recapture her identity.When twenty-four-year-old Susannah Cahalan woke up alone in a hospital room, strapped to her bed and unable to move or speak, she had no memory of how she’d gotten there. Day An award-winning memoir and instant New York Times bestseller that goes far beyond its riveting medical mystery, Brain on Fire is the powerful account of one woman’s struggle to recapture her identity.When twenty-four-year-old Susannah Cahalan woke up alone in a hospital room, strapped to her bed and unable to move or speak, she had no memory of how she’d gotten there. Days earlier, she had been on the threshold of a new, adult life: at the beginning of her first serious relationship and a promising career at a major New York newspaper. Now she was labeled violent, psychotic, a flight risk. What happened?In a swift and breathtaking narrative, Cahalan tells the astonishing true story of her descent into madness, her family’s inspiring faith in her, and the lifesaving diagnosis that nearly didn’t happen. ...more",Nonfiction,49.32,5,14,0,a80f66b254fe9eb3,https://books.toscrape.com/catalogue/brain-on-fire-my-month-of-madness_669/index.html,669,49.32,49.32,0.0,True,In stock (14 available),Five,Books,https://books.toscrape.com/media/cache/03/2c/032c97318d71f028d40ab6f5d2ae023f.jpg,Nonfiction,True
Brave Enough,"From the best-selling author of Wild, a collection of quotes--drawn from the wide range of her writings--that capture her wisdom, courage, and outspoken humor, presented in a gift-sized package that's as irresistible to give as it is to receive. Around the world, thousands of people have found inspiration in the words of Cheryl Strayed, who in her three prior books and in From the best-selling author of Wild, a collection of quotes--drawn from the wide range of her writings--that capture her wisdom, courage, and outspoken humor, presented in a gift-sized package that's as irresistible to give as it is to receive. Around the world, thousands of people have found inspiration in the words of Cheryl Strayed, who in her three prior books and in her Dear Sugar columns has shared the twists and trials of her remarkable life. Her honesty, spirit, and ample supply of tough love have enabled many of us, even in the darkest hours, to somehow put one foot in front of the other--and be brave enough.This book gathers, each on a single page, more than 100 of Strayed's indelible quotes and thoughts--""mini instruction manuals for the soul"" that urge us toward the incredible capacity for love, compassion, forgiveness, and endurance that is within us all.Be brave enough to break your own heart.You can't ride to the fair unless you get on the pony.Keep walking.Acceptance is a small, quiet room.Romantic love is not a competitive sport.Forward is the direction of real life.Ask yourself: ""What is the best I can do?"" And then do that. ...more",Nonfiction,51.32,5,3,0,fd2337c1b73b686e,https://books.toscrape.com/catalogue/brave-enough_135/index.html,135,51.32,51.32,0.0,True,In stock (3 available),Five,Books,https://books.toscrape.com/media/cache/52/f5/52f5c0cb27e1f26b2639ff3f78acf833.jpg,Nonfiction,True
Brazen: The Courage to Find the You That's Been Hiding,"There are so many moments in life when we choose to silence our intuition, abandon our own voice, and play small because we wonder, deep down: ""Do I know who I really am? Is who I really am enough?"" It's courageous work to learn to live from our essential identity--loved, worthy, whole. But what if God is calling us to shamelessly recover the woman he created us to be? Wha There are so many moments in life when we choose to silence our intuition, abandon our own voice, and play small because we wonder, deep down: ""Do I know who I really am? Is who I really am enough?"" It's courageous work to learn to live from our essential identity--loved, worthy, whole. But what if God is calling us to shamelessly recover the woman he created us to be? What if God is urging us to be--for the first time in our lives--brazen? The word ""brazen"" means ""without shame."" Leeana Tankersley wants women to be just that--to unapologetically move from shame- and fear-based living toward lives that are based on love and belonging. With moving personal stories and spot-on observations of the longings we all experience--to know we are loved, to feel comfortable in our own skin, to be heard--Tankersley calls women to honor that voice deep down inside of them rather than bowing to outside influences that push them to become someone they're not. Gritty and overflowing with grace, Brazen will set women free to be truly themselves in a world bent on molding them in its image. ...more",Nonfiction,19.22,2,8,0,77e9ea355bd8ae57,https://books.toscrape.com/catalogue/brazen-the-courage-to-find-the-you-thats-been-hiding_514/index.html,514,19.22,19.22,0.0,True,In stock (8 available),Two,Books,https://books.toscrape.com/media/cache/4c/54/4c5479ee2b9edd4b2f22b888d139b08f.jpg,Nonfiction,True
Buying In: The Secret Dialogue Between What We Buy and Who We Are,"“Fascinating … A compelling blend of cultural anthropology and business journalism.” — Andrea Sachs, Time Magazine “An often startling tour of new cultural terrain.” — Laura Miller, Salon “Marked by meticulous research and careful conclusions, this superbly readable book confirms New York Times journalist Walker as an expert on consumerism. … [A] thoughtful and unhurried i “Fascinating … A compelling blend of cultural anthropology and business journalism.” — Andrea Sachs, Time Magazine “An often startling tour of new cultural terrain.” — Laura Miller, Salon “Marked by meticulous research and careful conclusions, this superbly readable book confirms New York Times journalist Walker as an expert on consumerism. … [A] thoughtful and unhurried investigation into consumerism that pushes the analysis to the maximum…” — Publisher’s Weekly (starred review) Brands are dead. Advertising no longer works. Weaned on TiVo, the Internet, and other emerging technologies, the short-attention-span generation has become immune to marketing. Consumers are “in control.” Or so we’re told.In Buying In, New York Times Magazine “Consumed” columnist Rob Walker argues that this accepted wisdom misses a much more important and lasting cultural shift. As technology has created avenues for advertising anywhere and everywhere, people are embracing brands more than ever before–creating brands of their own and participating in marketing campaigns for their favorite brands in unprecedented ways. Increasingly, motivated consumers are pitching in to spread the gospel virally, whether by creating Internet video ads for Converse All Stars or becoming word-of-mouth “agents” touting products to friends and family on behalf of huge corporations. In the process, they–we–have begun to funnel cultural, political, and community activities through connections with brands. Walker explores this changing cultural landscape–including a practice he calls “murketing,” blending the terms murky and marketing–by introducing us to the creative marketers, entrepreneurs, artists, and community organizers who have found a way to thrive within it. Using profiles of brands old and new, including Timberland, American Apparel, Pabst Blue Ribbon, Red Bull, iPod, and Livestrong, Walker demonstrates the ways in which buyers adopt products, not just as consumer choices, but as conscious expressions of their identities. Part marketing primer, part work of cultural anthropology, Buying In reveals why now, more than ever, we are what we buy–and vice versa. Praise for Buying In “Walker … makes a startling claim: Far from being immune to advertising, as many people think, American consumers are increasingly active participants in the marketing process. … [He] leads readers through a series of lucid case studies to demonstrate that, in many cases, consumers actively participate in infusing a brand with meaning. … Convincing.” — Jay Dixit, The Washington Post “Walker lays out his theory in well-written, entertaining detail.” — Seth Stevenson, Slate “Buying In delves into the attitudes of the global consumer in the age of plenty, and, well, we aren’t too pretty. Walker carries the reader on a frenetically paced tour of senseless consumption spanning from Viking ranges to custom high-tops.” — Robert Blinn, Core77 “Rob Walker is one smart shopper.” — Jen Trolio, ReadyMade “The most trenchant psychoanalyst of our consumer selves is Rob Walker. This is a fresh and fascinating exploration of the places where material culture and identity intersect.” –Michael Pollan, author of In Defense of Food “This book has vast social implications, far beyond the fields of marketing and branding. It obliterates our old paradigm of companies (the bad guys) corrupting our children (the innocents) via commercials. In this new world, media-literate young people freely and willingly co-opt the brands, and most companies are clueless bystanders desperate to keep up. I really don't know if this is good news or bad news, but I can say, with certainty, that this book is a must-read.”–Po Bronson, author of What Should I Do with My Life? “Rob Walker is a gift. He shows that in our shattered, scattered world, powerful brands are existential, insinuating themselves into the human questions ‘What am I about?’ and ‘How do I connect?’ His insight that brand influence is becoming both more pervasive and more hidden–that we are not so self-defined as we like to think–should make us disturbed, and vigilant.”–Jim Collins, author of Good to Great“Rob Walker is a terrific writer who understands both human nature and the business world. His book is highly entertaining, but it’s also a deeply thoughtful look at the ways in which marketing meets the modern psyche.”–Bethany McLean, editor at large, Fortune, and co-author of The Smartest Guys in the Room“Are we living in an era of YouTube-empowered, brand-rejecting consumers? Rob Walker has the surprising answers, and you won’t want to miss this joyride through the front lines of consumer culture. A marketing must-read.”–Chip Heath and Dan Heath, authors of Made to Stick “Rob Walker brilliantly deconstructs the religion of consumption. Love his column, couldn’t put his book down.”–Paco Underhill, author of Why We Buy ...more",Nonfiction,37.8,4,14,0,16ef91b9d827859c,https://books.toscrape.com/catalogue/buying-in-the-secret-dialogue-between-what-we-buy-and-who-we-are_670/index.html,670,37.8,37.8,0.0,True,In stock (14 available),Four,Books,https://books.toscrape.com/media/cache/db/36/db3686ef6b30490998c1b24dbdf730d8.jpg,Nonfiction,True
Call the Nurse: True Stories of a Country Nurse on a Scottish Isle,"Tired of the pace and noise of life near London and longing for a better place to raise their young children, Mary J. MacLeod and her husband encountered their dream while vacationing on a remote island in the Scottish Hebrides. Enthralled by its windswept beauty, they soon were the proud owners of a near-derelict croft house--a farmer's stone cottage--on ""a small acre"" of Tired of the pace and noise of life near London and longing for a better place to raise their young children, Mary J. MacLeod and her husband encountered their dream while vacationing on a remote island in the Scottish Hebrides. Enthralled by its windswept beauty, they soon were the proud owners of a near-derelict croft house--a farmer's stone cottage--on ""a small acre"" of land. Mary assumed duties as the island's district nurse. Call the Nurse is her account of the enchanted years she and her family spent there, coming to know its folk as both patients and friends.In anecdotes that are by turns funny, sad, moving, and tragic, she recalls them all, the crofters and their laird, the boatmen and tradesmen, young lovers and forbidding churchmen. Against the old-fashioned island culture and the grandeur of mountain and sea unfold indelible stories: a young woman carried through snow for airlift to the hospital; a rescue by boat; the marriage of a gentle giant and the island beauty; a ghostly encounter; the shocking discovery of a woman in chains; the flames of a heather fire at night; an unexploded bomb from World War II; and the joyful, tipsy celebration of a ceilidh. Gaelic fortitude meets a nurse's compassion in these wonderful true stories from rural Scotland. ...more",Nonfiction,29.14,5,16,0,bee3672891cca906,https://books.toscrape.com/catalogue/call-the-nurse-true-stories-of-a-country-nurse-on-a-scottish-isle_885/index.html,885,29.14,29.14,0.0,True,In stock (16 available),Five,Books,https://books.toscrape.com/media/cache/c5/f2/c5f2361aab546bc7f851cf93aec94ca3.jpg,Nonfiction,True
Chernobyl 01:23:40: The Incredible True Story of the World's Worst Nuclear Disaster,"At 01:23:40 on April 26th 1986, Alexander Akimov pressed the emergency shutdown button at Chernobyl’s fourth nuclear reactor. It was an act that forced the permanent evacuation of a city, killed thousands and crippled the Soviet Union. The event spawned decades of conflicting, exaggerated and inaccurate stories.This book, the result of five years of research, presents an a At 01:23:40 on April 26th 1986, Alexander Akimov pressed the emergency shutdown button at Chernobyl’s fourth nuclear reactor. It was an act that forced the permanent evacuation of a city, killed thousands and crippled the Soviet Union. The event spawned decades of conflicting, exaggerated and inaccurate stories.This book, the result of five years of research, presents an accessible but comprehensive account of what really happened. From the desperate fight to prevent a burning reactor core from irradiating eastern Europe, to the self-sacrifice of the heroic men who entered fields of radiation so strong that machines wouldn’t work, to the surprising truth about the legendary ‘Chernobyl divers’, all the way through to the USSR’s final show-trial. The historical narrative is interwoven with a story of the author’s own spontaneous journey to Ukraine’s still-abandoned city of Pripyat and the wider Chernobyl Zone.Complete with over 45 pages of photographs of modern-day Pripyat and technical diagrams of the power station, Chernobyl 01:23:40 is a fascinating new account of the world’s worst nuclear disaster. ...more",Nonfiction,35.92,2,9,0,7186241e043de5dc,https://books.toscrape.com/catalogue/chernobyl-012340-the-incredible-true-story-of-the-worlds-worst-nuclear-disaster_560/index.html,560,35.92,35.92,0.0,True,In stock (9 available),Two,Books,https://books.toscrape.com/media/cache/58/4a/584ac01e05ae76b1672f25a53384c617.jpg,Nonfiction,True
"Daring Greatly: How the Courage to Be Vulnerable Transforms the Way We Live, Love, Parent, and Lead","Researcher and thought leader Dr. Brené Brown offers a powerful new vision that encourages us to dare greatly: to embrace vulnerability and imperfection, to live wholeheartedly, and to courageously engage in our lives. “It is not the critic who counts; not the man who points out how the strong man stumbles, or where the doer of deeds could have done them better. The credit Researcher and thought leader Dr. Brené Brown offers a powerful new vision that encourages us to dare greatly: to embrace vulnerability and imperfection, to live wholeheartedly, and to courageously engage in our lives. “It is not the critic who counts; not the man who points out how the strong man stumbles, or where the doer of deeds could have done them better. The credit belongs to the man who is actually in the arena, whose face is marred by dust and sweat and blood; who strives valiantly; . . . who at best knows in the end the triumph of high achievement, and who at worst, if he fails, at least fails while daring greatly.” —Theodore RooseveltEvery day we experience the uncertainty, risks, and emotional exposure that define what it means to be vulnerable, or to dare greatly. Whether the arena is a new relationship, an important meeting, our creative process, or a difficult family conversation, we must find the courage to walk into vulnerability and engage with our whole hearts.In Daring Greatly, Dr. Brown challenges everything we think we know about vulnerability. Based on twelve years of research, she argues that vulnerability is not weakness, but rather our clearest path to courage, engagement, and meaningful connection. The book that Dr. Brown’s many fans have been waiting for, Daring Greatly will spark a new spirit of truth—and trust—in our organizations, families, schools, and communities. ...more",Nonfiction,19.43,3,15,0,3b9a3b4624b7fd6d,https://books.toscrape.com/catalogue/daring-greatly-how-the-courage-to-be-vulnerable-transforms-the-way-we-live-love-parent-and-lead_799/index.html,799,19.43,19.43,0.0,True,In stock (15 available),Three,Books,https://books.toscrape.com/media/cache/38/ea/38ea04e1e16ebef78fd2595771fe2287.jpg,Nonfiction,True
"Data, A Love Story: How I Gamed Online Dating to Meet My Match","Forty million people date online each year. Most don’t find true love. Thanks to Data, a Love Story, their odds just got a whole lot better. Data, A Love Story: How I Gamed Online Dating to Meet My Match is a lively, thought-provoking memoir about how one woman “gamed” the world of online dating—and met her eventual husband.",Nonfiction,32.35,3,5,0,bcf567421c581f0a,https://books.toscrape.com/catalogue/data-a-love-story-how-i-gamed-online-dating-to-meet-my-match_367/index.html,367,32.35,32.35,0.0,True,In stock (5 available),Three,Books,https://books.toscrape.com/media/cache/f2/c5/f2c56824a5aef38387350243762216eb.jpg,Nonfiction,True
Disrupted: My Misadventure in the Start-Up Bubble,"INSTANT NEW YORK TIMES BESTSELLER ""Wildly entertaining ... Lyons has injected a dose of sanity into a world gone mad."" ---Ashlee Vance, New York Times-bestselling author of Elon MuskFor twenty-five years Dan Lyons was a magazine writer at the top of his profession--until one Friday morning when he received a phone call: Poof. His job no longer existed. ""I think they just w INSTANT NEW YORK TIMES BESTSELLER ""Wildly entertaining ... Lyons has injected a dose of sanity into a world gone mad."" ---Ashlee Vance, New York Times-bestselling author of Elon MuskFor twenty-five years Dan Lyons was a magazine writer at the top of his profession--until one Friday morning when he received a phone call: Poof. His job no longer existed. ""I think they just want to hire younger people,"" his boss at Newsweek told him. Fifty years old and with a wife and two young kids, Dan was, in a word, screwed. Then an idea hit. Dan had long reported on Silicon Valley and the tech explosion. Why not join it? HubSpot, a Boston start-up, was flush with $100 million in venture capital. They offered Dan a pile of stock options for the vague role of ""marketing fellow."" What could go wrong? HubSpotters were true believers: They were making the world a better place ... by selling email spam. The office vibe was frat house meets cult compound: The party began at four thirty on Friday and lasted well into the night; ""shower pods"" became hook-up dens; a push-up club met at noon in the lobby, while nearby, in the ""content factory,"" Nerf gun fights raged. Groups went on ""walking meetings,"" and Dan's absentee boss sent cryptic emails about employees who had ""graduated"" (read: been fired). In the middle of all this was Dan, exactly twice the age of the average HubSpot employee, and literally old enough to be the father of most of his co-workers, sitting at his desk on his bouncy-ball ""chair.""Mixed in with Lyons's uproarious tale of his rise and fall at Hubspot is a trenchant analysis of the start-up world, a de facto conspiracy between those who start companies and those who fund them, a world where bad ideas are rewarded with hefty investments, where companies blow money lavishing perks on their post-collegiate workforces, and where everybody is trying to hang on just long enough to reach an IPO and cash out. With a cast of characters that includes devilish angel investors, fad-chasing venture capitalists, entrepreneurs and ""wantrapreneurs,"" bloggers and brogrammers, social climbers and sociopaths, Disrupted is a gripping and definitive account of life in the (second) tech bubble. ...more",Nonfiction,15.28,5,3,0,81372abc86f65c79,https://books.toscrape.com/catalogue/disrupted-my-misadventure-in-the-start-up-bubble_148/index.html,148,15.28,15.28,0.0,True,In stock (3 available),Five,Books,https://books.toscrape.com/media/cache/b7/2e/b72ee05aebe1a2563e30582a35bb5372.jpg,Nonfiction,True
"Eat, Pray, Love","In her early thirties, Elizabeth Gilbert had everything a modern American woman was supposed to want--husband, country home, successful career--but instead of feeling happy and fulfilled, she felt consumed by panic and confusion. This wise and rapturous book is the story of how she left behind all these outward marks of success, and of what she found in their place. Follow In her early thirties, Elizabeth Gilbert had everything a modern American woman was supposed to want--husband, country home, successful career--but instead of feeling happy and fulfilled, she felt consumed by panic and confusion. This wise and rapturous book is the story of how she left behind all these outward marks of success, and of what she found in their place. Following a divorce and a crushing depression, Gilbert set out to examine three different aspects of her nature, set against the backdrop of three different cultures: pleasure in Italy, devotion in India, and on the Indonesian island of Bali, a balance between worldly enjoyment and divine transcendence. ...more",Nonfiction,51.32,3,1,0,df56868afd166557,https://books.toscrape.com/catalogue/eat-pray-love_16/index.html,16,51.32,51.32,0.0,True,In stock (1 available),Three,Books,https://books.toscrape.com/media/cache/5b/82/5b827f00893b7119360e8a67d939e0b5.jpg,Nonfiction,True
"Eaternity: More than 150 Deliciously Easy Vegan Recipes for a Long, Healthy, Satisfied, Joyful Life","Vegan chef and wellness expert Jason Wrobel offers up a comprehensive recipe and lifestyle book with practical tips for creating drool-worthy dishes with specific nutritional benefits. While at its core Eaternity is a cookbook, it’s so much more than that. In it, Jason explains which foods contain active ingredients to support health and longevity. Now, you might be thinki Vegan chef and wellness expert Jason Wrobel offers up a comprehensive recipe and lifestyle book with practical tips for creating drool-worthy dishes with specific nutritional benefits. While at its core Eaternity is a cookbook, it’s so much more than that. In it, Jason explains which foods contain active ingredients to support health and longevity. Now, you might be thinking, “What’s the big deal about living a long time?” Well, if you’re having a pretty good time here on planet Earth, wouldn’t you want to stick around as long as possible to enjoy it? And wouldn’t you want to feel great the entire time? Unlike most cookbooks that merely tell you what to eat and how to make it, Eaternity gives you the current research and science behind common public health concerns, and explains why you should eat certain foods based on your individual goals—whether it’s to lose weight, have more energy, sleep sounder, feel stronger, or get your libido running (ooh, la la!).Eaternity has 150+ nutritious yet delicious meat-free recipes that will satisfy all of your insane comfort-food cravings, because let’s face it—not everyone is ready for wheatgrass shots, seaweed salads, and buckwheat granola! It features such fan favorites as Chocolate Avocado Jungle Peanut Pudding, Superfood Caesar Salad, Coconut Milk Asparagus Risotto, Spicy Sweet Potato Tortilla Soup, and—wait for it—Salted Caramel Waffles. One bite and you’ll be obsessed, Jess. With a refreshingly light, no-pressure vibe, wicked humor, and stunning food photography, Eaternity makes it easy to get on board and feel friggin’ awesome! It’s Nutrition 101 meets jaw-dropping food porn, taught by a comedian in a chef’s coat. Boom! ...more",Nonfiction,51.75,5,14,0,a01f6d368ef64dc5,https://books.toscrape.com/catalogue/eaternity-more-than-150-deliciously-easy-vegan-recipes-for-a-long-healthy-satisfied-joyful-life_689/index.html,689,51.75,51.75,0.0,True,In stock (14 available),Five,Books,https://books.toscrape.com/media/cache/8e/93/8e93f7095bcb98006b620dae07ef5514.jpg,Nonfiction,True
Everydata: The Misinformation Hidden in the Little Data You Consume Every Day,"While everyone is talking about “big data,” the truth is that understanding the “little data”—the stats that underlie newspaper headlines, stock reports, weather forecasts, and so on—is what helps you make smarter decisions at work, at home, and in every aspect of your life. The average person consumes approximately 30 gigabytes of data every single day, but has no idea ho While everyone is talking about “big data,” the truth is that understanding the “little data”—the stats that underlie newspaper headlines, stock reports, weather forecasts, and so on—is what helps you make smarter decisions at work, at home, and in every aspect of your life. The average person consumes approximately 30 gigabytes of data every single day, but has no idea how to interpret it correctly. EVERYDATA explains, through the eyes of an expert economist and statistician, how to decipher the small bytes of data we consume in a day.EVERYDATA is filled with countless examples of people misconstruing data—with results that range from merely frustrating to catastrophic:The space shuttle Challenger exploded in part because the engineers were reviewing a limited sample set.Millions of women avoid caffeine during pregnancy because they interpret correlation as causation.Attorneys faced a $1 billion jury verdict because of outlier data.Each chapter highlights one commonly misunderstood data concept, using both realworld and hypothetical examples from a wide range of topics, including business, politics, advertising, law, engineering, retail, parenting, and more. You’ll find the answer to the question—“Now what?”—along with concrete ways you can use this information to immediately start making smarter decisions, today and every day. ...more",Nonfiction,54.35,2,16,0,311c0dd0e354a33e,https://books.toscrape.com/catalogue/everydata-the-misinformation-hidden-in-the-little-data-you-consume-every-day_891/index.html,891,54.35,54.35,0.0,True,In stock (16 available),Two,Books,https://books.toscrape.com/media/cache/15/97/15972684c6f44f1be5e751d2e067cc16.jpg,Nonfiction,True
"Far & Away: Places on the Brink of Change: Seven Continents, Twenty-Five Years","From the winner of the National Book Award and the National Books Critics’ Circle Award—and one of the most original thinkers of our time—a riveting collection of essays about places in dramatic transition.Far and Away collects Andrew Solomon’s writings about places undergoing seismic shifts—political, cultural, and spiritual. Chronicling his stint on the barricades in Mos From the winner of the National Book Award and the National Books Critics’ Circle Award—and one of the most original thinkers of our time—a riveting collection of essays about places in dramatic transition.Far and Away collects Andrew Solomon’s writings about places undergoing seismic shifts—political, cultural, and spiritual. Chronicling his stint on the barricades in Moscow in 1991, when he joined artists in resisting the coup whose failure ended the Soviet Union, his 2002 account of the rebirth of culture in Afghanistan following the fall of the Taliban, his insightful appraisal of a Myanmar seeped in contradictions as it slowly, fitfully pushes toward freedom, and many other stories of profound upheaval, this book provides a unique window onto the very idea of social change. With his signature brilliance and compassion, Solomon demonstrates both how history is altered by individuals, and how personal identities are altered when governments alter.A journalist and essayist of remarkable perception and prescience, Solomon captures the essence of these cultures. Ranging across seven continents and twenty-five years, Far and Away takes a magnificent journey into the heart of extraordinarily diverse experiences, yet Solomon finds a common humanity wherever he travels. Illuminating the development of his own genius, his stories are always intimate and often both funny and deeply moving. ...more",Nonfiction,15.06,4,14,0,ac4dde0d1be05de0,https://books.toscrape.com/catalogue/far-away-places-on-the-brink-of-change-seven-continents-twenty-five-years_694/index.html,694,15.06,15.06,0.0,True,In stock (14 available),Four,Books,https://books.toscrape.com/media/cache/65/c4/65c4530fe298242e8b64c9ab8dd0c2d6.jpg,Nonfiction,True
Finding God in the Ruins: How God Redeems Pain,"When the reality of your pain doesn’t line up with what you’ve been taught in church, then what? While many abandon their faith or embrace hopelessness, it is possible to discover the God who heals your heart in the midst of the pain. Matt Bays has been where you are. His unforgettable stories of loss and healing will usher you into a life where gratitude overpowers anger, When the reality of your pain doesn’t line up with what you’ve been taught in church, then what? While many abandon their faith or embrace hopelessness, it is possible to discover the God who heals your heart in the midst of the pain. Matt Bays has been where you are. His unforgettable stories of loss and healing will usher you into a life where gratitude overpowers anger, hope overcomes despair, and hunger for God replaces indifference to God. With a fresh and original writing style, Bays demonstrates that true redemption is far more powerful than the temporary fixes of sanitized Christianity. ...more",Nonfiction,46.64,2,7,0,4e78f06160b717ac,https://books.toscrape.com/catalogue/finding-god-in-the-ruins-how-god-redeems-pain_466/index.html,466,46.64,46.64,0.0,True,In stock (7 available),Two,Books,https://books.toscrape.com/media/cache/da/0f/da0f0c01b1b9819fa7cb5e27a295351f.jpg,Nonfiction,True
For the Love: Fighting for Grace in a World of Impossible Standards,"The popular writer, blogger, and television personality reveals with humor and style how Jesus' extravagant grace is the key to dealing with life's biggest challenge: people.The majority of our joys, struggles, thrills, and heartbreaks relate to people, beginning first with ourselves and then the people we came from, married, birthed, live by, live for, go to church with, The popular writer, blogger, and television personality reveals with humor and style how Jesus' extravagant grace is the key to dealing with life's biggest challenge: people.The majority of our joys, struggles, thrills, and heartbreaks relate to people, beginning first with ourselves and then the people we came from, married, birthed, live by, live for, go to church with, don't like, don't understand, fear, struggle with, compare ourselves to, and judge. People are the best and worst thing about the human life.Jen Hatmaker knows this all too well, and so she reveals how to practice kindness, grace, truthfulness, vision, and love to ourselves and those around us. By doing this, For the Love leads our generation to reimagine Jesus' grace as a way of life, and it does it in a funny yet profound manner that Christian readers will love. Along the way, Hatmaker shows readers how to reclaim their prophetic voices and become Good News again to a hurting, polarized world. ...more",Nonfiction,45.13,3,7,0,2e40333991f56f45,https://books.toscrape.com/catalogue/for-the-love-fighting-for-grace-in-a-world-of-impossible-standards_467/index.html,467,45.13,45.13,0.0,True,In stock (7 available),Three,Books,https://books.toscrape.com/media/cache/a9/f4/a9f4d0f649833b477383263a8c5fb217.jpg,Nonfiction,True
Furiously Happy: A Funny Book About Horrible Things,"In LET'S PRETEND THIS NEVER HAPPENED, Jenny Lawson baffled readers with stories about growing up the daughter of a taxidermist. In her new book, FURIOUSLY HAPPY, Jenny explores her lifelong battle with mental illness. A hysterical, ridiculous book about crippling depression and anxiety? That sounds like a terrible idea. And terrible ideas are what Jenny does best.According In LET'S PRETEND THIS NEVER HAPPENED, Jenny Lawson baffled readers with stories about growing up the daughter of a taxidermist. In her new book, FURIOUSLY HAPPY, Jenny explores her lifelong battle with mental illness. A hysterical, ridiculous book about crippling depression and anxiety? That sounds like a terrible idea. And terrible ideas are what Jenny does best.According to Jenny: ""Some people might think that being 'furiously happy' is just an excuse to be stupid and irresponsible and invite a herd of kangaroos over to your house without telling your husband first because you suspect he would say no since he's never particularly liked kangaroos. And that would be ridiculous because no one would invite a herd of kangaroos into their house. Two is the limit. I speak from personal experience. My husband says that none is the new limit. I say he should have been clearer about that before I rented all those kangaroos.""""Most of my favorite people are dangerously fucked-up but you'd never guess because we've learned to bare it so honestly that it becomes the new normal. Like John Hughes wrote in The Breakfast Club, 'We're all pretty bizarre. Some of us are just better at hiding it.' Except go back and cross out the word 'hiding.'""Jenny's first book, LET'S PRETEND THIS NEVER HAPPENED, was ostensibly about family, but deep down it was about celebrating your own weirdness. FURIOUSLY HAPPY is a book about mental illness, but under the surface it's about embracing joy in fantastic and outrageous ways-and who doesn't need a bit more of that? ...more",Nonfiction,41.46,4,12,0,c6a29d6df8de968c,https://books.toscrape.com/catalogue/furiously-happy-a-funny-book-about-horrible-things_619/index.html,619,41.46,41.46,0.0,True,In stock (12 available),Four,Books,https://books.toscrape.com/media/cache/28/4c/284c3b0cbb254825f5bfd60e89d936af.jpg,Nonfiction,True
"Girl, Interrupted","See alternate cover edition here.In 1967, after a session with a psychiatrist she'd never seen before, eighteen-year-old Susanna Kaysen was put in a taxi and sent to McLean Hospital. She spent most of the next two years on the ward for teenage girls in a psychiatric hospital as renowned for its famous clientele -- Sylvia Plath, Robert Lowell, James Taylor, and Ray Charles See alternate cover edition here.In 1967, after a session with a psychiatrist she'd never seen before, eighteen-year-old Susanna Kaysen was put in a taxi and sent to McLean Hospital. She spent most of the next two years on the ward for teenage girls in a psychiatric hospital as renowned for its famous clientele -- Sylvia Plath, Robert Lowell, James Taylor, and Ray Charles -- as for its progressive methods of treating those who could afford its sanctuary. Kaysen's memoir encompasses horror and razor-edged perception while providing vivid portraits of her fellow patients and their keepers. It is a brilliant evocation of a ""parallel universe"" set within the kaleidoscopically shifting landscape of the late sixties. Girl, Interrupted is a clear-sighted, unflinching document that gives lasting and specific dimension to our definitions of sane and insane, mental illness and recovery. ...more",Nonfiction,42.14,3,6,0,384c7d41d5ffe9d1,https://books.toscrape.com/catalogue/girl-interrupted_429/index.html,429,42.14,42.14,0.0,True,In stock (6 available),Three,Books,https://books.toscrape.com/media/cache/9d/6c/9d6c5f23127bf494bc226daa02bc7daf.jpg,Nonfiction,True
God Is Not Great: How Religion Poisons Everything,"In the tradition of Bertrand Russell's Why I Am Not a Christian and Sam Harris's The End of Faith, Christopher Hitchens makes the ultimate case against religion. With a close and erudite reading of the major religious texts, he documents the ways in which religion is a man-made wish, a cause of dangerous sexual repression, and a distortion of our origins in the cosmos. Hit In the tradition of Bertrand Russell's Why I Am Not a Christian and Sam Harris's The End of Faith, Christopher Hitchens makes the ultimate case against religion. With a close and erudite reading of the major religious texts, he documents the ways in which religion is a man-made wish, a cause of dangerous sexual repression, and a distortion of our origins in the cosmos. Hitchens frames the argument for a more secular life based on science and reason, in which hell is replaced by the Hubble Telescope's awesome view of the universe and Moses and the burning bush give way to the beauty and symmetry of the double helix. ...more",Nonfiction,27.8,1,4,0,ddbc5530d2939d49,https://books.toscrape.com/catalogue/god-is-not-great-how-religion-poisons-everything_323/index.html,323,27.8,27.8,0.0,True,In stock (4 available),One,Books,https://books.toscrape.com/media/cache/ff/b8/ffb857154e4bc8af56f33d7277cb9939.jpg,Nonfiction,True
Gratitude,"A deeply moving testimony and celebration of how to embrace life.In January 2015, Oliver Sacks was diagnosed with a recurrence of cancer, and he shared this news in a New York Times essay that inspired readers all over the world: ""I cannot pretend I am without fear. But my predominant feeling is one of gratitude.... Above all, I have been a sentient being, a thinking anima A deeply moving testimony and celebration of how to embrace life.In January 2015, Oliver Sacks was diagnosed with a recurrence of cancer, and he shared this news in a New York Times essay that inspired readers all over the world: ""I cannot pretend I am without fear. But my predominant feeling is one of gratitude.... Above all, I have been a sentient being, a thinking animal, on this beautiful planet, and that in itself has been an enormous privilege and adventure.""Gratitude consists of four essays that originally appeared in The New York Times, accompanied by a foreword that describes the occasion of each chapter. The foreword is written by Billy Hayes, Oliver Sacks's partner, and Kate Edgar, his long time collaborator. ...more",Nonfiction,26.66,5,3,0,c300cc9326592b65,https://books.toscrape.com/catalogue/gratitude_163/index.html,163,26.66,26.66,0.0,True,In stock (3 available),Five,Books,https://books.toscrape.com/media/cache/56/73/5673fea5d08ad840ade774146ce07b28.jpg,Nonfiction,True
H is for Hawk,"When Helen Macdonald's father died suddenly on a London street, she was devastated. An experienced falconer, Helen had never before been tempted to train one of the most vicious predators, the goshawk, but in her grief, she saw that the goshawk's fierce and feral temperament mirrored her own. Resolving to purchase and raise the deadly creature as a means to cope with her l When Helen Macdonald's father died suddenly on a London street, she was devastated. An experienced falconer, Helen had never before been tempted to train one of the most vicious predators, the goshawk, but in her grief, she saw that the goshawk's fierce and feral temperament mirrored her own. Resolving to purchase and raise the deadly creature as a means to cope with her loss, she adopted Mabel, and turned to the guidance of The Once and Future King author T.H. White's chronicle The Goshawk to begin her challenging endeavor. Projecting herself ""in the hawk's wild mind to tame her"" tested the limits of Macdonald's humanity and changed her life.Heart-wrenching and humorous, this book is an unflinching account of bereavement and a unique look at the magnetism of an extraordinary beast, with a parallel examination of a legendary writer's eccentric falconry. Obsession, madness, memory, myth, and history combine to achieve a distinctive blend of nature writing and memoir from an outstanding literary innovator. ...more",Nonfiction,57.42,5,2,0,b6d3f4f4ee1f6069,https://books.toscrape.com/catalogue/h-is-for-hawk_102/index.html,102,57.42,57.42,0.0,True,In stock (2 available),Five,Books,https://books.toscrape.com/media/cache/14/00/140096c16c6e0b5d6df9d19f9493e8a5.jpg,Nonfiction,True
Hamilton: The Revolution,"Lin-Manuel Miranda's groundbreaking musical Hamilton is as revolutionary as its subject, the poor kid from the Caribbean who fought the British, defended the Constitution, and helped to found the United States. Fusing hip-hop, pop, R&B, and the best traditions of theater, this once-in-a-generation show broadens the sound of Broadway, reveals the storytelling power of r Lin-Manuel Miranda's groundbreaking musical Hamilton is as revolutionary as its subject, the poor kid from the Caribbean who fought the British, defended the Constitution, and helped to found the United States. Fusing hip-hop, pop, R&B, and the best traditions of theater, this once-in-a-generation show broadens the sound of Broadway, reveals the storytelling power of rap, and claims our country's origins for a diverse new generation.HAMILTON: THE REVOLUTION gives readers an unprecedented view of both revolutions, from the only two writers able to provide it. Miranda, along with Jeremy McCarter, a cultural critic and theater artist who was involved in the project from its earliest stages--""since before this was even a show,"" according to Miranda--traces its development from an improbable perfor­mance at the White House to its landmark opening night on Broadway six years later. In addition, Miranda has written more than 200 funny, revealing footnotes for his award-winning libretto, the full text of which is published here.Their account features photos by the renowned Frank Ockenfels and veteran Broadway photographer, Joan Marcus; exclusive looks at notebooks and emails; interviews with Questlove, Stephen Sond­heim, leading political commentators, and more than 50 people involved with the production; and multiple appearances by Presi­dent Obama himself. The book does more than tell the surprising story of how a Broadway musical became a national phenomenon: It demonstrates that America has always been renewed by the brash upstarts and brilliant outsiders, the men and women who don't throw away their shot. ...more",Nonfiction,58.79,3,14,0,afa829857f82f99e,https://books.toscrape.com/catalogue/hamilton-the-revolution_699/index.html,699,58.79,58.79,0.0,True,In stock (14 available),Three,Books,https://books.toscrape.com/media/cache/03/1f/031f508a4a8ef70743ea7e9d4f598d38.jpg,Nonfiction,True
I Am Malala: The Girl Who Stood Up for Education and Was Shot by the Taliban,"I come from a country that was created at midnight. When I almost died it was just after midday.When the Taliban took control of the Swat Valley in Pakistan, one girl spoke out. Malala Yousafzai refused to be silenced and fought for her right to an education.On Tuesday, October 9, 2012, when she was fifteen, she almost paid the ultimate price. She was shot in the head at p I come from a country that was created at midnight. When I almost died it was just after midday.When the Taliban took control of the Swat Valley in Pakistan, one girl spoke out. Malala Yousafzai refused to be silenced and fought for her right to an education.On Tuesday, October 9, 2012, when she was fifteen, she almost paid the ultimate price. She was shot in the head at point-blank range while riding the bus home from school, and few expected her to survive. Instead, Malala's miraculous recovery has taken her on an extraordinary journey from a remote valley in northern Pakistan to the halls of the United Nations in New York. At sixteen, she has become a global symbol of peaceful protest and the youngest-ever Nobel Peace Prize laureate.I Am Malala is the remarkable tale of a family uprooted by global terrorism, of the fight for girls' education, of a father who, himself a school owner, championed and encouraged his daughter to write and attend school, and of brave parents who have a fierce love for their daughter in a society that prizes sons.I Am Malala will make you believe in the power of one person's voice to inspire change in the world. ...more",Nonfiction,28.88,2,3,0,8010c7c148057fd3,https://books.toscrape.com/catalogue/i-am-malala-the-girl-who-stood-up-for-education-and-was-shot-by-the-taliban_172/index.html,172,28.88,28.88,0.0,True,In stock (3 available),Two,Books,https://books.toscrape.com/media/cache/69/07/69077c48327b2702f44adc035fcc1ce4.jpg,Nonfiction,True
I Will Find You,"“This is it. My rape. I knew it was coming. Every woman knows. And now here it is. My turn.” When Joanna Connors was thirty years old on assignment for the Cleveland Plain Dealer to review a play at a college theater, she was held at knife point and raped by a stranger who had grown up five miles away from her. Once her assailant was caught and sentenced, Joanna never spo “This is it. My rape. I knew it was coming. Every woman knows. And now here it is. My turn.” When Joanna Connors was thirty years old on assignment for the Cleveland Plain Dealer to review a play at a college theater, she was held at knife point and raped by a stranger who had grown up five miles away from her. Once her assailant was caught and sentenced, Joanna never spoke of the trauma again, until 21 years later when her daughter was about to go to college. She resolved then to tell her children about her own rape so they could learn and protect themselves, and she began to realize that the man who assaulted her was one of the formative people in her life.Setting out to uncover the story of her attacker, Connors embarked on a journey to find out who he was, where he came from, who his friends were and what his life was like. What she discovers stretches beyond one violent man’s story and back into her own, interweaving a narrative about strength and survival with one about rape culture and violence in America.I Will Find You is a brave, timely consideration of race, class, education and the families that shape who we become, by a reporter and a survivor. ...more",Nonfiction,44.21,1,8,0,bbf1ea50be8008ab,https://books.toscrape.com/catalogue/i-will-find-you_524/index.html,524,44.21,44.21,0.0,True,In stock (8 available),One,Books,https://books.toscrape.com/media/cache/58/08/58080dbe2c118867331f4ef932ca96c0.jpg,Nonfiction,True
In Cold Blood,"On November 15, 1959, in the small town of Holcomb, Kansas, four members of the Clutter family were savagely murdered by blasts from a shotgun held a few inches from their faces. There was no apparent motive for the crime, and there were almost no clues.As Truman Capote reconstructs the murder and the investigation that led to the capture, trial, and execution of the kille On November 15, 1959, in the small town of Holcomb, Kansas, four members of the Clutter family were savagely murdered by blasts from a shotgun held a few inches from their faces. There was no apparent motive for the crime, and there were almost no clues.As Truman Capote reconstructs the murder and the investigation that led to the capture, trial, and execution of the killers, he generates both mesmerizing suspense and astonishing empathy. In Cold Blood is a work that transcends its moment, yielding poignant insights into the nature of American violence. ...more",Nonfiction,49.98,4,6,0,fe0f34ebed689381,https://books.toscrape.com/catalogue/in-cold-blood_432/index.html,432,49.98,49.98,0.0,True,In stock (6 available),Four,Books,https://books.toscrape.com/media/cache/78/52/7852b87face58f30b46004a4a4270f2d.jpg,Nonfiction,True
In the Country We Love: My Family Divided,"The star of Orange is the New Black and Jane the Virgin presents her personal story of the real plight of undocumented immigrants in this countryDiane Guerrero, the television actress from the megahit Orange is the New Black and Jane the Virgin, was just fourteen years old on the day her parents and brother were arrested and deported while she was at school. Born in the U. The star of Orange is the New Black and Jane the Virgin presents her personal story of the real plight of undocumented immigrants in this countryDiane Guerrero, the television actress from the megahit Orange is the New Black and Jane the Virgin, was just fourteen years old on the day her parents and brother were arrested and deported while she was at school. Born in the U.S., Guerrero was able to remain in the country and continue her education, depending on the kindness of family friends who took her in and helped her build a life and a successful acting career for herself, without the support system of her family.In the Country We Love is a moving, heartbreaking story of one woman's extraordinary resilience in the face of the nightmarish struggles of undocumented residents in this country. There are over 11 million undocumented immigrants living in the US, many of whom have citizen children, whose lives here are just as precarious, and whose stories haven't been told. Written with Michelle Burford, this memoir is a tale of personal triumph that also casts a much-needed light on the fears that haunt the daily existence of families like the author's and on a system that fails them over and over. ...more",Nonfiction,22.0,4,16,0,b136b1b180ca753a,https://books.toscrape.com/catalogue/in-the-country-we-love-my-family-divided_901/index.html,901,22.0,22.0,0.0,True,In stock (16 available),Four,Books,https://books.toscrape.com/media/cache/11/08/1108a8d9ebccd9cd474012121c32a7f5.jpg,Nonfiction,True
"In the Garden of Beasts: Love, Terror, and an American Family in Hitler's Berlin","The time is 1933, the place, Berlin, when William E. Dodd becomes America’s first ambassador to Hitler’s Germany in a year that proved to be a turning point in history.A mild-mannered professor from Chicago, Dodd brings along his wife, son, and flamboyant daughter, Martha. At first Martha is entranced by the parties and pomp, and the handsome young men of the Third Reich w The time is 1933, the place, Berlin, when William E. Dodd becomes America’s first ambassador to Hitler’s Germany in a year that proved to be a turning point in history. A mild-mannered professor from Chicago, Dodd brings along his wife, son, and flamboyant daughter, Martha. At first Martha is entranced by the parties and pomp, and the handsome young men of the Third Reich with their infectious enthusiasm for restoring Germany to a position of world prominence. Enamored of the “New Germany,” she has one affair after another, including with the suprisingly honorable first chief of the Gestapo, Rudolf Diels. But as evidence of Jewish persecution mounts, confirmed by chilling first-person testimony, her father telegraphs his concerns to a largely indifferent State Department back home. Dodd watches with alarm as Jews are attacked, the press is censored, and drafts of frightening new laws begin to circulate. As that first year unfolds and the shadows deepen, the Dodds experience days full of excitement, intrigue, romance—and ultimately, horror, when a climactic spasm of violence and murder reveals Hitler’s true character and ruthless ambition. Suffused with the tense atmosphere of the period, and with unforgettable portraits of the bizarre Göring and the expectedly charming--yet wholly sinister--Goebbels, In the Garden of Beasts lends a stunning, eyewitness perspective on events as they unfold in real time, revealing an era of surprising nuance and complexity. The result is a dazzling, addictively readable work that speaks volumes about why the world did not recognize the grave threat posed by Hitler until Berlin, and Europe, were awash in blood and terror. ...more",Nonfiction,28.85,3,3,0,d8292cd5f1aca291,https://books.toscrape.com/catalogue/in-the-garden-of-beasts-love-terror-and-an-american-family-in-hitlers-berlin_175/index.html,175,28.85,28.85,0.0,True,In stock (3 available),Three,Books,https://books.toscrape.com/media/cache/b5/a2/b5a295c15ac586c6daa84e6e20f47b06.jpg,Nonfiction,True
Into the Wild,"In April 1992 a young man from a well-to-do family hitchhiked to Alaska and walked alone into the wilderness north of Mt. McKinley. His name was Christopher Johnson McCandless. He had given $25,000 in savings to charity, abandoned his car and most of his possessions, burned all the cash in his wallet, and invented a new life for himself. Four months later, his decomposed b In April 1992 a young man from a well-to-do family hitchhiked to Alaska and walked alone into the wilderness north of Mt. McKinley. His name was Christopher Johnson McCandless. He had given $25,000 in savings to charity, abandoned his car and most of his possessions, burned all the cash in his wallet, and invented a new life for himself. Four months later, his decomposed body was found by a party of moose hunters. How McCandless came to die is the unforgettable story of Into the Wild.Immediately after graduating from college in 1991, McCandless had roamed through the West and Southwest on a vision quest like those made by his heroes Jack London and John Muir. In the Mojave Desert he abandoned his car, stripped it of its license plates, and burned all of his cash. He would give himself a new name, Alexander Supertramp, and , unencumbered by money and belongings, he would be free to wallow in the raw, unfiltered experiences that nature presented. Craving a blank spot on the map, McCandless simply threw the maps away. Leaving behind his desperate parents and sister, he vanished into the wild. ...more",Nonfiction,56.7,5,3,0,a7c3f1010d64799a,https://books.toscrape.com/catalogue/into-the-wild_177/index.html,177,56.7,56.7,0.0,True,In stock (3 available),Five,Books,https://books.toscrape.com/media/cache/de/c9/dec9168a8a3876b60feedb68aeb0225b.jpg,Nonfiction,True
It's Never Too Late to Begin Again: Discovering Creativity and Meaning at Midlife and Beyond,"“The book you hold in your hands is the distillate of a quarter century’s teaching. It is my attempt to answer, ‘What next?’ for students who are embarking on their ‘second act.’”—Julia Cameron Julia Cameron has inspired millions with her bestseller on creativity,The Artist’s Way. InIt’s Never Too Late To Begin Again,she turns her eye to a segment of the population that, “The book you hold in your hands is the distillate of a quarter century’s teaching. It is my attempt to answer, ‘What next?’ for students who are embarking on their ‘second act.’”—Julia Cameron Julia Cameron has inspired millions with her bestseller on creativity, The Artist’s Way. In It’s Never Too Late To Begin Again, she turns her eye to a segment of the population that, ironically, while they have more time to be creative, are often reluctant or intimidated by the creative process. Cameron shows readers that retirement can, in fact, be the most rich, fulfilling, and creative time of their lives. When someone retires, the newfound freedom can be quite exciting, but also daunting. The life that someone had has changed, and the life to come is yet to be defined. In this book, Cameron shows readers how cultivating their creative selves can help them navigate this new terrain. She tells the inspiring stories of retirees who discovered new artistic pursuits and passions that more than filled their days—they nurtured their souls. A twelve-week course aimed at defining—and creating—the life you want to have as you redefine—and re-create—yourself, this book includes simple tools that will guide and inspire you to make the most of this time in your life: - Memoir writing offers an opportunity to reflect on—and honor—past experience. This book guides you through the daunting task of writing an entire memoir, breaking it down into manageable pieces. - Morning Pages—private, stream-of-consciousness writing done daily—allow you to express wishes, fears, delights, resentments, and joys, which in turn, provide focus and clarity for the day at hand. - Artist Dates encourage fun and spontaneity. - Solo Walks quell anxiety and clear the mind.This fun, gentle, step-by-step process will help you explore your creative dreams, wishes, and desires—and help you quickly find that it’s never too late to begin again. ...more",Nonfiction,42.38,1,3,0,d4a29356fc992879,https://books.toscrape.com/catalogue/its-never-too-late-to-begin-again-discovering-creativity-and-meaning-at-midlife-and-beyond_179/index.html,179,42.38,42.38,0.0,True,In stock (3 available),One,Books,https://books.toscrape.com/media/cache/27/f5/27f54466115767b767133ee034543cb5.jpg,Nonfiction,True
Kindle Paperwhite User's Guide,Kindle Paperwhite User's Guide,Nonfiction,34.0,3,2,0,fb495f9f9015a772,https://books.toscrape.com/catalogue/kindle-paperwhite-users-guide_103/index.html,103,34.0,34.0,0.0,True,In stock (2 available),Three,Books,https://books.toscrape.com/media/cache/06/71/0671e3db3053c0dc22122eda29d6734c.jpg,Nonfiction,True
Let It Out: A Journey Through Journaling,"You want change. Maybe your career isn’t what you thought it would be . . . or your relationships aren’t what you had hoped. Perhaps you have a grand vision for your life but not the smallest clue on the steps to get there. Whether you’ve read the entire self-help section of the bookstore in vain or feel completely stuck on where to begin, you wish you had someone to hold You want change. Maybe your career isn’t what you thought it would be . . . or your relationships aren’t what you had hoped. Perhaps you have a grand vision for your life but not the smallest clue on the steps to get there. Whether you’ve read the entire self-help section of the bookstore in vain or feel completely stuck on where to begin, you wish you had someone to hold your hand and guide you.You do. And it’s only a blank page away.In Let It Out, millennial blogger, speaker, and podcast host Katie Dalebout shares the transformative practice that will rocket your life to the next level—journaling. Discovering in her darkest hours that a journal is the greatest tool in finding your purpose, healing yourself, and creating the life you most desire, Katie has assembled the remarkable tools and insights that will elevate your life and get you “unstuck”—for good.And don’t worry—you don’t need to be a writer! Journaling is simply a method of coaching yourself through your “stuff” and letting it out on the page, unclogging your mind from years of destructive thoughts. In doing so, you step into a position of unsurpassed clarity.Packed with journaling exercises, prompts, and techniques that can be done anywhere and in any order, this interactive guidebook offers you a new way to navigate your daily life, cope with stress, and create exciting, permanent change. Divided into seven sections covering everything from clearing clutter to finding presence to cultivating abundance to moving beyond fear, this book will be your new best friend and coach anytime you seek clarity or crave solace.Simply grab a pen, open your journal, and prepare to let it out. ...more",Nonfiction,26.79,5,14,0,1174156c4a0eccaa,https://books.toscrape.com/catalogue/let-it-out-a-journey-through-journaling_708/index.html,708,26.79,26.79,0.0,True,In stock (14 available),Five,Books,https://books.toscrape.com/media/cache/2c/15/2c157b05b7b7014be2a05a5bdeca80e7.jpg,Nonfiction,True
Let's Pretend This Never Happened: A Mostly True Memoir,"For fans of Tina Fey and David Sedaris—Internet star Jenny Lawson, aka The Bloggess, makes her literary debut. Jenny Lawson realized that the most mortifying moments of our lives—the ones we’d like to pretend never happened—are in fact the ones that define us. In the #1 New York Times bestseller, Let’s Pretend This Never Happened, Lawson takes readers on a hilarious journ For fans of Tina Fey and David Sedaris—Internet star Jenny Lawson, aka The Bloggess, makes her literary debut. Jenny Lawson realized that the most mortifying moments of our lives—the ones we’d like to pretend never happened—are in fact the ones that define us. In the #1 New York Times bestseller, Let’s Pretend This Never Happened, Lawson takes readers on a hilarious journey recalling her bizarre upbringing in rural Texas, her devastatingly awkward high school years, and her relationship with her long-suffering husband, Victor. Chapters include: “Stanley the Magical, Talking Squirrel”; “A Series of Angry Post-It Notes to My Husband”; “My Vagina Is Fine. Thanks for Asking”; “And Then I Snuck a Dead Cuban Alligator on an Airplane.” Pictures with captions (no one would believe these things without proof) accompany the text. ...more",Nonfiction,45.11,1,3,0,1246e4ffeb5ac4ea,https://books.toscrape.com/catalogue/lets-pretend-this-never-happened-a-mostly-true-memoir_185/index.html,185,45.11,45.11,0.0,True,In stock (3 available),One,Books,https://books.toscrape.com/media/cache/f5/8a/f58a15a50b2d70a4a8fd4fa6485a7009.jpg,Nonfiction,True
Letter to a Christian Nation,"In response to The End of Faith, Sam Harris received thousands of letters from Christians excoriating him for not believing in God. Letter to A Christian Nation is his reply. Using rational argument, Harris offers a measured refutation of the beliefs that form the core of fundamentalist Christianity. In the course of his argument, he addresses current topics ranging from i In response to The End of Faith, Sam Harris received thousands of letters from Christians excoriating him for not believing in God. Letter to A Christian Nation is his reply. Using rational argument, Harris offers a measured refutation of the beliefs that form the core of fundamentalist Christianity. In the course of his argument, he addresses current topics ranging from intelligent design and stem-cell research to the connections between religion and violence. In Letter to a Christian Nation, Sam Harris boldly challenges the influence that faith has on public life in our nation. ...more",Nonfiction,22.2,1,3,0,1de75f05d57bfc10,https://books.toscrape.com/catalogue/letter-to-a-christian-nation_186/index.html,186,22.2,22.2,0.0,True,In stock (3 available),One,Books,https://books.toscrape.com/media/cache/88/21/8821ea9cd21326e41e095619b822a4a8.jpg,Nonfiction,True
Living Forward: A Proven Plan to Stop Drifting and Get the Life You Want,"Each of us has but one life to live on this earth. What we do with it is our choice. Are we drifting through it as spectators, reacting to our circumstances when necessary and wondering just how we got to this point anyway? Or are we directing it, maximizing the joy and potential of every day, living with a purpose or mission in mind? Too many of us are doing the former--a Each of us has but one life to live on this earth. What we do with it is our choice. Are we drifting through it as spectators, reacting to our circumstances when necessary and wondering just how we got to this point anyway? Or are we directing it, maximizing the joy and potential of every day, living with a purpose or mission in mind? Too many of us are doing the former--and our lives are slipping away one day at a time. But what if we treated life like the gift that it is? What if we lived each day as though it were part of a bigger picture, a ""plan""? That's what ""New York Times ""bestselling author Michael Hyatt and executive coach Daniel Harkavy show us how to do: to design a life with the end in mind, determining in advance the outcomes we desire and path to get there. In this step-by-step guide, they share proven principles that help readers create a simple but effective life plan so that they can get from where they are now to where they really want to be--in every area of life. ...more",Nonfiction,12.55,3,8,0,044534b0b28b4e87,https://books.toscrape.com/catalogue/living-forward-a-proven-plan-to-stop-drifting-and-get-the-life-you-want_531/index.html,531,12.55,12.55,0.0,True,In stock (8 available),Three,Books,https://books.toscrape.com/media/cache/06/bf/06bf33339562e138906eef6793ef53cd.jpg,Nonfiction,True
Looking for Lovely: Collecting the Moments that Matter,"“I want you to take every step of your life with excitement for where you are headed. And I want you to feel beautiful and confident as you do.”But how? When the enemy whispers lies that you are not smart enough, pretty enough, or rich enough? Or you are too dumb, too loud, too quiet, too thin, too fat, too much or not enough? What if you don’t have what it takes to be who “I want you to take every step of your life with excitement for where you are headed. And I want you to feel beautiful and confident as you do.” But how? When the enemy whispers lies that you are not smart enough, pretty enough, or rich enough? Or you are too dumb, too loud, too quiet, too thin, too fat, too much or not enough? What if you don’t have what it takes to be who you really want to be? In Looking for Lovely, Annie F. Downs shares personal stories, biblical truth, and examples of how others have courageously walked the path God paved for their lives by remembering all God had done, loving what was right in front of them, and seeing God in the everyday—whether that be nature, friends, or the face they see in the mirror. Intensely personal, yet incredibly powerful, Looking for Lovely will spark transformative conversations and life changing patterns. No matter who we are and what path God has us on, we all need to look for lovely, fight to finish, and find beautiful in our every day! ...more",Nonfiction,29.14,5,14,0,24af96df0bafb925,https://books.toscrape.com/catalogue/looking-for-lovely-collecting-the-moments-that-matter_710/index.html,710,29.14,29.14,0.0,True,In stock (14 available),Five,Books,https://books.toscrape.com/media/cache/f8/c7/f8c761844f257fed04cce95f9506cba4.jpg,Nonfiction,True
"Love That Boy: What Two Presidents, Eight Road Trips, and My Son Taught Me About a Parent's Expectations","Tyler and I inch toward the Green Room, in line with blow-dried TV anchors and stuffy columnists. He’s practicing his handshake and hello: “It’s a pleasure to meet you, Mr. President. It’s a pleasure to meet you, Mr. President. It’s a pleasure to meet you, Mr. President.” When the couple in front of us steps forward for their picture, my teenager with sky-blue eyes and a s Tyler and I inch toward the Green Room, in line with blow-dried TV anchors and stuffy columnists. He’s practicing his handshake and hello: “It’s a pleasure to meet you, Mr. President. It’s a pleasure to meet you, Mr. President. It’s a pleasure to meet you, Mr. President.” When the couple in front of us steps forward for their picture, my teenager with sky-blue eyes and a soft heart looks up at me and says, “I hope I don’t let you down, Dad.” What kind of father raises a son to worry about embarrassing his dad? I want to tell Tyler not to worry, that he’d never let me down. That there’s nothing wrong with being different. That I actually am proud of what makes him special. But we are next in line to meet the president of the United States in a room filled with fellow strivers, and all I can think about is the real possibility that Tyler might embarrass himself. Or, God forbid, me.LOVE THAT BOY is a uniquely personal story about the causes and costs of outsized parental expectations. What we want for our children—popularity, normalcy, achievement, genius—and what they truly need—grit, empathy, character—are explored by National Journal’s Ron Fournier, who weaves his extraordinary journey to acceptance around the latest research on childhood development and stories of other loving-but-struggling parents. ...more",Nonfiction,25.06,2,8,0,4d3a4c7b442a9a4e,https://books.toscrape.com/catalogue/love-that-boy-what-two-presidents-eight-road-trips-and-my-son-taught-me-about-a-parents-expectations_532/index.html,532,25.06,25.06,0.0,True,In stock (8 available),Two,Books,https://books.toscrape.com/media/cache/00/6e/006e242a10f2e27b71edfd1ca8020318.jpg,Nonfiction,True
Man's Search for Meaning,"Psychiatrist Viktor Frankl's memoir has riveted generations of readers with its descriptions of life in Nazi death camps and its lessons for spiritual survival. Between 1942 and 1945, Frankl labored in four different camps, including Auschwitz, while his parents, brother, and pregnant wife perished. Based on his own experience and the experiences of others he treated later Psychiatrist Viktor Frankl's memoir has riveted generations of readers with its descriptions of life in Nazi death camps and its lessons for spiritual survival. Between 1942 and 1945, Frankl labored in four different camps, including Auschwitz, while his parents, brother, and pregnant wife perished. Based on his own experience and the experiences of others he treated later in his practice, Frankl argues that we cannot avoid suffering, but we can choose how to cope with it, find meaning in it, and move forward with renewed purpose. Frankl's theory--known as logotherapy, from the Greek word logos (""meaning"")--holds that our primary drive in life is not pleasure, as Freud maintained, but the discovery and pursuit of what we personally find meaningful.At the time of Frankl's death in 1997, Man's Search for Meaning had sold more than 10 million copies in twenty-four languages. A 1991 reader survey for the Library of Congress that asked readers to name a ""book that made a difference in your life"" found Man's Search for Meaning among the ten most influential books in America. ...more",Nonfiction,29.48,3,8,0,4729afff3bea0f0a,https://books.toscrape.com/catalogue/mans-search-for-meaning_533/index.html,533,29.48,29.48,0.0,True,In stock (8 available),Three,Books,https://books.toscrape.com/media/cache/97/da/97dac3668fcca2cf5af4e1bb971af546.jpg,Nonfiction,True
"Miracles from Heaven: A Little Girl, Her Journey to Heaven, and Her Amazing Story of Healing","In a remarkable true story of faith and blessings, a mother tells of her sickly young daughter, how she survived a dangerous accident, her visit to Heaven and the inexplicable disappearance of the symptoms of her chronic disease.Annabel Beam spent most of her childhood in and out of hospitals with a rare and incurable digestive disorder that prevented her from ever living In a remarkable true story of faith and blessings, a mother tells of her sickly young daughter, how she survived a dangerous accident, her visit to Heaven and the inexplicable disappearance of the symptoms of her chronic disease.Annabel Beam spent most of her childhood in and out of hospitals with a rare and incurable digestive disorder that prevented her from ever living a normal, healthy life. One sunny day when she was able to go outside and play with her sisters, she fell three stories headfirst inside an old, hollowed-out tree, a fall that may well have caused death or paralysis. Implausibly, she survived without a scratch. While unconscious inside the tree, with rescue workers struggling to get to her, she visited heaven. After being released from the hospital, she defied science and was inexplicably cured of her chronic ailment. MIRACLES FROM HEAVEN will change how we look at the world around us and reinforce our belief in God and the afterlife. ...more",Nonfiction,57.83,1,3,0,7980fa06f2b704d8,https://books.toscrape.com/catalogue/miracles-from-heaven-a-little-girl-her-journey-to-heaven-and-her-amazing-story-of-healing_195/index.html,195,57.83,57.83,0.0,True,In stock (3 available),One,Books,https://books.toscrape.com/media/cache/60/cd/60cda3c756f14ef6625b979cfeb230ea.jpg,Nonfiction,True
"Mother, Can You Not?","Based on the wildly popular Instagram account @CrazyJewishMom, Kate Siegel's essay collection about life with the woman who redefined the term ""helicopter mom"" There is nothing more wonderful than a mother’s love. There is also nothing more annoying. Who else can proudly insist that you’re perfect while simultaneously making you question every career, fashion, andrelation Based on the wildly popular Instagram account @CrazyJewishMom, Kate Siegel's essay collection about life with the woman who redefined the term ""helicopter mom"" There is nothing more wonderful than a mother’s love. There is also nothing more annoying. Who else can proudly insist that you’re perfect while simultaneously making you question every career, fashion, and relationship decision you have ever made? No one understands the delicate mother-daughter dynamic better than Kate Siegel—her own mother drove her so crazy that she decided to broadcast their hilarious conversations on Instagram. Soon, hundreds of thousands of people were following their daily text exchanges, eager to see what outrageous thing Kate’s mom would do next. Now, in Mother, Can You NOT?, Kate pays tribute to the woman who invented the concept of drone parenting. From embarrassing moments (like crashing Kate's gynecological exams) to outrageous stories (like the time she made Kate steal a cat from the pound) to hilarious celebrations (including but not limited to parties for Kate's menstrual cycles), Mother, Can you NOT? lovingly lampoons the lengths to which our mothers will go to better our lives (even if it feels like they’re ruining them in the process). ...more",Nonfiction,16.89,5,11,0,28b2df9fadc9f07e,https://books.toscrape.com/catalogue/mother-can-you-not_599/index.html,599,16.89,16.89,0.0,True,In stock (11 available),Five,Books,https://books.toscrape.com/media/cache/88/b4/88b464746c5882cc605827a0521ddcea.jpg,Nonfiction,True
My Mother Was Nuts,"Most people know Penny Marshall as the director of Big and A League of Their Own. What they don’t know is her trailblazing career was a happy accident. In this funny and intimate memoir, Penny takes us from the stage of The Jackie Gleason Show in 1955 to Hollywood’s star-studded sets, offering up some hilarious detours along the way.My Mother Was Nuts is an intimate backst Most people know Penny Marshall as the director of Big and A League of Their Own. What they don’t know is her trailblazing career was a happy accident. In this funny and intimate memoir, Penny takes us from the stage of The Jackie Gleason Show in 1955 to Hollywood’s star-studded sets, offering up some hilarious detours along the way.My Mother Was Nuts is an intimate backstage pass to Penny’s personal life, her breakout role on The Odd Couple, her exploits with Cindy Williams and John Belushi, and her travels across Europe with Art Garfunkel on the back of a motorcycle. We see Penny get married. And divorced. And married again (the second time to Rob Reiner). We meet a young Carrie Fisher, whose close friendship with Penny has spanned decades. And we see Penny at work with Tom Hanks, Mark Wahlberg, Whoopi Goldberg, Robert De Niro, and Whitney Houston.Throughout it all, from her childhood spent tap dancing in the Bronx, to her rise as the star of Laverne & Shirley, Penny lived by simple rules: “try hard, help your friends, don’t get too crazy, and have fun.” With humor and heart, My Mother Was Nuts reveals there’s no one else quite like Penny Marshall. ...more",Nonfiction,31.63,4,5,0,a4ce39a3720cd679,https://books.toscrape.com/catalogue/my-mother-was-nuts_388/index.html,388,31.63,31.63,0.0,True,In stock (5 available),Four,Books,https://books.toscrape.com/media/cache/65/67/6567e9868a3d1196f32c063c0f73ea01.jpg,Nonfiction,True
Night (The Night Trilogy #1),"Night is a work by Elie Wiesel about his experience with his father in the Nazi German concentration camps at Auschwitz and Buchenwald in 1944–1945, at the height of the Holocaust and toward the end of the Second World War. In just over 100 pages of sparse and fragmented narrative, Wiesel writes about the death of God and his own increasing disgust with humanity, reflected Night is a work by Elie Wiesel about his experience with his father in the Nazi German concentration camps at Auschwitz and Buchenwald in 1944–1945, at the height of the Holocaust and toward the end of the Second World War. In just over 100 pages of sparse and fragmented narrative, Wiesel writes about the death of God and his own increasing disgust with humanity, reflected in the inversion of the father–child relationship as his father declines to a helpless state and Wiesel becomes his resentful teenage caregiver.Penetrating and powerful, as personal as The Diary Of Anne Frank, Night awakens the shocking memory of evil at its absolute and carries with it the unforgettable message that this horror must never be allowed to happen again. ...more",Nonfiction,13.51,1,3,0,c4d9fce9eff3b8ba,https://books.toscrape.com/catalogue/night-the-night-trilogy-1_199/index.html,199,13.51,13.51,0.0,True,In stock (3 available),One,Books,https://books.toscrape.com/media/cache/b2/45/b245b0b715de260634e66a05a024cc52.jpg,Nonfiction,True
No Dream Is Too High: Life Lessons From a Man Who Walked on the Moon,"Beloved American hero Buzz Aldrin reflects on the wisdom, guiding principles, and irreverent anecdotes he's gathered through his event-filled life—both in outer space and on earth—in this inspiring guide-to-life for the next generation. Everywhere he goes, crowds gather to meet Buzz Aldrin. He is a world-class hero, a larger-than-life figurehead, best known of a generatio Beloved American hero Buzz Aldrin reflects on the wisdom, guiding principles, and irreverent anecdotes he's gathered through his event-filled life—both in outer space and on earth—in this inspiring guide-to-life for the next generation. Everywhere he goes, crowds gather to meet Buzz Aldrin. He is a world-class hero, a larger-than-life figurehead, best known of a generation of astronauts whose achievements surged in just a few years from first man in space to first men on the moon. Now he pauses to reflect and share what he has learned, from the vantage point not only of outer space but also of time: still a non-stop traveler and impassioned advocate for space exploration, Aldrin will be 86 in 2016. No Dream Is Too High whittles down Buzz Aldrin's event-filled life into a short list of principles he values, each illustrated by fascinating anecdotes and memories, such as: · Second comes right after first. NASA protocol should have meant he was first on the moon, but rules changed just before the mission. How he learned to be proud of being the second man on the moon. · Look for opportunities, not obstacles. Buzz was rejected the first time he applied to be an astronaut. Failure is an opportunity to learn to do better. · Always maintain your spirit of adventure. For his 80th birthday, Buzz went diving in the Galapagos and hitched a ride on a whale shark. He stays fit, energetic, and fascinated with life. No Dream Is Too High is a beautiful memento, a thought-provoking set of ideas, and a new opportunity for Buzz Aldrin to connect with the masses of people who recognize his unique place in human history. ...more",Nonfiction,21.95,2,14,0,132ec5e8c984adef,https://books.toscrape.com/catalogue/no-dream-is-too-high-life-lessons-from-a-man-who-walked-on-the-moon_722/index.html,722,21.95,21.95,0.0,True,In stock (14 available),Two,Books,https://books.toscrape.com/media/cache/c6/e5/c6e596ddbcd5d5f448d1bae14f2e09d3.jpg,Nonfiction,True
Notes from a Small Island (Notes From a Small Island #1),"""Suddenly, in the space of a moment, I realized what it was that I loved about Britain-which is to say, all of it."" After nearly two decades spent on British soil, Bill Bryson - bestselling author of The Mother Tongue and Made in America-decided to return to the United States. (""I had recently read,"" Bryson writes, ""that 3.7 million Americans believed that they had been a ""Suddenly, in the space of a moment, I realized what it was that I loved about Britain-which is to say, all of it."" After nearly two decades spent on British soil, Bill Bryson - bestselling author of The Mother Tongue and Made in America-decided to return to the United States. (""I had recently read,"" Bryson writes, ""that 3.7 million Americans believed that they had been abducted by aliens at one time or another,so it was clear that my people needed me."") But before departing, he set out on a grand farewell tour of the green and kindly island that had so long been his home.Veering from the ludicrous to the endearing and back again, Notes from a Small Island is a delightfully irreverent jaunt around the unparalleled floating nation that has produced zebra crossings, Shakespeare, Twiggie Winkie's Farm, and places with names like Farleigh Wallop and Titsey. The result is an uproarious social commentary that conveys the true glory of Britain, from the satiric pen of an unapologetic Anglophile. ...more",Nonfiction,40.17,1,3,0,cb65e49993db9a93,https://books.toscrape.com/catalogue/notes-from-a-small-island-notes-from-a-small-island-1_200/index.html,200,40.17,40.17,0.0,True,In stock (3 available),One,Books,https://books.toscrape.com/media/cache/8f/40/8f40ba4f73d2c70e0ccc15d77dc3c220.jpg,Nonfiction,True
Outliers: The Story of Success,"In this stunning new book, Malcolm Gladwell takes us on an intellectual journey through the world of ""outliers""--the best and the brightest, the most famous and the most successful. He asks the question: what makes high-achievers different?His answer is that we pay too much attention to what successful people are like, and too little attention to where they are from: that In this stunning new book, Malcolm Gladwell takes us on an intellectual journey through the world of ""outliers""--the best and the brightest, the most famous and the most successful. He asks the question: what makes high-achievers different?His answer is that we pay too much attention to what successful people are like, and too little attention to where they are from: that is, their culture, their family, their generation, and the idiosyncratic experiences of their upbringing. Along the way he explains the secrets of software billionaires, what it takes to be a great soccer player, why Asians are good at math, and what made the Beatles the greatest rock band. ...more",Nonfiction,14.16,1,3,0,09a7b0b566ad6225,https://books.toscrape.com/catalogue/outliers-the-story-of-success_204/index.html,204,14.16,14.16,0.0,True,In stock (3 available),One,Books,https://books.toscrape.com/media/cache/7c/7f/7c7f3a48d03cdbdd87c07482711b72f9.jpg,Nonfiction,True
Reasons to Stay Alive,"I want life. I want to read it and write it and feel it and live it. I want, for as much of the time as possible in this blink-of-an-eye existence we have, to feel all that can be felt. I hate depression. I am scared of it. Terrified, in fact. But at the same time, it has made me who I am. And if - for me - it is the price of feeling life, it's a price always worth paying. I want life. I want to read it and write it and feel it and live it. I want, for as much of the time as possible in this blink-of-an-eye existence we have, to feel all that can be felt. I hate depression. I am scared of it. Terrified, in fact. But at the same time, it has made me who I am. And if - for me - it is the price of feeling life, it's a price always worth paying.Reasons to Stay Alive is about making the most of your time on earth. In the western world the suicide rate is highest amongst men under the age of 35. Matt Haig could have added to that statistic when, aged 24, he found himself staring at a cliff-edge about to jump off. This is the story of why he didn't, how he recovered and learned to live with anxiety and depression. It's also an upbeat, joyous and very funny exploration of how live better, love better, read better and feel more. ...more",Nonfiction,26.41,2,17,0,c8f7f0cb1abb9cac,https://books.toscrape.com/catalogue/reasons-to-stay-alive_959/index.html,959,26.41,26.41,0.0,True,In stock (17 available),Two,Books,https://books.toscrape.com/media/cache/f5/3c/f53c7d21723c860cfbca2b539bc55b8f.jpg,Nonfiction,True
Reskilling America: Learning to Labor in the Twenty-First Century,"From Katherine Newman, award-winning author of No Shame in My Game, and sociologist Hella Winston, a sharp and irrefutable call to reenergize this nation's long-neglected system of vocational trainingAfter decades of off-shoring and downsizing that have left blue collar workers obsolete and stranded, the United States is now on the verge of an industrial renaissance. But w From Katherine Newman, award-winning author of No Shame in My Game, and sociologist Hella Winston, a sharp and irrefutable call to reenergize this nation's long-neglected system of vocational trainingAfter decades of off-shoring and downsizing that have left blue collar workers obsolete and stranded, the United States is now on the verge of an industrial renaissance. But we don't have a skilled enough labor pool to fill the positions that will be created, which are in many cases technically demanding and require specialized skills. A decades-long series of idealistic educational policies with the expressed goal of getting every student to go to college has left a generation of potential workers out of the system. Touted as a progressive, egalitarian institution providing opportunity even to those with the greatest need, the American secondary school system has in fact deepened existing inequalities.We can do better, argue acclaimed sociologists Katherine Newman and Hella Winston. Taking a page from the successful experience of countries like Germany and Austria, where youth unemployment is a mere 7%, they call for a radical reevaluation of the idea of vocational training, long discredited as an instrument of tracking. The United States can prepare a new, high-performance labor force if we revamp our school system to value industry apprenticeship and rigorous technical education. By doing so, we will not only be able to meet the growing demand for skilled employees in dozens of sectors where employers decry the absence of well trained workers -- we will make the American Dream accessible to all. ...more",Nonfiction,19.83,2,16,0,d7310206583a54b6,https://books.toscrape.com/catalogue/reskilling-america-learning-to-labor-in-the-twenty-first-century_922/index.html,922,19.83,19.83,0.0,True,In stock (16 available),Two,Books,https://books.toscrape.com/media/cache/2c/d2/2cd2b814b8a8cd3a49895cbd13a8b1f4.jpg,Nonfiction,True
"Rise of the Rocket Girls: The Women Who Propelled Us, from Missiles to the Moon to Mars","The riveting true story of the women who launched America into space.In the 1940s and 50s, when the newly minted Jet Propulsion Laboratory needed quick-thinking mathematicians to calculate velocities and plot trajectories, they didn't turn to male graduates. Rather, they recruited an elite group of young women who, with only pencil, paper, and mathematical prowess, transfo The riveting true story of the women who launched America into space.In the 1940s and 50s, when the newly minted Jet Propulsion Laboratory needed quick-thinking mathematicians to calculate velocities and plot trajectories, they didn't turn to male graduates. Rather, they recruited an elite group of young women who, with only pencil, paper, and mathematical prowess, transformed rocket design, helped bring about the first American satellites, and made the exploration of the solar system possible. For the first time, Rise of the Rocket Girls tells the stories of these women--known as ""human computers""--who broke the boundaries of both gender and science. Based on extensive research and interviews with all the living members of the team, Rise of the Rocket Girls offers a unique perspective on the role of women in science: both where we've been, and the far reaches of space to which we're heading. ...more",Nonfiction,41.67,4,3,0,89cad3f37c9ce226,https://books.toscrape.com/catalogue/rise-of-the-rocket-girls-the-women-who-propelled-us-from-missiles-to-the-moon-to-mars_213/index.html,213,41.67,41.67,0.0,True,In stock (3 available),Four,Books,https://books.toscrape.com/media/cache/1c/41/1c41d9cb63d3627fc60a1f3ba42da963.jpg,Nonfiction,True
Rising Strong,"The physics of vulnerability is simple: If we are brave enough often enough, we will fall. The author of the #1 New York Times bestsellers Daring Greatly and The Gifts of Imperfection tells us what it takes to get back up, and how owning our stories of disappointment, failure, and heartbreak gives us the power to write a daring new ending. Struggle, Brené Brown writes, can The physics of vulnerability is simple: If we are brave enough often enough, we will fall. The author of the #1 New York Times bestsellers Daring Greatly and The Gifts of Imperfection tells us what it takes to get back up, and how owning our stories of disappointment, failure, and heartbreak gives us the power to write a daring new ending. Struggle, Brené Brown writes, can be our greatest call to courage, and rising strong our clearest path to deeper meaning, wisdom, and hope. ...more",Nonfiction,21.82,3,8,0,52fc458ffc756faf,https://books.toscrape.com/catalogue/rising-strong_539/index.html,539,21.82,21.82,0.0,True,In stock (8 available),Three,Books,https://books.toscrape.com/media/cache/de/5c/de5c4ea75d455748861ce2bc844fb198.jpg,Nonfiction,True
Smarter Faster Better: The Secrets of Being Productive in Life and Business,"A new book that explores the science of productivity, and why, in today’s world, managing how you think—rather than what you think—can transform your life.",Nonfiction,38.89,5,8,0,a2475a245c9907c4,https://books.toscrape.com/catalogue/smarter-faster-better-the-secrets-of-being-productive-in-life-and-business_543/index.html,543,38.89,38.89,0.0,True,In stock (8 available),Five,Books,https://books.toscrape.com/media/cache/16/65/1665c94f1ec5580132a16c3bdfd0c421.jpg,Nonfiction,True
Snatched: How A Drug Queen Went Undercover for the DEA and Was Kidnapped By Colombian Guerillas,"Snatched is the electric tale, by the New York Times bestselling author of Blow, Bruce Porter, that tells the true story of a woman caught between two worlds, with her life dangling in the balance.Raised an aristocrat in Colombia and educated in European schools, Pilar transfixes everyone with her charm and her guile. She also falls for dangerous men and finds herself draw Snatched is the electric tale, by the New York Times bestselling author of Blow, Bruce Porter, that tells the true story of a woman caught between two worlds, with her life dangling in the balance.Raised an aristocrat in Colombia and educated in European schools, Pilar transfixes everyone with her charm and her guile. She also falls for dangerous men and finds herself drawn into the highest levels of the cocaine trade.After two failed marriages and a harrowing escape from the drug life, she settles down to a quiet existence in Florida with her children--until her second husband tries to cut short his prison term by giving her name over to members of a new task force being formed by the DEA. They induce Pilar, now a middle-aged woman, to infiltrate the Cali cartel as the head of a vast money laundering sting. Named ""Operation Princess,"" the scheme leads to the seizure of tens of millions of dollars, along with some $500 million worth of cocaine and the exposure of hundreds of high-level traffickers, becoming one of the most daring and successful stings in DEA history. But Pilar plays her part too well. Her success as a money launderer gets her kidnapped and then ransomed by a band of guerrillas in South America--and the US government refuses to negotiate. It's left to her low-level handlers in the DEA to get her back, before it's too late and her kidnappers discover they have a federal agent in their clutches. ...more",Nonfiction,21.21,3,12,0,f40fea200e0c644f,https://books.toscrape.com/catalogue/snatched-how-a-drug-queen-went-undercover-for-the-dea-and-was-kidnapped-by-colombian-guerillas_631/index.html,631,21.21,21.21,0.0,True,In stock (12 available),Three,Books,https://books.toscrape.com/media/cache/17/95/17955609393fb4348e2321228d3e3e4f.jpg,Nonfiction,True
So You've Been Publicly Shamed,"For the past three years, Jon Ronson has traveled the world meeting recipients of high-profile public shamings. The shamed are people like us, people who, say, made a joke on social media that came out badly or made a mistake at work. Once the transgression is revealed, collective outrage circles with the force of a hurricane and the next thing they know, they're being tor For the past three years, Jon Ronson has traveled the world meeting recipients of high-profile public shamings. The shamed are people like us, people who, say, made a joke on social media that came out badly or made a mistake at work. Once the transgression is revealed, collective outrage circles with the force of a hurricane and the next thing they know, they're being torn apart by an angry mob, jeered at, demonized, sometimes even fired from their job.A great renaissance of public shaming is sweeping our land. Justice has been democratized. The silent majority are getting a voice, but what are we doing with our voice? We are mercilessly finding people's faults. We are defining the boundaries of normality by ruining the lives of those outside it. We are using shame as a form of social control.Simultaneously powerful and hilarious in the way only Jon Ronson can be, So You've Been Publicly Shamed is a deeply honest book about modern life, full of eye-opening truths about the escalating war on human flaws and the very scary part we all play in it. ...more",Nonfiction,12.23,2,15,0,1b33663ad7b95fd8,https://books.toscrape.com/catalogue/so-youve-been-publicly-shamed_832/index.html,832,12.23,12.23,0.0,True,In stock (15 available),Two,Books,https://books.toscrape.com/media/cache/9d/15/9d150a1d5832bb9e3b82bbc1541912d6.jpg,Nonfiction,True
Spark Joy: An Illustrated Master Class on the Art of Organizing and Tidying Up,"Marie Kondo’s unique KonMari Method of tidying up is nothing short of life-changing—and her first book, The Life-Changing Magic of Tidying Up, has become a worldwide sensation. In Spark Joy, Kondo presents an in-depth, illustrated manual on how to declutter and organize specific items throughout the house, from kitchen and bathroom items to work-related papers and hobby co Marie Kondo’s unique KonMari Method of tidying up is nothing short of life-changing—and her first book, The Life-Changing Magic of Tidying Up, has become a worldwide sensation. In Spark Joy, Kondo presents an in-depth, illustrated manual on how to declutter and organize specific items throughout the house, from kitchen and bathroom items to work-related papers and hobby collections. User-friendly line drawings illustrate Kondo’s patented folding method as it applies to shirts, pants, socks, and jackets, as well as images of properly organized drawers, closets, and cabinets. This book is perfect for anyone who wants a home—and life—that sparks joy. ...more",Nonfiction,41.83,4,16,0,87b0615b6e1f4d7b,https://books.toscrape.com/catalogue/spark-joy-an-illustrated-master-class-on-the-art-of-organizing-and-tidying-up_927/index.html,927,41.83,41.83,0.0,True,In stock (16 available),Four,Books,https://books.toscrape.com/media/cache/17/19/1719475c51206a410a90fe5f3708df4c.jpg,Nonfiction,True
Spilled Milk: Based on a True Story,"Brooke Nolan is a battered child who makes an anonymous phone call about the escalating brutality in her home. When social services jeopardize her safety condemning her to keep her father’s secret, it’s a glass of spilled milk at the dinner table that forces her to speak about the cruelty she’s been hiding. In her pursuit for safety and justice Brooke battles a broken syst Brooke Nolan is a battered child who makes an anonymous phone call about the escalating brutality in her home. When social services jeopardize her safety condemning her to keep her father’s secret, it’s a glass of spilled milk at the dinner table that forces her to speak about the cruelty she’s been hiding. In her pursuit for safety and justice Brooke battles a broken system that pushes to keep her father in the home. When jury members and a love interest congregate to inspire her to fight, she risks losing the support of family and comes to the realization that some people simply do not want to be saved. Spilled Milk is a novel of shocking narrative, triumph and resiliency. ...more",Nonfiction,49.51,1,3,0,f08667e4c0458f37,https://books.toscrape.com/catalogue/spilled-milk-based-on-a-true-story_225/index.html,225,49.51,49.51,0.0,True,In stock (3 available),One,Books,https://books.toscrape.com/media/cache/2e/a3/2ea30e892e0060412f854b31a4e72e47.jpg,Nonfiction,True
Stiff: The Curious Lives of Human Cadavers,"Stiff is an oddly compelling, often hilarious exploration of the strange lives of our bodies postmortem. For two thousand years, cadavers—some willingly, some unwittingly—have been involved in science's boldest strides and weirdest undertakings. In this fascinating account, Mary Roach visits the good deeds of cadavers over the centuries and tells the engrossing story of ou Stiff is an oddly compelling, often hilarious exploration of the strange lives of our bodies postmortem. For two thousand years, cadavers—some willingly, some unwittingly—have been involved in science's boldest strides and weirdest undertakings. In this fascinating account, Mary Roach visits the good deeds of cadavers over the centuries and tells the engrossing story of our bodies when we are no longer with them. ...more",Nonfiction,36.74,3,3,0,a11ae5f07572ef49,https://books.toscrape.com/catalogue/stiff-the-curious-lives-of-human-cadavers_226/index.html,226,36.74,36.74,0.0,True,In stock (3 available),Three,Books,https://books.toscrape.com/media/cache/00/01/0001685f344cae0e6921bc3f8256b54e.jpg,Nonfiction,True
Swell: A Year of Waves,"Wave watchers around the world know that no two waves are the same. Yet each and every wave that rises, peaks, and crashes onto the beach is generated by a much larger force originating thousands of miles away. Surf journalist team Evan Slater and Peter Taras capture the essence of waves and the swells that produce them in this breathtaking collection of wave photography. Wave watchers around the world know that no two waves are the same. Yet each and every wave that rises, peaks, and crashes onto the beach is generated by a much larger force originating thousands of miles away. Surf journalist team Evan Slater and Peter Taras capture the essence of waves and the swells that produce them in this breathtaking collection of wave photography. Slater characterizes four distinct swells from different corners of the globe and traces their journeys throughout the year from storm to seashore. His reflective, informative essays amplify these powerful images of hundreds of waves frozen in time, beautiful, simple, universal, yet wholly unique—and the best thing to watch on the planet. ...more",Nonfiction,45.58,1,14,0,4c8b7540409da4ac,https://books.toscrape.com/catalogue/swell-a-year-of-waves_740/index.html,740,45.58,45.58,0.0,True,In stock (14 available),One,Books,https://books.toscrape.com/media/cache/7d/a6/7da658ca2d3fce1a9958fb754a179ba8.jpg,Nonfiction,True
Talking to Girls About Duran Duran: One Young Man's Quest for True Love and a Cooler Haircut,"The author of the national bestseller Love is a Mix Tape returns, with a different-but equally personal and equally universal- spin on music as memory. ""No rock critic-living or dead, American or otherwise-has ever written about pop music with the evocative, hyperpoetic perfectitude of Rob Sheffield."" So said Chuck Klosterman about Love is a Mix Tape, Sheffield's paean to The author of the national bestseller Love is a Mix Tape returns, with a different-but equally personal and equally universal- spin on music as memory. ""No rock critic-living or dead, American or otherwise-has ever written about pop music with the evocative, hyperpoetic perfectitude of Rob Sheffield."" So said Chuck Klosterman about Love is a Mix Tape, Sheffield's paean to a lost love via its soundtrack. Now, in Talking to Girls About Duran Duran, Sheffield shares the soundtrack to his eighties adolescence. When he turned 13 in 1980, Rob Sheffield had a lot to learn about women, love, music and himself, and in Talking to Girls About Duran Duran we get a glimpse into his transformation from pasty, geeky ""hermit boy"" into a young man with his first girlfriend, his first apartment, and a sense of the world. These were the years of MTV and John Hughes movies; the era of big dreams and bigger shoulder pads; and, like any all-American boy, this one was searching for true love and maybe a cooler haircut. It's all here: Inept flirtations. Dumb crushes. Deplorable fashion choices. Members Only jackets. Girls, every last one of whom seems to be madly in love with the bassist of Duran Duran. Sheffield's coming-of-age story is one that we all know, with a playlist that any child of the eighties or anyone who just loves music will sing along with. These songs-and Sheffield's writing-will remind readers of that first kiss, that first car, and the moments that shaped their lives. ...more",Nonfiction,25.15,4,5,0,1dba84766a5e87b8,https://books.toscrape.com/catalogue/talking-to-girls-about-duran-duran-one-young-mans-quest-for-true-love-and-a-cooler-haircut_394/index.html,394,25.15,25.15,0.0,True,In stock (5 available),Four,Books,https://books.toscrape.com/media/cache/5d/62/5d62099546e3889ad385b13c62bc8874.jpg,Nonfiction,True
The Artist's Way: A Spiritual Path to Higher Creativity,"""Without The Artist's Way, there would have been no Eat, Pray, Love.” —Elizabeth GilbertThe Artist’s Way is the seminal book on the subject of creativity. An international bestseller, millions of readers have found it to be an invaluable guide to living the artist’s life. Still as vital today—or perhaps even more so—than it was when it was first published one decade ago, i ""Without The Artist's Way, there would have been no Eat, Pray, Love.” —Elizabeth GilbertThe Artist’s Way is the seminal book on the subject of creativity. An international bestseller, millions of readers have found it to be an invaluable guide to living the artist’s life. Still as vital today—or perhaps even more so—than it was when it was first published one decade ago, it is a powerfully provocative and inspiring work. In a new introduction to the book, Julia Cameron reflects upon the impact of The Artist’s Way and describes the work she has done during the last decade and the new insights into the creative process that she has gained. Updated and expanded, this anniversary edition reframes The Artist’s Way for a new century. ...more",Nonfiction,38.49,5,15,0,dd047728de72ad62,https://books.toscrape.com/catalogue/the-artists-way-a-spiritual-path-to-higher-creativity_839/index.html,839,38.49,38.49,0.0,True,In stock (15 available),Five,Books,https://books.toscrape.com/media/cache/3b/41/3b414b6d0340a0cbbd05be0942ddaada.jpg,Nonfiction,True
The Bad-Ass Librarians of Timbuktu: And Their Race to Save the World’s Most Precious Manuscripts,"To save precious centuries-old Arabic texts from Al Qaeda, a band of librarians in Timbuktu pulls off a brazen heist worthy of Ocean’s Eleven.In the 1980s, a young adventurer and collector for a government library, Abdel Kader Haidara, journeyed across the Sahara Desert and along the Niger River, tracking down and salvaging tens of thousands of ancient Islamic and secular To save precious centuries-old Arabic texts from Al Qaeda, a band of librarians in Timbuktu pulls off a brazen heist worthy of Ocean’s Eleven.In the 1980s, a young adventurer and collector for a government library, Abdel Kader Haidara, journeyed across the Sahara Desert and along the Niger River, tracking down and salvaging tens of thousands of ancient Islamic and secular manuscripts that had fallen into obscurity. The Bad-Ass Librarians of Timbuktu tells the incredible story of how Haidara, a mild-mannered archivist and historian from the legendary city of Timbuktu, later became one of the world’s greatest and most brazen smugglers.In 2012, thousands of Al Qaeda militants from northwest Africa seized control of most of Mali, including Timbuktu. They imposed Sharia law, chopped off the hands of accused thieves, stoned to death unmarried couples, and threatened to destroy the great manuscripts. As the militants tightened their control over Timbuktu, Haidara organized a dangerous operation to sneak all 350,000 volumes out of the city to the safety of southern Mali.Over the past twenty years, journalist Joshua Hammer visited Timbuktu numerous times and is uniquely qualified to tell the story of Haidara’s heroic and ultimately successful effort to outwit Al Qaeda and preserve Mali’s—and the world’s—literary patrimony. Hammer explores the city’s manuscript heritage and offers never-before-reported details about the militants’ march into northwest Africa. But above all, The Bad-Ass Librarians of Timbuktu is an inspiring account of the victory of art and literature over extremism. ...more",Nonfiction,15.77,1,14,0,923831a05c9f91f7,https://books.toscrape.com/catalogue/the-bad-ass-librarians-of-timbuktu-and-their-race-to-save-the-worlds-most-precious-manuscripts_745/index.html,745,15.77,15.77,0.0,True,In stock (14 available),One,Books,https://books.toscrape.com/media/cache/c4/d7/c4d78673f6228b246d5d547c29eaa58b.jpg,Nonfiction,True
The Diary of a Young Girl,"Discovered in the attic in which she spent the last years of her life, Anne Frank's remarkable diary has since become a world classic—a powerful reminder of the horrors of war and an eloquent testament to the human spirit.In 1942, with Nazis occupying Holland, a thirteen-year-old Jewish girl and her family fled their home in Amsterdam and went into hiding. For the next two Discovered in the attic in which she spent the last years of her life, Anne Frank's remarkable diary has since become a world classic—a powerful reminder of the horrors of war and an eloquent testament to the human spirit.In 1942, with Nazis occupying Holland, a thirteen-year-old Jewish girl and her family fled their home in Amsterdam and went into hiding. For the next two years, until their whereabouts were betrayed to the Gestapo, they and another family lived cloistered in the ""Secret Annexe"" of an old office building. Cut off from the outside world, they faced hunger, boredom, the constant cruelties of living in confined quarters, and the ever-present threat of discovery and death.In her diary Anne Frank recorded vivid impressions of her experiences during this period. By turns thoughtful, moving, and amusing, her account offers a fascinating commentary on human courage and frailty and a compelling self-portrait of a sensitive and spirited young woman whose promise was tragically cut short. ...more",Nonfiction,59.9,3,12,0,54fc03f1e1d355db,https://books.toscrape.com/catalogue/the-diary-of-a-young-girl_634/index.html,634,59.9,59.9,0.0,True,In stock (12 available),Three,Books,https://books.toscrape.com/media/cache/eb/26/eb2622ca0a304963d3bac0efa1bad775.jpg,Nonfiction,True
The Electric Pencil: Drawings from Inside State Hospital No. 3,"Deeds's subtle, meticulous, and wildly imaginative pencil and crayon drawings portray an unusual cast of characters: nineteenth-century dandies, Civil War soldiers, antique cars, fantastic boats and trains, country landscapes dotted with roaming animals, and fanciful architecture. None of these existed in the actual mid-twentieth-century landscape of Deeds's own life, but Deeds's subtle, meticulous, and wildly imaginative pencil and crayon drawings portray an unusual cast of characters: nineteenth-century dandies, Civil War soldiers, antique cars, fantastic boats and trains, country landscapes dotted with roaming animals, and fanciful architecture. None of these existed in the actual mid-twentieth-century landscape of Deeds's own life, but rather were representations of his inner world—an artist's poignant tribute to a faded past.Deeds lovingly bound his artwork in a cardboard and leather portfolio, a present for his mother. After being accidentally discarded in 1970, the album was rescued from the trash by a young boy and, thirty-six years later, came into the hands of artist and collector Harris Diamant, who provides the book's foreword. The Electric Pencil features all 283 of Deeds's arresting drawings—now avidly collected—done on ledger sheets from State Hospital No. 3 in Nevada, Missouri, and reproduced in the sequence of the original album. The Electric Pencil introduces readers to an astonishing record of one man's unwavering artistic vision in the face of the most inhospitable conditions. ...more",Nonfiction,56.06,1,16,0,a30b270e25489e5c,https://books.toscrape.com/catalogue/the-electric-pencil-drawings-from-inside-state-hospital-no-3_933/index.html,933,56.06,56.06,0.0,True,In stock (16 available),One,Books,https://books.toscrape.com/media/cache/b1/0f/b10faf0dee8994865437ffc79682dc2f.jpg,Nonfiction,True
The End of the Jesus Era (An Investigation #1),"God exists!? This may seem unprovable. The truth about Jesus differs radically from his traditional image!? This may seem absurd. However, both of the above assumptions are in fact provable through the logic that orders the Universe and also by virtue of the moral principles inherent in Life.This book initiates an independent investigation into the Jesus phenomenon. In par God exists!? This may seem unprovable. The truth about Jesus differs radically from his traditional image!? This may seem absurd. However, both of the above assumptions are in fact provable through the logic that orders the Universe and also by virtue of the moral principles inherent in Life.This book initiates an independent investigation into the Jesus phenomenon. In parallel with this, it opens up an exploration of the nature of the Creator. ...more",Nonfiction,14.4,1,1,0,09659d1639a1f978,https://books.toscrape.com/catalogue/the-end-of-the-jesus-era-an-investigation-1_64/index.html,64,14.4,14.4,0.0,True,In stock (1 available),One,Books,https://books.toscrape.com/media/cache/fa/9d/fa9db3f9dfc5a859c091d1262a56a89f.jpg,Nonfiction,True
The Five Love Languages: How to Express Heartfelt Commitment to Your Mate,"Are you and your spouse speaking the same language? While love is a many splendored thing, it is sometimes a very confusing thing, too. And as people come in all varieties, shapes, and sizes, so do their choices of personal expressions of love. But more often than not, the giver and the receiver express love in two different ways. This can lead to misunderstanding, quarrel Are you and your spouse speaking the same language? While love is a many splendored thing, it is sometimes a very confusing thing, too. And as people come in all varieties, shapes, and sizes, so do their choices of personal expressions of love. But more often than not, the giver and the receiver express love in two different ways. This can lead to misunderstanding, quarrels, and even divorce.Quality time, words of affirmation, gifts, acts of service, and physical touch are the five basic love languages. Dr. Gary Chapman identifies these and guides couples towards a better understanding of their unique languages of love. Learn to speak and understand your mate's love language, and in no time you will be able to effectively love and truly feel loved in return. Skillful communication is within your grasp! ...more",Nonfiction,31.05,3,18,0,3c039985229453bf,https://books.toscrape.com/catalogue/the-five-love-languages-how-to-express-heartfelt-commitment-to-your-mate_969/index.html,969,31.05,31.05,0.0,True,In stock (18 available),Three,Books,https://books.toscrape.com/media/cache/7c/10/7c10101fe1759c5a17ba57e4bef9e764.jpg,Nonfiction,True
The Genius of Birds,"Birds are astonishingly intelligent creatures. In fact, according to revolutionary new research, some birds rival primates and even humans in their remarkable forms of intelligence. Like humans, many birds have enormous brains relative to their size. Although small, bird brains are packed with neurons that allow them to punch well above their weight. InThe Genius of Birds, Birds are astonishingly intelligent creatures. In fact, according to revolutionary new research, some birds rival primates and even humans in their remarkable forms of intelligence. Like humans, many birds have enormous brains relative to their size. Although small, bird brains are packed with neurons that allow them to punch well above their weight. In The Genius of Birds, acclaimed author Jennifer Ackerman explores the newly discovered brilliance of birds and how it came about. As she travels around the world to the most cutting-edge frontiers of research— the distant laboratories of Barbados and New Caledonia, the great tit communities of the United Kingdom and the bowerbird habitats of Australia, the ravaged mid-Atlantic coast after Hurricane Sandy and the warming mountains of central Virginia and the western states—Ackerman not only tells the story of the recently uncovered genius of birds but also delves deeply into the latest findings about the bird brain itself that are revolutionizing our view of what it means to be intelligent.Consider, as Ackerman does, the Clark’s nutcracker, a bird that can hide as many as 30,000 seeds over dozens of square miles and remember where it put them several months later; the mockingbirds and thrashers, species that can store 200 to 2,000 different songs in a brain a thousand times smaller than ours; the well-known pigeon, which knows where it’s going, even thousands of miles from familiar territory; and the New Caledonian crow, an impressive bird that makes its own tools. But beyond highlighting how birds use their unique genius in technical ways, Ackerman points out the impressive social smarts of birds. They deceive and manipulate. They eavesdrop. They display a strong sense of fairness. They give gifts. They play keep-away and tug-of-war. They tease. They share. They cultivate social networks. They vie for status. They kiss to console one another. They teach their young. They blackmail their parents. They alert one another to danger. They summon witnesses to the death of a peer. They may even grieve. This elegant scientific investigation and travelogue weaves personal anecdotes with fascinating science. Ackerman delivers an extraordinary story that will both give readers a new appreciation for the exceptional talents of birds and let them discover what birds can reveal about our changing world. Incredibly informative and beautifully written, The Genius of Birds richly celebrates the triumphs of these surprising and fiercely intelligent creatures. ...more",Nonfiction,17.24,1,15,0,42d0d7c92b75fc1c,https://books.toscrape.com/catalogue/the-genius-of-birds_843/index.html,843,17.24,17.24,0.0,True,In stock (15 available),One,Books,https://books.toscrape.com/media/cache/2e/52/2e52982210cbc8dffe414cab72b52e38.jpg,Nonfiction,True
The Geography of Bliss: One Grump's Search for the Happiest Places in the World,"Weiner spent a decade as a foreign correspondent reporting from such discontented locales as Iraq, Afghanistan, and Indonesia. Unhappy people living in profoundly unstable states, he notes, inspire pathos and make for good copy, but not for good karma. So Weiner, admitted grump and self-help book aficionado, undertook a year's research to travel the globe, looking for the Weiner spent a decade as a foreign correspondent reporting from such discontented locales as Iraq, Afghanistan, and Indonesia. Unhappy people living in profoundly unstable states, he notes, inspire pathos and make for good copy, but not for good karma. So Weiner, admitted grump and self-help book aficionado, undertook a year's research to travel the globe, looking for the ""unheralded happy places."" The result is this book, equal parts laugh-out-loud funny and philosophical, a journey into both the definition of and the destination for true contentment.Apparently, the happiest places on earth include, somewhat unexpectedly, Iceland, Bhutan, and India. Weiner also visits the country deemed most malcontent, Moldova, and finds real merit in the claim.But the question remains: What makes people happy? Is it the freedom of the West or the myriad restrictions of Singapore? The simple ashrams of India or the glittering shopping malls of Qatar?From the youthful drunkenness of Iceland to the despond of Slough, a sad but resilient town in Heathrow's flight path, Weiner offers wry yet profound observations about the way people relate to circumstance and fate.Both revealing and inspirational, perhaps the best thing about this hilarious trip across four continents is that for the reader, the ""geography of bliss"" is wherever they happen to find themselves while reading it. ...more",Nonfiction,28.23,2,4,0,c65ee14957c0fa5c,https://books.toscrape.com/catalogue/the-geography-of-bliss-one-grumps-search-for-the-happiest-places-in-the-world_346/index.html,346,28.23,28.23,0.0,True,In stock (4 available),Two,Books,https://books.toscrape.com/media/cache/fd/51/fd513e918a0b34fb08bc67d1d7065e40.jpg,Nonfiction,True
The Gunning of America: Business and the Making of American Gun Culture,"Americans have always loved guns. This special bond was forged during the American Revolution and sanctified by the Second Amendment. It is because of this exceptional relationship that American civilians are more heavily armed than the citizens of any other nation.Or so we’re told.In The Gunning of America, historian Pamela Haag overturns this conventional wisdom. America Americans have always loved guns. This special bond was forged during the American Revolution and sanctified by the Second Amendment. It is because of this exceptional relationship that American civilians are more heavily armed than the citizens of any other nation.Or so we’re told.In The Gunning of America, historian Pamela Haag overturns this conventional wisdom. American gun culture, she argues, developed not because the gun was exceptional, but precisely because it was not: guns proliferated in America because throughout most of the nation’s history, they were perceived as an unexceptional commodity, no different than buttons or typewriters.Focusing on the history of the Winchester Repeating Arms Company, one of the most iconic arms manufacturers in America, Haag challenges many basic assumptions of how and when America became a gun culture. Under the leadership of Oliver Winchester and his heirs, the company used aggressive, sometimes ingenious sales and marketing techniques to create new markets for their product. Guns have never “sold themselves”; rather, through advertising and innovative distribution campaigns, the gun industry did. Through the meticulous examination of gun industry archives, Haag challenges the myth of a primal bond between Americans and their firearms. Over the course of its 150 year history, the Winchester Repeating Arms Company sold over 8 million guns. But Oliver Winchester—a shirtmaker in his previous career—had no apparent qualms about a life spent arming America. His daughter-in-law Sarah Winchester was a different story. Legend holds that Sarah was haunted by what she considered a vast blood fortune, and became convinced that the ghosts of rifle victims were haunting her. She channeled much of her inheritance, and her conflicted conscience, into a monstrous estate now known as the Winchester Mystery House, where she sought refuge from this ever-expanding army of phantoms.In this provocative and deeply-researched work of narrative history, Haag fundamentally revises the history of arms in America, and in so doing explodes the clichés that have created and sustained our lethal gun culture. ...more",Nonfiction,16.81,4,4,0,45033bdf3d9ed158,https://books.toscrape.com/catalogue/the-gunning-of-america-business-and-the-making-of-american-gun-culture_347/index.html,347,16.81,16.81,0.0,True,In stock (4 available),Four,Books,https://books.toscrape.com/media/cache/e2/23/e223db017107fcccf532e5fe753f307d.jpg,Nonfiction,True
The Gutsy Girl: Escapades for Your Life of Epic Adventure,"Why should girls miss out on the joy of adventure? They can jump off rocks, swing on ropes, and climb trees just as well as boys can. But girls often allow fear to stand in their way.In The Gutsy Girl, author Caroline Paul emboldens girls to seek out a life of exhilaration. Once a young scaredy-cat herself, Caroline decided that fear got in the way of the life she wanted-- Why should girls miss out on the joy of adventure? They can jump off rocks, swing on ropes, and climb trees just as well as boys can. But girls often allow fear to stand in their way.In The Gutsy Girl, author Caroline Paul emboldens girls to seek out a life of exhilaration. Once a young scaredy-cat herself, Caroline decided that fear got in the way of the life she wanted--of excitement, confidence, self-reliance, friendship, and fun. She has since flown planes, rafted big rivers, climbed tall mountains, and fought fires as one of the first female firefighters in San Francisco. In The Gutsy Girl, she shares her greatest escapades as well as those of other girls and women from throughout history, and offers engaging activities such as confidence-building stances, creating a compass, positive self-talk, and using crickets to estimate outside temperatures. Each section includes a place for girls to “journal” their adventures, thus encouraging a new generation to develop a zest for challenges and a healthy relationship to risk. The Gutsy Girl is Lean In for young girls, a book about the glorious things that happen when you unshackle from fear and open up to exhilaration. Fully illustrated and enlivened throughout by bestselling illustrator Wendy MacNaughton's whimsical pen-and-ink drawings. ...more",Nonfiction,37.13,1,16,0,acd86a5426e21ca0,https://books.toscrape.com/catalogue/the-gutsy-girl-escapades-for-your-life-of-epic-adventure_934/index.html,934,37.13,37.13,0.0,True,In stock (16 available),One,Books,https://books.toscrape.com/media/cache/73/cb/73cb1236d96f455d712516fffeae2304.jpg,Nonfiction,True
The Jazz of Physics: The Secret Link Between Music and the Structure of the Universe,"More than fifty years ago, John Coltrane drew the twelve musical notes in a circle and connected them by straight lines, forming a five-pointed star. Inspired by Einstein, Coltrane had put physics and geometry at the core of his music. Physicist and jazz musician Stephon Alexander returns the favor, using jazz to answer physics’ most vexing questions about the past and fut More than fifty years ago, John Coltrane drew the twelve musical notes in a circle and connected them by straight lines, forming a five-pointed star. Inspired by Einstein, Coltrane had put physics and geometry at the core of his music. Physicist and jazz musician Stephon Alexander returns the favor, using jazz to answer physics’ most vexing questions about the past and future of the universe.Following the great minds that first drew the links between music and physics—a list including Pythagoras, Kepler, Newton, Einstein, and Rakim—The Jazz of Physics revisits the ancient realm where music, physics, and the cosmos were one. This cosmological journey accompanies Alexander’s own tale of struggling to reconcile his passion for music and physics, from taking music lessons as a boy in the Bronx to studying theoretical physics at Imperial College, London’s inner sanctum of string theory. Playing the saxophone and improvising with equations, Alexander uncovered the connection between the fundamental waves that make up sound and the fundamental waves that make up everything else. As he reveals, the ancient poetic idea of the “music of the spheres,” taken seriously, clarifies confounding issues in physics.Whether you are more familiar with Brian Greene or Brian Eno, John Coltrane or John Wheeler, the Five Percent Nation or why the universe is less than five percent visible, there is a new discovery on every page. Covering the entire history of the universe from its birth to its fate, its structure on the smallest and largest scales, The Jazz of Physics will fascinate and inspire anyone interested in the mysteries of our universe, music, and life itself. ...more",Nonfiction,38.71,3,4,0,6a57286a8890d8c5,https://books.toscrape.com/catalogue/the-jazz-of-physics-the-secret-link-between-music-and-the-structure-of-the-universe_350/index.html,350,38.71,38.71,0.0,True,In stock (4 available),Three,Books,https://books.toscrape.com/media/cache/f3/d1/f3d18f7fa858139e133fe4809d3827b5.jpg,Nonfiction,True
The Life-Changing Magic of Tidying Up: The Japanese Art of Decluttering and Organizing,"Despite constant efforts to declutter your home, do papers still accumulate like snowdrifts and clothes pile up like a tangled mess of noodles?Japanese cleaning consultant Marie Kondo takes tidying to a whole new level, promising that if you properly simplify and organize your home once, you'll never have to do it again. Most methods advocate a room-by-room or little-by-li Despite constant efforts to declutter your home, do papers still accumulate like snowdrifts and clothes pile up like a tangled mess of noodles?Japanese cleaning consultant Marie Kondo takes tidying to a whole new level, promising that if you properly simplify and organize your home once, you'll never have to do it again. Most methods advocate a room-by-room or little-by-little approach, which doom you to pick away at your piles of stuff forever. The KonMari Method, with its revolutionary category-by-category system, leads to lasting results. In fact, none of Kondo's clients have lapsed (and she still has a three-month waiting list).With detailed guidance for determining which items in your house ""spark joy"" (and which don't), this international best seller featuring Tokyo's newest lifestyle phenomenon will help you clear your clutter and enjoy the unique magic of a tidy home - and the calm, motivated mindset it can inspire. ...more",Nonfiction,16.77,3,16,0,0da9aa9d24677fc0,https://books.toscrape.com/catalogue/the-life-changing-magic-of-tidying-up-the-japanese-art-of-decluttering-and-organizing_936/index.html,936,16.77,16.77,0.0,True,In stock (16 available),Three,Books,https://books.toscrape.com/media/cache/26/65/2665876e19a6c92130f02cfda3bd3846.jpg,Nonfiction,True
The Literature Book (Big Ideas Simply Explained),"A global look at the greatest works of Eastern and Western literature and the themes that unite them, for students and lovers of literature and reading.The Literature Book is a fascinating journey through the greatest works of world literature, from the Iliad to Don Quixote to The Great Gatsby. Around 100 crystal-clear articles explore landmark novels, short stories, plays A global look at the greatest works of Eastern and Western literature and the themes that unite them, for students and lovers of literature and reading.The Literature Book is a fascinating journey through the greatest works of world literature, from the Iliad to Don Quixote to The Great Gatsby. Around 100 crystal-clear articles explore landmark novels, short stories, plays, and poetry that reinvented the art of writing in their time, whether Ancient Greece, post-classical Europe, or modern-day Korea.As part of DK's award-winning Big Ideas Simply Explained series, The Literature Book uses infographics and images to explain key ideas and themes. Biographies of important authors offer insight into their lives and other writings, and a section on Further Reading details more than 150 additional works to explore.Discover masterpieces from the world's greatest authors, and explore the context, creative history, and literary traditions that influenced each major work of fiction with The Literature Book.Series Overview: Big Ideas Simply Explained series uses creative design and innovative graphics, along with straightforward and engaging writing, to make complex subjects easier to understand. These award-winning books provide just the information needed for students, families, or anyone interested in concise, thought-provoking refreshers on a single subject. ...more",Nonfiction,17.43,3,14,0,4881cc53f6c8892f,https://books.toscrape.com/catalogue/the-literature-book-big-ideas-simply-explained_755/index.html,755,17.43,17.43,0.0,True,In stock (14 available),Three,Books,https://books.toscrape.com/media/cache/b7/95/b79552e4f08ebad6516f6ddefbb7bd92.jpg,Nonfiction,True
The Lonely City: Adventures in the Art of Being Alone,"An expertly crafted work of reportage, memoir and biography on the subject of loneliness told through the lives of iconic artists, by the acclaimed author of The Trip to Echo Spring What does it mean to be lonely? How do we live, if we're not intimately engaged with another human being? How do we connect with other people? Does technology draw us closer together or trap us An expertly crafted work of reportage, memoir and biography on the subject of loneliness told through the lives of iconic artists, by the acclaimed author of The Trip to Echo Spring What does it mean to be lonely? How do we live, if we're not intimately engaged with another human being? How do we connect with other people? Does technology draw us closer together or trap us behind screens?When Olivia Laing moved to New York City in her mid-thirties, she found herself inhabiting loneliness on a daily basis. Increasingly fascinated by this most shameful of experiences, she began to explore the lonely city by way of art. Moving fluidly between works and lives - from Edward Hopper's Nighthawks to Andy Warhol's Time Capsules, from Henry Darger's hoarding to the depredations of the AIDS crisis - Laing conducts an electric, dazzling investigation into what it means to be alone, illuminating not only the causes of loneliness but also how it might be resisted and redeemed.Humane, provocative and deeply moving, The Lonely City is about the spaces between people and the things that draw them together, about sexuality, mortality and the magical possibilities of art. It's a celebration of a strange and lovely state, adrift from the larger continent of human experience, but intrinsic to the very act of being alive. ...more",Nonfiction,33.26,2,12,0,582a21a1dbbef3cf,https://books.toscrape.com/catalogue/the-lonely-city-adventures-in-the-art-of-being-alone_639/index.html,639,33.26,33.26,0.0,True,In stock (12 available),Two,Books,https://books.toscrape.com/media/cache/79/66/79660d2683a90670aa014cae6e02b2dc.jpg,Nonfiction,True
The Man Who Mistook His Wife for a Hat and Other Clinical Tales,"In his most extraordinary book, ""one of the great clinical writers of the twentieth century"" (The New York Times) recounts the case histories of patients lost in the bizarre, apparently inescapable world of neurological disorders. Oliver Sacks's The Man Who Mistook His Wife for a Hat tells the stories of individuals afflicted with fantastic perceptual and intellectual aber In his most extraordinary book, ""one of the great clinical writers of the twentieth century"" (The New York Times) recounts the case histories of patients lost in the bizarre, apparently inescapable world of neurological disorders. Oliver Sacks's The Man Who Mistook His Wife for a Hat tells the stories of individuals afflicted with fantastic perceptual and intellectual aberrations: patients who have lost their memories and with them the greater part of their pasts; who are no longer able to recognize people and common objects; who are stricken with violent tics and grimaces or who shout involuntary obscenities; whose limbs have become alien; who have been dismissed as retarded yet are gifted with uncanny artistic or mathematical talents.If inconceivably strange, these brilliant tales remain, in Dr. Sacks's splendid and sympathetic telling, deeply human. They are studies of life struggling against incredible adversity, and they enable us to enter the world of the neurologically impaired, to imagine with our hearts what it must be to live and feel as they do. A great healer, Sacks never loses sight of medicine's ultimate responsibility: ""the suffering, afflicted, fighting human subject."" ...more",Nonfiction,59.45,4,6,0,60376aa71be66083,https://books.toscrape.com/catalogue/the-man-who-mistook-his-wife-for-a-hat-and-other-clinical-tales_451/index.html,451,59.45,59.45,0.0,True,In stock (6 available),Four,Books,https://books.toscrape.com/media/cache/d7/58/d758851b2790471b1de776f49a997157.jpg,Nonfiction,True
"The Midnight Assassin: Panic, Scandal, and the Hunt for America's First Serial Killer","A sweeping narrative history of a terrifying serial killer--America's first--who stalked Austin, Texas in 1885In the late 1800s, the city of Austin, Texas was on the cusp of emerging from an isolated western outpost into a truly cosmopolitan metropolis. But beginning in December 1884, Austin was terrorized by someone equally as vicious and, in some ways, far more diabolica A sweeping narrative history of a terrifying serial killer--America's first--who stalked Austin, Texas in 1885In the late 1800s, the city of Austin, Texas was on the cusp of emerging from an isolated western outpost into a truly cosmopolitan metropolis. But beginning in December 1884, Austin was terrorized by someone equally as vicious and, in some ways, far more diabolical than London's infamous Jack the Ripper. For almost exactly one year, the Midnight Assassin crisscrossed the entire city, striking on moonlit nights, using axes, knives, and long steel rods to rip apart women from every race and class. At the time the concept of a serial killer was unthinkable, but the murders continued, the killer became more brazen, and the citizens' panic reached a fever pitch.Before it was all over, at least a dozen men would be arrested in connection with the murders, and the crimes would expose what a newspaper described as ""the most extensive and profound scandal ever known in Austin."" And yes, when Jack the Ripper began his attacks in 1888, London police investigators did wonder if the killer from Austin had crossed the ocean to terrorize their own city.With vivid historical detail and novelistic flair, Texas Monthly journalist Skip Hollandsworth brings this terrifying saga to life. ...more",Nonfiction,28.45,4,8,0,5a0d2e9284004266,https://books.toscrape.com/catalogue/the-midnight-assassin-panic-scandal-and-the-hunt-for-americas-first-serial-killer_549/index.html,549,28.45,28.45,0.0,True,In stock (8 available),Four,Books,https://books.toscrape.com/media/cache/38/ec/38ec5240eb37dfc9ebe54fa7584842ed.jpg,Nonfiction,True
The Name of God is Mercy,"NEW YORK TIMES BESTSELLER •In his first book published as Pope, and in conjunction with the Extraordinary Jubilee of Mercy, Pope Francis here invites all humanity to an intimate and personal dialogue on the subject closest to his heart—mercy—which has long been the cornerstone of his faith and is now the central teaching of his papacy. In this conversation with Vatican r NEW YORK TIMES BESTSELLER • In his first book published as Pope, and in conjunction with the Extraordinary Jubilee of Mercy, Pope Francis here invites all humanity to an intimate and personal dialogue on the subject closest to his heart—mercy—which has long been the cornerstone of his faith and is now the central teaching of his papacy. In this conversation with Vatican reporter Andrea Tornielli, Francis explains—through memories from his youth and moving anecdotes from his experiences as a pastor—why “mercy is the first attribute of God.” God “does not want anyone to be lost. His mercy is infinitely greater than our sins,” he writes. As well, the Church cannot close the door on anyone, Francis asserts—on the contrary, its duty is to go out into the world to find its way into the consciousness of people so that they can assume responsibility for, and move away from, the bad things they have done. The first Jesuit and the first South American to be elected Bishop of Rome, Pope Francis has traveled around the world spreading God’s message of mercy to the largest crowds in papal history. Clear and profound, The Name of God Is Mercy resonates with this desire to reach all those who are looking for meaning in life, a road to peace and reconciliation, and the healing of physical and spiritual wounds. It is being published in more than eighty countries around the world.“The name of God is mercy. There are no situations we cannot get out of, we are not condemned to sink into quicksand.”—Pope FrancisPraise for The Name of God Is Mercy “Francis speaks succinctly—and with refreshing forthrightness. . . . He emphasizes moral sincerity over dogma, an understanding of the complexities of the world and individual experience over rigid doctrine. . . . The pope has an easy conversational style that moves effortlessly between folksy sayings and erudite allusions, between common-sense logic and impassioned philosophical insights.”—Michiko Kakutani, The New York Times“What makes his book most moving is the way in which this man, without disrespecting his own privacy or offering false bromides of modesty, opens the sacred space of his conscience to explain how he came to center his ministry, and now his papacy, around mercy.”—James Carroll, The New Yorker“As he has done throughout his papacy, Pope Francis shows in this book a compelling way to present God’s love anew to a skeptical world without denying the ancient teachings of faith. But now he is challenging the entire Church to trek a new way forward.”—Time “Francis enjoys sharing personal stories of God’s grace and mercy in the lives of parishioners from his native Argentina, people he has known and who have recognized themselves as sinners.”—The Washington Post“Powerful . . . Francis’s book signals a plea for a change of attitude on the part of the faithful and their pastors. . . . Bishops and priests will talk and quarrel over the text for months, even years to come. And that, perhaps, is what Francis intends.”—Financial Times “Deepens his calls for a more merciful Catholic Church . . . The question-and-answer book is told in simple, breezy language, with the pope referring to experiences and people in his own life.”—Newsday “Francis has offered his most detailed outline yet for the role of the Catholic church in the modern era.”—National Catholic ReporterTranslated by Oonagh Stransky From the Hardcover edition. ...more",Nonfiction,37.25,2,3,0,0baf71623648413a,https://books.toscrape.com/catalogue/the-name-of-god-is-mercy_264/index.html,264,37.25,37.25,0.0,True,In stock (3 available),Two,Books,https://books.toscrape.com/media/cache/01/7c/017c9fd993b4ebb5676213f6de1f96c5.jpg,Nonfiction,True
The Omnivore's Dilemma: A Natural History of Four Meals,"What should we have for dinner?"" To one degree or another this simple question assails any creature faced with a wide choice of things to eat. Anthropologists call it the omnivore's dilemma. Choosing from among the countless potential foods nature offers, humans have had to learn what is safe, and what isn't—which mushrooms should be avoided, for example, and which berries What should we have for dinner?"" To one degree or another this simple question assails any creature faced with a wide choice of things to eat. Anthropologists call it the omnivore's dilemma. Choosing from among the countless potential foods nature offers, humans have had to learn what is safe, and what isn't—which mushrooms should be avoided, for example, and which berries we can enjoy. Today, as America confronts what can only be described as a national eating disorder, the omnivore's dilemma has returned with an atavistic vengeance. The cornucopia of the modern American supermarket and fast-food outlet has thrown us back on a bewildering landscape where we once again have to worry about which of those tasty-looking morsels might kill us. At the same time we're realizing that our food choices also have profound implications for the health of our environment. The Omnivore's Dilemma is bestselling author Michael Pollan's brilliant and eye-opening exploration of these little-known but vitally important dimensions of eating in America. Pollan has divided The Omnivore's Dilemma into three parts, one for each of the food chains that sustain us: industrialized food, alternative or ""organic"" food, and food people obtain by dint of their own hunting, gathering, or gardening. Pollan follows each food chain literally from the ground up to the table, emphasizing our dynamic coevolutionary relationship with the species we depend on. He concludes each section by sitting down to a meal—at McDonald's, at home with his family sharing a dinner from Whole Foods, and in a revolutionary ""beyond organic"" farm in Virginia. For each meal he traces the provenance of everything consumed, revealing the hidden components we unwittingly ingest and explaining how our taste for particular foods reflects our environmental and biological inheritance. We are indeed what we eat-and what we eat remakes the world. A society of voracious and increasingly confused omnivores, we are just beginning to recognize the profound consequences of the simplest everyday food choices, both for ourselves and for the natural world. The Omnivore's Dilemma is a long-overdue book and one that will become known for bringing a completely fresh perspective to a question as ordinary and yet momentous as What shall we have for dinner?A few facts and figures from The Omnivore's Dilemma:Of the 38 ingredients it takes to make a McNugget, there are at least 13 that are derived from corn. 45 different menu items at Mcdonald’s are made from corn. One in every three American children eats fast food every day. One in every five American meals today is eaten in the car. The food industry burns nearly a fifth of all the petroleum consumed in the United States—more than we burn with our cars and more than any other industry consumes. It takes ten calories of fossil fuel energy to deliver one calorie of food energy to an American plate. A single strawberry contains about five calories. To get that strawberry from a field in California to a plate on the east coast requires 435 calories of energy. Industrial fertilizer and industrial pesticides both owe their existence to the conversion of the World War II munitions industry to civilian uses—nerve gases became pesticides, and ammonium nitrate explosives became nitrogen fertilizers. ... ...more",Nonfiction,38.21,2,15,0,209adad1015af86f,https://books.toscrape.com/catalogue/the-omnivores-dilemma-a-natural-history-of-four-meals_854/index.html,854,38.21,38.21,0.0,True,In stock (15 available),Two,Books,https://books.toscrape.com/media/cache/3d/9d/3d9d46815a4be5e5e6f5e641d8268961.jpg,Nonfiction,True
The Power of Now: A Guide to Spiritual Enlightenment,"Ekhart Tolle's message is simple: living in the now is the truest path to happiness and enlightenment. And while this message may not seem stunningly original or fresh, Tolle's clear writing, supportive voice and enthusiasm make this an excellent manual for anyone who's ever wondered what exactly ""living in the now"" means. Foremost, Tolle is a world-class teacher, able to Ekhart Tolle's message is simple: living in the now is the truest path to happiness and enlightenment. And while this message may not seem stunningly original or fresh, Tolle's clear writing, supportive voice and enthusiasm make this an excellent manual for anyone who's ever wondered what exactly ""living in the now"" means. Foremost, Tolle is a world-class teacher, able to explain complicated concepts in concrete language. More importantly, within a chapter of reading this book, readers are already holding the world in a different container--more conscious of how thoughts and emotions get in the way of their ability to live in genuine peace and happiness.Tolle packs a lot of information and inspirational ideas into The Power of Now. (Topics include the source of Chi, enlightened relationships, creative use of the mind, impermanence and the cycle of life.) Thankfully, he's added markers that symbolise ""break time"". This is when readers should close the book and mull over what they just read. As a result, The Power of Now reads like the highly acclaimed A Course in Miracles--a spiritual guidebook that has the potential to inspire just as many study groups and change just as many lives for the better. --Gail Hudson ...more",Nonfiction,43.54,2,15,0,8ec14b1576cb7cb5,https://books.toscrape.com/catalogue/the-power-of-now-a-guide-to-spiritual-enlightenment_855/index.html,855,43.54,43.54,0.0,True,In stock (15 available),Two,Books,https://books.toscrape.com/media/cache/13/2a/132a17f55f0048a2f2df748c9f5ce4e4.jpg,Nonfiction,True
"The Sleep Revolution: Transforming Your Life, One Night at a Time","We are in the midst of a sleep deprivation crisis, writes Arianna Huffington, the co-founder and editor in chief of The Huffington Post. And this has profound consequences – on our health, our job performance, our relationships and our happiness. What is needed, she boldly asserts, is nothing short of a sleep revolution. Only by renewing our relationship with sleep can we We are in the midst of a sleep deprivation crisis, writes Arianna Huffington, the co-founder and editor in chief of The Huffington Post. And this has profound consequences – on our health, our job performance, our relationships and our happiness. What is needed, she boldly asserts, is nothing short of a sleep revolution. Only by renewing our relationship with sleep can we take back control of our lives. In her bestseller Thrive, Arianna wrote about our need to redefine success through well-being, wisdom, wonder, and giving. Her discussion of the importance of sleep as a gateway to this more fulfilling way of living struck such a powerful chord that she realized the mystery and transformative power of sleep called for a fuller investigation. The result is a sweeping, scientifically rigorous, and deeply personal exploration of sleep from all angles, from the history of sleep, to the role of dreams in our lives, to the consequences of sleep deprivation, and the new golden age of sleep science that is revealing the vital role sleep plays in our every waking moment and every aspect of our health – from weight gain, diabetes, and heart disease to cancer and Alzheimer’s. In The Sleep Revolution, Arianna shows how our cultural dismissal of sleep as time wasted compromises our health and our decision-making and undermines our work lives, our personal lives -- and even our sex lives. She explores all the latest science on what exactly is going on while we sleep and dream. She takes on the dangerous sleeping pill industry, and all the ways our addiction to technology disrupts our sleep. She also offers a range of recommendations and tips from leading scientists on how we can get better and more restorative sleep, and harness its incredible power. In today's fast-paced, always-connected, perpetually-harried and sleep-deprived world, our need for a good night’s sleep is more important – and elusive -- than ever. The Sleep Revolution both sounds the alarm on our worldwide sleep crisis and provides a detailed road map to the great sleep awakening that can help transform our lives, our communities, and our world. ...more",Nonfiction,11.68,4,11,0,985991708c47003e,https://books.toscrape.com/catalogue/the-sleep-revolution-transforming-your-life-one-night-at-a-time_608/index.html,608,11.68,11.68,0.0,True,In stock (11 available),Four,Books,https://books.toscrape.com/media/cache/b7/6a/b76a8c5c12390d9259b6235115ebf024.jpg,Nonfiction,True
"The Suffragettes (Little Black Classics, #96)","'Once they are aroused, once they are determined, nothing on earth and nothing in heaven will make women give way; it is impossible.'A potted history of the women who pioneered feminism and changed the world.One of 46 new books in the bestselling Little Black Classics series, to celebrate the first ever Penguin Classic in 1946. Each book gives readers a taste of the Classi 'Once they are aroused, once they are determined, nothing on earth and nothing in heaven will make women give way; it is impossible.'A potted history of the women who pioneered feminism and changed the world.One of 46 new books in the bestselling Little Black Classics series, to celebrate the first ever Penguin Classic in 1946. Each book gives readers a taste of the Classics' huge range and diversity, with works from around the world and across the centuries - including fables, decadence, heartbreak, tall tales, satire, ghosts, battles and elephants. ...more",Nonfiction,11.89,2,2,0,d2185b65af52d68c,https://books.toscrape.com/catalogue/the-suffragettes-little-black-classics-96_112/index.html,112,11.89,11.89,0.0,True,In stock (2 available),Two,Books,https://books.toscrape.com/media/cache/8f/39/8f399ee98cb1a7c77525123b00d4b3e0.jpg,Nonfiction,True
The Tumor,"John Grisham says THE TUMOR is the most important book he has ever written. In this short book, he provides readers with a fictional account of how a real, new medical technology could revolutionize the future of medicine by curing with sound. THE TUMOR follows the present day experience of the fictional patient Paul, an otherwise healthy 35-year-old father who is diagnose John Grisham says THE TUMOR is the most important book he has ever written. In this short book, he provides readers with a fictional account of how a real, new medical technology could revolutionize the future of medicine by curing with sound. THE TUMOR follows the present day experience of the fictional patient Paul, an otherwise healthy 35-year-old father who is diagnosed with a malignant brain tumor. Grisham takes readers through a detailed account of Paul’s treatment and his family’s experience that doesn’t end as we would hope. Grisham then explores an alternate future, where Paul is diagnosed with the same brain tumor at the same age, but in the year 2025, when a treatment called focused ultrasound is able to extend his life expectancy. Focused ultrasound has the potential to treat not just brain tumors, but many other disorders, including Parkinson’s, Alzheimer’s, hypertension, and prostate, breast and pancreatic cancer. For more information, you can visit The Focused Ultrasound Foundation’s website. Here you will find a video of Grisham on the TEDx stage with the Foundation’s chairman and a Parkinson’s patient who brings the audience to its feet sharing her incredible story of a focused ultrasound “miracle.” Readers will get a taste of the narrative they expect from Grisham, but this short book will also educate and inspire people to be hopeful about the future of medical innovation. ...more",Nonfiction,41.56,5,1,0,6514add13c82b115,https://books.toscrape.com/catalogue/the-tumor_85/index.html,85,41.56,41.56,0.0,True,In stock (1 available),Five,Books,https://books.toscrape.com/media/cache/8a/14/8a14b06317e794b3469e57d20270f80f.jpg,Nonfiction,True
The Year of Magical Thinking,"From one of America's iconic writers, this is a portrait of a marriage and a life - in good times and bad - that will speak to anyone who has ever loved a husband or wife or child. This is a stunning book of electric honesty and passion. Several days before Christmas 2003, John Gregory Dunne and Joan Didion saw their only daughter, Quintana, fall ill.At first they thought From one of America's iconic writers, this is a portrait of a marriage and a life - in good times and bad - that will speak to anyone who has ever loved a husband or wife or child. This is a stunning book of electric honesty and passion. Several days before Christmas 2003, John Gregory Dunne and Joan Didion saw their only daughter, Quintana, fall ill.At first they thought it was flu, then pneumonia, then complete septic shock. She was put into an induced coma and placed on life support. Days later - the night before New Year's Eve - the Dunnes were just sitting down to dinner after visiting the hospital when John suffered a massive and fatal coronary.In a second, this close, symbiotic partnership of 40 years was over. Four weeks later, their daughter pulled through. Two months after that, arriving at LA airport, she collapsed and underwent six hours of brain surgery at UCLA Medical Centre to relieve a massive hematoma.This powerful book is Didion's 'attempt to make sense of the weeks and then months that cut loose any fixed idea I ever had about death, about illness, about marriage and children and memory, about the shallowness of sanity, about life itself'. The result is an exploration of an intensely personal yet universal experience: a portrait of a marriage, and a life, in good times and bad. ...more",Nonfiction,43.04,2,14,0,34c0d7c4ee5650af,https://books.toscrape.com/catalogue/the-year-of-magical-thinking_770/index.html,770,43.04,43.04,0.0,True,In stock (14 available),Two,Books,https://books.toscrape.com/media/cache/06/2a/062af372ae666a16fa7e67ced2d1187c.jpg,Nonfiction,True
Throwing Rocks at the Google Bus: How Growth Became the Enemy of Prosperity,"Capital in the Twenty-First Century meets The Second Machine Age in this stunning and optimistic tour de force on the promise and peril of the digital economy, from one of the most brilliant social critics of our time. Digital technology was supposed to usher in a new age of endless prosperity, but so far it has been used to put industrial capitalism on steroids, makin Capital in the Twenty-First Century meets The Second Machine Age in this stunning and optimistic tour de force on the promise and peril of the digital economy, from one of the most brilliant social critics of our time. Digital technology was supposed to usher in a new age of endless prosperity, but so far it has been used to put industrial capitalism on steroids, making it harder for people and businesses to keep up. Social networks surrender their original missions to more immediately profitable data mining, while brokerage houses abandon value investing for algorithms that drain markets and our 401ks alike--all tactics driven by the need to stoke growth by any means necessary. Instead of taking this opportunity to reprogram our economy for sustainability, we have doubled down on growth as its core command. We have reached the limits of this approach. We must escape the growth trap, once and for all. Media scholar and technology author Douglas Rushkoff--one of today's most original and influential thinkers--argues for a new economic program that utilizes the unique distributive power of the internet while breaking free of the winner-take-all system the growth trap leaves in its wake. Drawing on sources both contemporary and historical, Rushkoff pioneers a new understanding of the old economic paradigm, from central currency to debt to corporations and labor.Most importantly, he offers a series of practical steps for businesses, consumers, investors, and policymakers to remake the economic operating system from the inside out--and prosper along the way. Instead of boycotting Wal-Mart or overtaxing the wealthy, we simply implement strategies that foster the creation of value by stakeholders other than just ourselves. From our currency to our labor to the corporation, every aspect of the economy can be reprogrammed with minimal disruption to create a more equitably distributed prosperity for all.Inspiring and challenging, Throwing Rocks at the Google Bus provides a pragmatic, optimistic, and human-centered model for economic progress in the digital age. ...more",Nonfiction,31.12,3,16,0,7858914fad68493c,https://books.toscrape.com/catalogue/throwing-rocks-at-the-google-bus-how-growth-became-the-enemy-of-prosperity_948/index.html,948,31.12,31.12,0.0,True,In stock (16 available),Three,Books,https://books.toscrape.com/media/cache/f4/21/f4210912ca58ef35f8ad120fe3dfed38.jpg,Nonfiction,True
Travels with Charley: In Search of America,"An intimate journey across and in search of America, as told by one of its most beloved writers, in a deluxe centennial edition In September 1960, John Steinbeck embarked on a journey across America. He felt that he might have lost touch with the country, with its speech, the smell of its grass and trees, its color and quality of light, the pulse of its people. To reassure An intimate journey across and in search of America, as told by one of its most beloved writers, in a deluxe centennial edition In September 1960, John Steinbeck embarked on a journey across America. He felt that he might have lost touch with the country, with its speech, the smell of its grass and trees, its color and quality of light, the pulse of its people. To reassure himself, he set out on a voyage of rediscovery of the American identity, accompanied by a distinguished French poodle named Charley; and riding in a three-quarter-ton pickup truck named Rocinante. His course took him through almost forty states: northward from Long Island to Maine; through the Midwest to Chicago; onward by way of Minnesota, North Dakota, Montana (with which he fell in love), and Idaho to Seattle, south to San Francisco and his birthplace, Salinas; eastward through the Mojave, New Mexico, Arizona, to the vast hospitality of Texas, to New Orleans and a shocking drama of desegregation; finally, on the last leg, through Alabama, Virginia, Pennsylvania, and New Jersey to New York. Travels with Charley in Search of America is an intimate look at one of America's most beloved writers in the later years of his life—a self-portrait of a man who never wrote an explicit autobiography. Written during a time of upheaval and racial tension in the South—which Steinbeck witnessed firsthand—Travels with Charley is a stunning evocation of America on the eve of a tumultuous decade. ...more",Nonfiction,57.82,5,1,0,0268f149d014b389,https://books.toscrape.com/catalogue/travels-with-charley-in-search-of-america_90/index.html,90,57.82,57.82,0.0,True,In stock (1 available),Five,Books,https://books.toscrape.com/media/cache/3f/c2/3fc2d771fe5f12df5de998d99036a35a.jpg,Nonfiction,True
"Trespassing Across America: One Man's Epic, Never-Done-Before (and Sort of Illegal) Hike Across the Heartland","Told with sincerity, humor, and wit,Trespassing Across Americais both a fascinating account of one man’s remarkable journey along the Keystone XL pipeline and a meditation on climate change, the beauty of the natural world, and the extremes to which we can push ourselves—both physically and mentally. It started as a far-fetched idea—to hike the entire length of the propose Told with sincerity, humor, and wit, Trespassing Across America is both a fascinating account of one man’s remarkable journey along the Keystone XL pipeline and a meditation on climate change, the beauty of the natural world, and the extremes to which we can push ourselves—both physically and mentally. It started as a far-fetched idea—to hike the entire length of the proposed route of the Keystone XL pipeline. But in the months that followed, it grew into something more for Ken Ilgunas. It became an irresistible adventure—an opportunity not only to draw attention to global warming but also to explore his personal limits. So in September 2012, he strapped on his backpack, stuck out his thumb on the interstate just north of Denver, and hitchhiked 1,500 miles to the Alberta tar sands. Once there, he turned around and began his 1,700-mile trek to the XL’s endpoint on the Gulf Coast of Texas, a journey he would complete entirely on foot, walking almost exclusively across private property.Both a travel memoir and a reflection on climate change, Trespassing Across America is filled with colorful characters, harrowing physical trials, and strange encounters with the weather, terrain, and animals of America’s plains. A tribute to the Great Plains and the people who live there, Ilgunas’s memoir grapples with difficult questions about our place in the world: What is our personal responsibility as stewards of the land? As members of a rapidly warming planet? As mere individuals up against something as powerful as the fossil fuel industry? Ultimately, Trespassing Across America is a call to embrace the belief that a life lived not half wild is a life only half lived. ...more",Nonfiction,53.51,1,3,0,2173a2ce35f6ace1,https://books.toscrape.com/catalogue/trespassing-across-america-one-mans-epic-never-done-before-and-sort-of-illegal-hike-across-the-heartland_291/index.html,291,53.51,53.51,0.0,True,In stock (3 available),One,Books,https://books.toscrape.com/media/cache/fb/65/fb6511ce55f5cf2ebf22a90655ad7c42.jpg,Nonfiction,True
Under the Banner of Heaven: A Story of Violent Faith,"Jon Krakauer’s literary reputation rests on insightful chronicles of lives conducted at the outer limits. He now shifts his focus from extremes of physical adventure to extremes of religious belief within our own borders, taking readers inside isolated American communities where some 40,000 Mormon Fundamentalists still practice polygamy. Defying both civil authorities and Jon Krakauer’s literary reputation rests on insightful chronicles of lives conducted at the outer limits. He now shifts his focus from extremes of physical adventure to extremes of religious belief within our own borders, taking readers inside isolated American communities where some 40,000 Mormon Fundamentalists still practice polygamy. Defying both civil authorities and the Mormon establishment in Salt Lake City, the renegade leaders of these Taliban-like theocracies are zealots who answer only to God.At the core of Krakauer’s book are brothers Ron and Dan Lafferty, who insist they received a commandment from God to kill a blameless woman and her baby girl. Beginning with a meticulously researched account of this appalling double murder, Krakauer constructs a multi-layered, bone-chilling narrative of messianic delusion, polygamy, savage violence, and unyielding faith. Along the way he uncovers a shadowy offshoot of America’s fastest growing religion, and raises provocative questions about the nature of religious belief. ...more",Nonfiction,30.0,1,3,0,599a4f98bb193368,https://books.toscrape.com/catalogue/under-the-banner-of-heaven-a-story-of-violent-faith_295/index.html,295,30.0,30.0,0.0,True,In stock (3 available),One,Books,https://books.toscrape.com/media/cache/0a/44/0a44a38a50b7d61facccae446cf30630.jpg,Nonfiction,True
"Unseen City: The Majesty of Pigeons, the Discreet Charm of Snails & Other Wonders of the Urban Wilderness","It all started with Nathanael Johnson’s decision to teach his daughter the name of every tree they passed on their walk to day care in San Francisco. This project turned into a quest to discover the secrets of the neighborhood’s flora and fauna, and yielded more than names and trivia: Johnson developed a relationship with his nonhuman neighbors.Johnson argues that learning It all started with Nathanael Johnson’s decision to teach his daughter the name of every tree they passed on their walk to day care in San Francisco. This project turned into a quest to discover the secrets of the neighborhood’s flora and fauna, and yielded more than names and trivia: Johnson developed a relationship with his nonhuman neighbors.Johnson argues that learning to see the world afresh, like a child, shifts the way we think about nature: Instead of something distant and abstract, nature becomes real—all at once comical, annoying, and beautiful. This shift can add tremendous value to our lives, and it might just be the first step in saving the world.No matter where we live—city, country, oceanside, ormountains—there are wonders that we walk past every day. Unseen City widens the pinhole of our perspective by allowing us to view the world from the high-altitude eyes of a turkey vulture and the distinctly low-altitude eyes of a snail. The narrative allows us to eavesdrop on the comically frenetic life of a squirrel and peer deep into the past with a ginkgo biloba tree. Each of these organisms has something unique to tell us about our neighborhoods and, chapter by chapter, Unseen City takes us on a journey that is part nature lesson and part love letter to the world’s urban jungles. With the right perspective, a walk to the subway can be every bit as entrancing as a walk through a national park. ...more",Nonfiction,44.18,4,16,0,d170b5a0da46380e,https://books.toscrape.com/catalogue/unseen-city-the-majesty-of-pigeons-the-discreet-charm-of-snails-other-wonders-of-the-urban-wilderness_952/index.html,952,44.18,44.18,0.0,True,In stock (16 available),Four,Books,https://books.toscrape.com/media/cache/88/a4/88a4b5f7236b8a36ba972be5ebe4f252.jpg,Nonfiction,True
"Unstuffed: Decluttering Your Home, Mind, and Soul","STUFF. It's everywhere. Lurking in corners and closets, spilling onto counters and coffee tables, creating havoc everywhere we look. And it's not just the physical clutter that weighs us down. Oh no, it is the stress of overbooked schedules, and the weight of life that sometimes feels oppressive and totally out of whack.New York Times bestselling author Ruth Soukup feels y STUFF. It's everywhere. Lurking in corners and closets, spilling onto counters and coffee tables, creating havoc everywhere we look. And it's not just the physical clutter that weighs us down. Oh no, it is the stress of overbooked schedules, and the weight of life that sometimes feels oppressive and totally out of whack.New York Times bestselling author Ruth Soukup feels your pain--she has been there too. Through personal stories, Biblical truth, and practical action plans, she will inspire and empower each of us to finally declutter not just our home, but our mind and soul as well. Unstuffed is real, honest, and gets right down to the question we are all facing--how can we take back our lives from the stuff that is weighing us down? In this book, together we will:• Create a comprehensive vision for our homes, and make instant changes to improve its overall function.• Discover that more closet space is not the solution, and instead learn how to set strict limits for the stuff we bring in• Overcome the frustration of dealing with our kids' influx of stuff and implement practical solutions for keeping the chaos at bay.• Recognize the pitfalls of an overstuffed schedule BEFORE it gets out of hand, and instead learn to combat the culture of busy that keeps us running from one thing to the next.• Finally conquer that mountain of paperwork that threatens to tumble down around us at any moment.• Let go of the guilt that gets attached to gifts and instead learn to separate our loved ones from their stuff.• Begin to cultivate our real friendships while eliminating the toxic relationships that weigh us down. ...more",Nonfiction,58.09,1,3,0,b830685072fa871f,https://books.toscrape.com/catalogue/unstuffed-decluttering-your-home-mind-and-soul_296/index.html,296,58.09,58.09,0.0,True,In stock (3 available),One,Books,https://books.toscrape.com/media/cache/68/2d/682d1c7c8aa1010bd138203ae9d2d10b.jpg,Nonfiction,True
Very Good Lives: The Fringe Benefits of Failure and the Importance of Imagination,"In 2008, J.K. Rowling delivered a deeply affecting commencement speech at Harvard University. Now published for the first time in book form, Very Good Lives offers J.K. Rowling’s words of wisdom for anyone at a turning point in life, asking the profound and provocative questions: How can we embrace failure? And how can we use our imagination to better both ourselves and ot In 2008, J.K. Rowling delivered a deeply affecting commencement speech at Harvard University. Now published for the first time in book form, Very Good Lives offers J.K. Rowling’s words of wisdom for anyone at a turning point in life, asking the profound and provocative questions: How can we embrace failure? And how can we use our imagination to better both ourselves and others?Drawing from stories of her own post-graduate years, the world-famous author addresses some of life’s most important issues with acuity and emotional force. ...more",Nonfiction,50.66,3,3,0,52aa3d79b1cee455,https://books.toscrape.com/catalogue/very-good-lives-the-fringe-benefits-of-failure-and-the-importance-of-imagination_298/index.html,298,50.66,50.66,0.0,True,In stock (3 available),Three,Books,https://books.toscrape.com/media/cache/fd/26/fd264a20852bbecf647475d968ac0409.jpg,Nonfiction,True
We the People: The Modern-Day Figures Who Have Reshaped and Affirmed the Founding Fathers' Vision of America,"What would the Founding Fathers think about America today? Over 200 years ago the Founders broke away from the tyranny of the British Empire to build a nation based on the principles of freedom, equal rights, and opportunity for all men. But life in the United States today is vastly different from anything the original Founders could have imagined in the late 1700s. The no What would the Founding Fathers think about America today? Over 200 years ago the Founders broke away from the tyranny of the British Empire to build a nation based on the principles of freedom, equal rights, and opportunity for all men. But life in the United States today is vastly different from anything the original Founders could have imagined in the late 1700s. The notion of an African-American president of the United States, or a woman such as Condoleezza Rice or Hillary Clinton as Secretary of State, would have been unimaginable to the men who wrote the Declaration of Independence and the Constitution, or who ratified the Constitution or the Bill of Rights. In a fascinating work of history told through a series of in depth profiles, prize-winning journalist, bestselling author, and Fox political analyst Juan Williams takes readers into the life and work of a new generation of American Founders, who honor the original Founders’ vision, even as they have quietly led revolutions in American politics, immigration, economics, sexual behavior, and reshaped the landscape of the nation. Among the modern-day pioneers Williams writes about in this compelling new book are the passionate conservative President Reagan; the determined fighters for equal rights, Thurgood Marshall and Martin Luther King, Jr.; the profound imprint of Rev. Billy Graham’s evangelism on national politics; the focus on global human rights advocated by First Lady Eleanor Roosevelt; the leaders of the gay community who refused to back down during the Stonewall Riots and brought gay life into America’s public square; the re-imagined role of women in contemporary life as shaped by Betty Friedan. Williams reveals how each of these modern-day founders has extended the Founding Fathers original vision and changed fundamental aspects of our country, from immigration, to the role of American labor in the economy, from modern police strategies, to the importance of religion in our political discourse. America in the 21st Century remains rooted in the Great American experiment in democracy that began in 1776. For all the changes our economy and our cultural and demographic make-up, there remains a straight line from the first Founders’ original vision, to the principles and ideals of today’s courageous modern day pioneers. ...more",Nonfiction,31.95,3,3,0,06bab964fd536971,https://books.toscrape.com/catalogue/we-the-people-the-modern-day-figures-who-have-reshaped-and-affirmed-the-founding-fathers-vision-of-america_302/index.html,302,31.95,31.95,0.0,True,In stock (3 available),Three,Books,https://books.toscrape.com/media/cache/b9/45/b945e870e5188ce6dabbf79ed98b10f1.jpg,Nonfiction,True
What's It Like in Space?: Stories from Astronauts Who've Been There,"Everyone wonders what it's really like in space, but very few of us have ever had the chance to experience it firsthand. This captivating illustrated collection brings together stories from dozens of international astronauts—men and women who've actually been there—who have returned with accounts of the sometimes weird, often funny, and awe-inspiring sensations and realiti Everyone wonders what it's really like in space, but very few of us have ever had the chance to experience it firsthand. This captivating illustrated collection brings together stories from dozens of international astronauts—men and women who've actually been there—who have returned with accounts of the sometimes weird, often funny, and awe-inspiring sensations and realities of being in space. With playful artwork accompanying each, here are the real stories behind backwards dreams, ""moon face,"" the tricks of sleeping in zero gravity and aiming your sneeze during a spacewalk, the importance of packing hot sauce, and dozens of other cosmic quirks and amazements that come with travel in and beyond low Earth orbit. ...more",Nonfiction,19.6,2,14,0,6fd646a334e6e133,https://books.toscrape.com/catalogue/whats-it-like-in-space-stories-from-astronauts-whove-been-there_779/index.html,779,19.6,19.6,0.0,True,In stock (14 available),Two,Books,https://books.toscrape.com/media/cache/96/6f/966f1fe13d231041bb516c281a675646.jpg,Nonfiction,True
When Breath Becomes Air,"THE NEW YORK TIMES NUMBER ONE BESTSELLER'Finishing this book and then forgetting about it is simply not an option...Unmissable' New York TimesAt the age of thirty-six, on the verge of completing a decade’s training as a neurosurgeon, Paul Kalanithi was diagnosed with inoperable lung cancer. One day he was a doctor treating the dying, the next he was a patient struggling to THE NEW YORK TIMES NUMBER ONE BESTSELLER'Finishing this book and then forgetting about it is simply not an option...Unmissable' New York TimesAt the age of thirty-six, on the verge of completing a decade’s training as a neurosurgeon, Paul Kalanithi was diagnosed with inoperable lung cancer. One day he was a doctor treating the dying, the next he was a patient struggling to live.When Breath Becomes Air chronicles Kalanithi’s transformation from a medical student asking what makes a virtuous and meaningful life into a neurosurgeon working in the core of human identity – the brain – and finally into a patient and a new father.What makes life worth living in the face of death? What do you do when when life is catastrophically interrupted? What does it mean to have a child as your own life fades away?Paul Kalanithi died while working on this profoundly moving book, yet his words live on as a guide to us all. When Breath Becomes Air is a life-affirming reflection on facing our mortality and on the relationship between doctor and patient, from a gifted writer who became both. ...more",Nonfiction,39.36,2,8,0,b69c852e7e3956af,https://books.toscrape.com/catalogue/when-breath-becomes-air_553/index.html,553,39.36,39.36,0.0,True,In stock (8 available),Two,Books,https://books.toscrape.com/media/cache/26/9d/269d1774be6dd9e649c4170fbc8d27eb.jpg,Nonfiction,True
Whole Lotta Creativity Going On: 60 Fun and Unusual Exercises to Awaken and Strengthen Your Creativity,"Be your own kind of creative. Everyone has a creative core. Everyone! But, in order for it to thrive, it needs to be nurtured. That's where ""Whole Lotta Creativity Going On"" can help. It's not a crafts or how-to book, but rather a fun book, filled with 10 different types of unusual and thought-provoking activities and exercises, which can be used to ignite and invigorate y Be your own kind of creative. Everyone has a creative core. Everyone! But, in order for it to thrive, it needs to be nurtured. That's where ""Whole Lotta Creativity Going On"" can help. It's not a crafts or how-to book, but rather a fun book, filled with 10 different types of unusual and thought-provoking activities and exercises, which can be used to ignite and invigorate your creative spark. Sometimes, those that don't feel they are creative, surprise themselves the most when they unlock the door, clear away the dust, and begin to discover and unleash the creative side of themselves. For others, perhaps, their creative spirit hasn't been given enough of an opportunity to really flourish and express itself in its own unique way.This book contains 60 different creativity stretchers to get you going which are grouped into the following categories: - Awareness, Sensory, and Experience - Creativity in Action- Ideation- Imagination- Pictures, Patterns, and Abstractions- Snap Portraits- Snap Solutions- Stop and Reflect- Thought Expression- Word Play ...more",Nonfiction,38.2,4,14,0,44a10f1ac8ce822e,https://books.toscrape.com/catalogue/whole-lotta-creativity-going-on-60-fun-and-unusual-exercises-to-awaken-and-strengthen-your-creativity_780/index.html,780,38.2,38.2,0.0,True,In stock (14 available),Four,Books,https://books.toscrape.com/media/cache/e3/d5/e3d59328474571d53aad7d07144e2ef0.jpg,Nonfiction,True
Why Not Me?,"In Why Not Me?, Kaling shares her ongoing journey to find contentment and excitement in her adult life, whether it’s falling in love at work, seeking new friendships in lonely places, attempting to be the first person in history to lose weight without any behavior modification whatsoever, or most important, believing that you have a place in Hollywood when you’re constantl In Why Not Me?, Kaling shares her ongoing journey to find contentment and excitement in her adult life, whether it’s falling in love at work, seeking new friendships in lonely places, attempting to be the first person in history to lose weight without any behavior modification whatsoever, or most important, believing that you have a place in Hollywood when you’re constantly reminded that no one looks like you.In “How to Look Spectacular: A Starlet’s Confessions,” Kaling gives her tongue-in-cheek secrets for surefire on-camera beauty, (“Your natural hair color may be appropriate for your skin tone, but this isn’t the land of appropriate–this is Hollywood, baby. Out here, a dark-skinned woman’s traditional hair color is honey blonde.”) “Player” tells the story of Kaling being seduced and dumped by a female friend in L.A. (“I had been replaced by a younger model. And now they had matching bangs.”) In “Unlikely Leading Lady,” she muses on America’s fixation with the weight of actresses, (“Most women we see onscreen are either so thin that they’re walking clavicles or so huge that their only scenes involve them breaking furniture.”) And in “Soup Snakes,” Kaling spills some secrets on her relationship with her ex-boyfriend and close friend, B.J. Novak (“I will freely admit: my relationship with B.J. Novak is weird as hell.”)Mindy turns the anxieties, the glamour, and the celebrations of her second coming-of-age into a laugh-out-loud funny collection of essays that anyone who’s ever been at a turning point in their life or career can relate to. And those who’ve never been at a turning point can skip to the parts where she talks about meeting Bradley Cooper. ...more",Nonfiction,17.76,1,8,0,04f6c929888f4f11,https://books.toscrape.com/catalogue/why-not-me_554/index.html,554,17.76,17.76,0.0,True,In stock (8 available),One,Books,https://books.toscrape.com/media/cache/66/95/6695cfb7ba5e0a6ef995300db6762fb6.jpg,Nonfiction,True
Why Save the Bankers?: And Other Essays on Our Economic and Political Crisis,"Incisive commentary on the financial meltdown and its aftermath, from the author of the bestselling global phenomenonCapital in the Twenty-First Century Thomas Piketty's work has proved that unfettered markets lead to increasing inequality. Without meaningful regulation, capitalist economies will concentrate wealth in an ever smaller number of hands. Armed with this knowle Incisive commentary on the financial meltdown and its aftermath, from the author of the bestselling global phenomenon Capital in the Twenty-First Century Thomas Piketty's work has proved that unfettered markets lead to increasing inequality. Without meaningful regulation, capitalist economies will concentrate wealth in an ever smaller number of hands. Armed with this knowledge, democratic societies face a defining challenge: fending off a new aristocracy. For years, Piketty has wrestled with this problem in his monthly newspaper column, which pierces the surface of current events to reveal the economic forces underneath. Why Save the Bankers? brings together selected columns, now translated and annotated, from the period book-ended by the September 2008 collapse of Lehman Brothers and the Paris attacks of November 2015. In between, writing from the vantage point of his native France, Piketty brilliantly decodes the European sovereign debt crisis, an urgent struggle against the tyranny of markets that bears lessons for the world at large. And along the way, he weighs in on oligarchy in the United States, wonders whether debts actually need to be paid back, and discovers surprising lessons about inequality by examining the career of Steve Jobs. Coursing with insight and flashes of wit, these brief essays offer a view of recent history through the eyes of one of the most influential economic thinkers of our time. ...more",Nonfiction,48.67,2,5,0,759ee7d059b1beb8,https://books.toscrape.com/catalogue/why-save-the-bankers-and-other-essays-on-our-economic-and-political-crisis_418/index.html,418,48.67,48.67,0.0,True,In stock (5 available),Two,Books,https://books.toscrape.com/media/cache/be/98/be98641184d97b2fad1bc6c90c571b80.jpg,Nonfiction,True
Worlds Elsewhere: Journeys Around Shakespeare’s Globe,"Anti-apartheid activist, Bollywood screenwriter, Nazi pin-up, hero of the Wild West: this is Shakespeare as you have never seen him before.From the sixteenth-century Baltic to the American Revolution, from colonial India to the skyscrapers of modern-day Shanghai, Shakespeare’s plays appear at the most fascinating of times and in the most unexpected of places. No other writ Anti-apartheid activist, Bollywood screenwriter, Nazi pin-up, hero of the Wild West: this is Shakespeare as you have never seen him before.From the sixteenth-century Baltic to the American Revolution, from colonial India to the skyscrapers of modern-day Shanghai, Shakespeare’s plays appear at the most fascinating of times and in the most unexpected of places. No other writer’s work has been performed, translated, adapted and altered in such a remarkable variety of cultures and languages. But what is it about William Shakespeare – a man from Warwickshire who never once set foot outside England – that has made him at home in so many places around the globe?Travelling across four continents, six countries and 400 years, Andrew Dickson takes us on a personal journey rich in insight and surprise. We enter the air-conditioned vault deep beneath Capitol Hill where the world’s largest collection of First Folios is stored; discover the shadowy history of Joseph Goebbels’s obsession with Shakespeare; and uncover the true story behind the scuffed edition in which Nelson Mandela and fellow Robben Island prisoners inscribed their names. Both cultural history and literary travelogue, Worlds Elsewhere is an attempt to understand how Shakespeare has become the international phenomenon he is – and why.""There were very few pages on which I didn’t learn something new or revelatory. A must-read for anyone interested in Shakespeare’s impact on people and politics around the globe"" (James Shapiro, author of 1599: A Year in the Life of William Shakespeare)""Immensely well-informed and highly readable. A revelatory journey of cultural exploration"" (Professor Stanley Wells, General Editor of the Oxford and Penguin Shakespeares)""Brilliantly original. Absolutely engaging, witty and irresistible. What’s most remarkable: he’s said something new about Shakespeare"" (Michael Pye, author of The Edge of the World)""A truly original book about Shakespeare: one that explores the dramatist's global reach with tenacity, devotion and an exhilarating spirit of adventure"" (Michael Billington) ...more",Nonfiction,40.3,5,18,0,4c28def39d850cdf,https://books.toscrape.com/catalogue/worlds-elsewhere-journeys-around-shakespeares-globe_972/index.html,972,40.3,40.3,0.0,True,In stock (18 available),Five,Books,https://books.toscrape.com/media/cache/7b/d9/7bd93db091d736d0c6ff9d578e3ba3d7.jpg,Nonfiction,True
"Zero to One: Notes on Startups, or How to Build the Future","If you want to build a better future, you must believe in secrets.The great secret of our time is that there are still uncharted frontiers to explore and new inventions to create. In Zero to One , legendary entrepreneur and investor Peter Thiel shows how we can find singular ways to create those new things. Thiel begins with the contrarian premise that we live in an age o If you want to build a better future, you must believe in secrets.The great secret of our time is that there are still uncharted frontiers to explore and new inventions to create. In Zero to One , legendary entrepreneur and investor Peter Thiel shows how we can find singular ways to create those new things. Thiel begins with the contrarian premise that we live in an age of technological stagnation, even if we’re too distracted by shiny mobile devices to notice. Information technology has improved rapidly, but there is no reason why progress should be limited to computers or Silicon Valley. Progress can be achieved in any industry or area of business. It comes from the most important skill that every leader must master: learning to think for yourself.Doing what someone else already knows how to do takes the world from 1 to n, adding more of something familiar. But when you do something new, you go from 0 to 1. The next Bill Gates will not build an operating system. The next Larry Page or Sergey Brin won’t make a search engine. Tomorrow’s champions will not win by competing ruthlessly in today’s marketplace. They will escape competition altogether, because their businesses will be unique. Zero to One presents at once an optimistic view of the future of progress in America and a new way of thinking about innovation: it starts by learning to ask the questions that lead you to find value in unexpected places. ...more",Nonfiction,34.06,3,8,0,e77033ce559947f7,https://books.toscrape.com/catalogue/zero-to-one-notes-on-startups-or-how-to-build-the-future_555/index.html,555,34.06,34.06,0.0,True,In stock (8 available),Three,Books,https://books.toscrape.com/media/cache/f3/00/f30001f2851f82c266e2faa77bcdd924.jpg,Nonfiction,True
A Gentleman's Position (Society of Gentlemen #3),"Power, privilege, and the rigid rules of class leave two hearts yearning for connection in the sizzling new Society of Gentlemen novel from K. J. Charles. Among his eccentric though strictly principled group of friends, Lord Richard Vane is the confidant on whom everyone depends for advice, moral rectitude, and discreet assistance. Yet when Richard has a problem, he turns Power, privilege, and the rigid rules of class leave two hearts yearning for connection in the sizzling new Society of Gentlemen novel from K. J. Charles. Among his eccentric though strictly principled group of friends, Lord Richard Vane is the confidant on whom everyone depends for advice, moral rectitude, and discreet assistance. Yet when Richard has a problem, he turns to his valet, a fixer of unparalleled genius—and the object of Richard’s deepest desires. If there is one rule a gentleman must follow, it is never to dally with servants. But when David is close enough to touch, the rules of class collide with the basest sort of animal instinct: overpowering lust. For David Cyprian, burglary and blackmail are as much in a day’s work as bootblacking—anything for the man he’s devoted to. But the one thing he wants for himself is the one thing Richard refuses to give: his heart. With the tension between them growing to be unbearable, David’s seemingly incorruptible master has left him no choice. Putting his finely honed skills of seduction and manipulation to good use, he will convince Richard to forget all about his well-meaning objections and give in to sweet, sinful temptation. Includes a special message from the editor, as well as an excerpt from another Loveswept title. ...more",Romance,14.75,5,11,0,40c4bf520c17de54,https://books.toscrape.com/catalogue/a-gentlemans-position-society-of-gentlemen-3_584/index.html,584,14.75,14.75,0.0,True,In stock (11 available),Five,Books,https://books.toscrape.com/media/cache/82/aa/82aa7770711dfc5edc1f5f69a731d08b.jpg,Romance,True
A Girl's Guide to Moving On (New Beginnings #2),"NEW YORK TIMES BESTSELLER • In this powerful and uplifting novel, a mother and her daughter-in-law bravely leave their troubled marriages and face the challenge of starting over. Leaning on each other, Nichole and Leanne discover that their inner strength and capacity for love are greater than they ever imagined. When Nichole discovers that her husband, Jake, has been unfa NEW YORK TIMES BESTSELLER • In this powerful and uplifting novel, a mother and her daughter-in-law bravely leave their troubled marriages and face the challenge of starting over. Leaning on each other, Nichole and Leanne discover that their inner strength and capacity for love are greater than they ever imagined. When Nichole discovers that her husband, Jake, has been unfaithful, the illusion of her perfect life is indelibly shattered. While juggling her young son, a new job, and volunteer work, Nichole meets Rocco, who is the opposite of Jake in nearly every way. Though blunt-spoken and rough around the edges, Rocco proves to be a dedicated father and thoughtful friend. But just as their relationship begins to blossom, Jake wagers everything on winning Nichole back—including their son Owen’s happiness. Somehow, Nichole must find the courage to defy her fears and follow her heart, with far-reaching consequences for them all. Leanne has quietly ignored her husband’s cheating for decades, but is jolted into action by the echo of Nichole’s all-too-familiar crisis. While volunteering as a teacher of English as a second language, Leanne meets Nikolai, a charming, talented baker from Ukraine. Resolved to avoid the heartache and complications of romantic entanglements, Leanne nonetheless finds it difficult to resist Nikolai’s effusive overtures—until an unexpected tragedy tests the very fabric of her commitments. An inspiring novel of friendship, reinvention, and hope, A Girl’s Guide to Moving On affirms the ability of every woman to forge a new path, believe in love, and fearlessly find happiness.Praise for A Girl’s Guide to Moving On “Debbie Macomber’s finest novel. Betrayal and sorrow can happen in any stage of life and, in this wonderful story, her very nimble hands weave a spectacular kaleidoscope of courage, struggles, and finally joyous redemption and reinvention. Macomber totally understands the human heart. I absolutely loved it!”—Dorothea Benton Frank, New York Times bestselling author of All the Single Ladies “Whispers a message of love, hope, and, yes, reinvention to every woman who has ever wondered ‘Is that all there is?’ I predict every diehard Macomber fan—as well as legions of readers new to the Macomber magic—will be cheering for Leanne and Nichole, and clamoring for more, more, more.”—Mary Kay Andrews, New York Times bestselling author of Beach Town, Ladies’ Night, and Summer Rental “Macomber is a master at pulling heartstrings, and readers will delight in this heartwarming story of friendship, love, and second chances. Leanne, Nichole, Rocco, and Nikolai will renew your faith in love and hope. The perfect read curled up in front of the fire or on a beach, it’s as satisfying as a slice of freshly baked bread—wholesome, pleasantly filling, and delicious.”—Karen White, New York Times bestselling author of Flight Patterns “Beloved author Debbie Macomber reaches new heights in this wise and beautiful novel. It’s the kind of reading experience that comes along only rarely, bearing the hallmarks of a classic. The timeless wisdom in these pages will stay with you long after the book is closed.”—Susan Wiggs, #1 New York Times bestselling author of Starlight on Willow Lake “Debbie dazzles! A wonderful story of friendship, forgiveness and the power of love. I devoured every page!”—Susan Mallery, #1 New York Times bestselling author of The Friends We Keep ...more",Romance,31.3,1,5,0,cf3b86489890b9f2,https://books.toscrape.com/catalogue/a-girls-guide-to-moving-on-new-beginnings-2_359/index.html,359,31.3,31.3,0.0,True,In stock (5 available),One,Books,https://books.toscrape.com/media/cache/17/94/17940ad8d367ea5f28db57e7fc32dac9.jpg,Romance,True
A Walk to Remember,"Every April, when the wind blows from the sea and mingles with the scent of lilacs, Landon Carter remembers his last year at Beaufort High. It was 1958, and Landon had already dated a girl or two. He even swore that he had once been in love. Certainly the last person in town he thought he'd fall for was Jamie Sullivan, the daughter of the town's Baptist minister. A quiet g Every April, when the wind blows from the sea and mingles with the scent of lilacs, Landon Carter remembers his last year at Beaufort High. It was 1958, and Landon had already dated a girl or two. He even swore that he had once been in love. Certainly the last person in town he thought he'd fall for was Jamie Sullivan, the daughter of the town's Baptist minister. A quiet girl who always carried a Bible with her schoolbooks, Jamie seemed content living in a world apart from the other teens. She took care of her widowed father, rescued hurt animals, and helped out at the local orphanage. No boy had ever asked her out. Landon would never have dreamed of it. Then a twist of fate made Jamie his partner for the homecoming dance, and Landon Carter's life would never be the same. Being with Jamie would show him the depths of the human heart and lead him to a decision so stunning it would send him irrevocably on the road to manhood...Did You Know?-That Jamie was named after Nicholas's editor, Jamie Raab?That Landon is the name of his third son?That Nicholas Sparks recorded his own reading for the audio version of the novel? ...more",Romance,56.43,1,4,0,aead11697d14ea36,https://books.toscrape.com/catalogue/a-walk-to-remember_312/index.html,312,56.43,56.43,0.0,True,In stock (4 available),One,Books,https://books.toscrape.com/media/cache/fe/a9/fea9278c15f5ad41f5d478196cf4132d.jpg,Romance,True
Best of My Love (Fool's Gold #20),"An irresistible new love story from the #1 New York Times bestselling author of the Fool's Gold series, set in a town Library Journal calls ""so appealing, readers will want to start scoping out real estate."" To overcome her painful past, baker Shelby Gilmore goes on the hunt for a friend—a male friend—to convince her stubborn psyche that men can be trusted. But where An irresistible new love story from the #1 New York Times bestselling author of the Fool's Gold series, set in a town Library Journal calls ""so appealing, readers will want to start scoping out real estate."" To overcome her painful past, baker Shelby Gilmore goes on the hunt for a friend—a male friend—to convince her stubborn psyche that men can be trusted. But where in a town as small as Fool's Gold will the petite blonde find a guy willing to not date her? Dark, charming Aidan Mitchell puts the ""adventure"" in Mitchell Adventure Tours…and into the beds of his many willing female tourists. Until he realizes he's inadvertently become that guy—the one-night Casanova—and worse, everyone in town knows it. Maybe Shelby's boy/girl experiment will help him see women as more than just conquests so he can change his ways and win back his self-respect. As Aidan and Shelby explore the secret lives of men and women, the heat between them fires up the Fool's Gold rumor mill. If no one will believe they're just friends, maybe they should give the gossips something to really talk about! ...more",Romance,27.41,2,3,0,67dea6c75d6a1075,https://books.toscrape.com/catalogue/best-of-my-love-fools-gold-20_127/index.html,127,27.41,27.41,0.0,True,In stock (3 available),Two,Books,https://books.toscrape.com/media/cache/c1/0a/c10a83087db24c35f88555f2b8511e9e.jpg,Romance,True
Black Dust,"No matter how busy he keeps himself, successful Broadway musician Tobias Spence can’t outrun the memory of a tragic car crash from his past that claimed a friend’s life and permanently injured his former boyfriend, Emmett.Even after losing Tobias, Emmett Henderson made peace with that awful night, living in his Indiana hometown where he has become a revered choral director No matter how busy he keeps himself, successful Broadway musician Tobias Spence can’t outrun the memory of a tragic car crash from his past that claimed a friend’s life and permanently injured his former boyfriend, Emmett.Even after losing Tobias, Emmett Henderson made peace with that awful night, living in his Indiana hometown where he has become a revered choral director. When his students are asked to perform in New York City, he decides to chance reconnecting with his former love, if for no other reason than to get a proper goodbye.When Emmett and Tobias finally meet 15 years after parting ways, it is clear to both of them that their feelings for each other have not changed. As they explore their renewed relationship, the two men face old hurts and the new challenges of a long-distance romance. Will Tobias lose his second chance at love to the ghosts he can’t seem to put to rest? ...more",Romance,34.53,5,19,0,00bfed9e18bb36f3,https://books.toscrape.com/catalogue/black-dust_976/index.html,976,34.53,34.53,0.0,True,In stock (19 available),Five,Books,https://books.toscrape.com/media/cache/a4/0a/a40af95beab828af1a4757ad1ee17da3.jpg,Romance,True
Bounty (Colorado Mountain #7),"Justice Lonesome has enjoyed a life of bounty. Even so, she’s inherited the curse of the Lonesome. A poet’s soul. Which means she’s still searching for something. Searching for peace. Searching for the less…that’s more. And when the foundation of her life is pulled out from under her, grieving, she goes to the mountains to find her oasis. She hits Carnal, Colorado and deci Justice Lonesome has enjoyed a life of bounty. Even so, she’s inherited the curse of the Lonesome. A poet’s soul. Which means she’s still searching for something. Searching for peace. Searching for the less…that’s more. And when the foundation of her life is pulled out from under her, grieving, she goes to the mountains to find her oasis. She hits Carnal, Colorado and decides to stay. Deke Hightower lost everything at the age of two. He lost it again at fifteen. His life has not been about bounty. It’s been about learning to live with less, because there’s no way to get more. Deke’s also watched all his friends go down to the women who gave them what they needed. He wants that for himself. But he knows that search isn’t going to be easy because he’s a rider. His home is the road. That’s the only place he can breathe. And the woman who takes her place at his side has to do it sitting on the back of his bike. When Deke meets Justice, he knows she’s not that woman. She’s cute. She’s sweet. And she’s into him, but she’s got it all and Deke knows he won’t fit into that. So he holds her at arm’s length. Establishes boundaries. And Justice will take it because she wants Deke any way he’ll let her have him.But when Justice finds herself a pawn in a dangerous game, Deke makes a decision. When he does, he has no idea he’s just opened himself up to bounty. ...more",Romance,37.26,4,1,0,abc0b15f2c907ff0,https://books.toscrape.com/catalogue/bounty-colorado-mountain-7_9/index.html,9,37.26,37.26,0.0,True,In stock (1 available),Four,Books,https://books.toscrape.com/media/cache/7d/18/7d18f04705f25aa7659b2aa6153c1a4f.jpg,Romance,True
Changing the Game (Play by Play #2),"Most people play by the rules. Gavin and Liz aren't most people....Win at any cost. That's always been the mantra of sports agent Liz Darnell. When she carries things too far and risks losing her number-one client, baseball pro Gavin Riley, Liz realizes that she'll have to work extra innings to win him back. It might not be too much of a stretch. She's had a thing for this Most people play by the rules. Gavin and Liz aren't most people....Win at any cost. That's always been the mantra of sports agent Liz Darnell. When she carries things too far and risks losing her number-one client, baseball pro Gavin Riley, Liz realizes that she'll have to work extra innings to win him back. It might not be too much of a stretch. She's had a thing for this player's moves since she first laid eyes on him, and by the looks of it, he wants her just as bad.Gavin's more than ready—especially when Liz is offering herself as part of the bargain. And as much of her as Gavin wants. For added thrills, he decides to throw a little curve ball Liz's way to see just how far she's truly willing to go to keep him as a client. But when love unexpectedly enters the playing field, neither Liz nor Gavin are ready for the biggest game-changer of them all. ...more",Romance,13.38,3,4,0,aaebac5fda798b1b,https://books.toscrape.com/catalogue/changing-the-game-play-by-play-2_317/index.html,317,13.38,13.38,0.0,True,In stock (4 available),Three,Books,https://books.toscrape.com/media/cache/7a/6a/7a6a89af2f591d86df6f7c65649463db.jpg,Romance,True
Charity's Cross (Charles Towne Belles #4),"From the Winner of 2015's Inspirational Readers Choice Award for The Ransom comes a new romantic adventure ! Suspected of killing her husband, Charity Westcott flees on the first ship out of Portsmouth, England heading for the colonies. Loathing all men after her abusive marriage, she hopes to reunite with her family in Charles Towne, but the ship’s destination is Nassau. From the Winner of 2015's Inspirational Readers Choice Award for The Ransom comes a new romantic adventure ! Suspected of killing her husband, Charity Westcott flees on the first ship out of Portsmouth, England heading for the colonies. Loathing all men after her abusive marriage, she hopes to reunite with her family in Charles Towne, but the ship’s destination is Nassau. When she spots her husband’s brother, who is intent on seeing her hang, boarding her ship, she jumps overboard. Elias Dutton, missionary and son of the famous pirate, Rowan Dutton, must get to Barbados as soon as possible. His sister is in danger, and his parents have charged him with her safety. He cannot let them down—again. But after rescuing a madcap woman from the bay, he now finds himself tricked into masquerading as her husband so they both can procure passage to Barbados. Pirates, storms, shipwreck and betrayal threaten to delay the couple in their journey even as sparks fly between them. With her brother-in-law in fast pursuit, the last thing Charity wants is help from a man, especially a religious one, but she has no choice. After Elias’ heart was broken by a sordid woman who nearly ruined his life, he seeks a godly woman pure as the virgin sands of the Caribbean. He believes he has found such a woman in Charity. Until he discovers she is a murderer and is now faced with two choices: letting her go or turning her in to the authorities. Amazon Categories >Pirate Romance >Inspirational Romance >Time Travel Romance >Historical Romance >Romantic Suspense >Christian Romance >Clean Pirate Romance ...more",Romance,41.24,1,1,0,a96404cb928895f3,https://books.toscrape.com/catalogue/charitys-cross-charles-towne-belles-4_12/index.html,12,41.24,41.24,0.0,True,In stock (1 available),One,Books,https://books.toscrape.com/media/cache/b6/42/b642b7415804929612c29d87656edea1.jpg,Romance,True
Chase Me (Paris Nights #2),"A Michelin two-star chef at twenty-eight, Violette Lenoir could handle anything, including a cocky burglar who broke into her restaurant in the middle of the night.Or so she thought.Elite counterterrorist operative Chase “Smith” had been through things that made Hell Week look easy. But nothing had prepared him for a leather-clad blonde who held him at bay at knifepoint an A Michelin two-star chef at twenty-eight, Violette Lenoir could handle anything, including a cocky burglar who broke into her restaurant in the middle of the night.Or so she thought.Elite counterterrorist operative Chase “Smith” had been through things that made Hell Week look easy. But nothing had prepared him for a leather-clad blonde who held him at bay at knifepoint and dared him to take her on.Now if only saving the world didn’t require he ruin her life.Two people who thought they could handle anything now have to take on each other. It's a battle neither one expected. But with their futures on the line, they have nothing to lose...but their hearts.Warning: This book contains one arrogant Navy SEAL, nights of Paris passion, and a woman who wants to have it all. ...more",Romance,25.27,5,19,0,c2e46a2ee3b4a322,https://books.toscrape.com/catalogue/chase-me-paris-nights-2_977/index.html,977,25.27,25.27,0.0,True,In stock (19 available),Five,Books,https://books.toscrape.com/media/cache/6c/84/6c84fcf7a53b02b6e763de7272934842.jpg,Romance,True
Dark Lover (Black Dagger Brotherhood #1),"Also see: Alternate Cover Editions for this ISBN [ACE] ACE #1 In the shadows of the night in Caldwell, New York, there's a deadly turf war going on between vampires and their slayers. There exists a secret band of brothers like no other-six vampire warriors, defenders of their race. Yet none of them relishes killing more than Wrath, the leader of The Black Dagger Brotherh Also see: Alternate Cover Editions for this ISBN [ACE] ACE #1 In the shadows of the night in Caldwell, New York, there's a deadly turf war going on between vampires and their slayers. There exists a secret band of brothers like no other-six vampire warriors, defenders of their race. Yet none of them relishes killing more than Wrath, the leader of The Black Dagger Brotherhood.The only purebred vampire left on earth, Wrath has a score to settle with the slayers who murdered his parents centuries ago. But, when one of his most trusted fighters is killed-leaving his half-breed daughter unaware of his existence or her fate-Wrath must usher her into the world of the undead-a world of sensuality beyond her wildest dreams.Also see: Alternate Cover Editions for this ISBN [ACE] ACE #1 ...more",Romance,12.87,1,4,0,2b69d289279aabfd,https://books.toscrape.com/catalogue/dark-lover-black-dagger-brotherhood-1_319/index.html,319,12.87,12.87,0.0,True,In stock (4 available),One,Books,https://books.toscrape.com/media/cache/d8/bd/d8bdea8d4e7db9af8e0cb1b36db448d2.jpg,Romance,True
Deep Under (Walker Security #1),"Alternate cover edition for 9781682302262Myla is beautiful, a dove with clipped wings, captive by the wolf, a vicious drug lord. One look into her eyes and Kyle could see the pain, the fear…the desperation. Or so it seems. He’s been fooled before by a woman and it cost him everything and everyone he loved. He won’t be fooled again.Tall, dark, and deadly, these are the stor Alternate cover edition for 9781682302262Myla is beautiful, a dove with clipped wings, captive by the wolf, a vicious drug lord. One look into her eyes and Kyle could see the pain, the fear…the desperation. Or so it seems. He’s been fooled before by a woman and it cost him everything and everyone he loved. He won’t be fooled again.Tall, dark, and deadly, these are the stories of the men who run Walker security. Each man is unique in his methods and skills, but all share key similarities. They are passionate about those they love, relentless when fighting for a cause they believe in, and all believe that no case is too hard, no danger too dark. Dedication is what they deliver, results are their reward. ...more",Romance,47.09,5,1,0,0072b94dfa30608e,https://books.toscrape.com/catalogue/deep-under-walker-security-1_15/index.html,15,47.09,47.09,0.0,True,In stock (1 available),Five,Books,https://books.toscrape.com/media/cache/b6/bd/b6bd7cd6500f96e717c147deb8d89af2.jpg,Romance,True
Dirty (Dive Bar #1),"The last thing Vaughan Hewson expects to find when he returns to his childhood home is a broken hearted bride in his shower, let alone the drama and chaos that comes with her.Lydia Green doesn't know whether to burn down the church or sit and cry in a corner. Discovering the love of your life is having an affair on your wedding day is bad enough. Finding out it's with his The last thing Vaughan Hewson expects to find when he returns to his childhood home is a broken hearted bride in his shower, let alone the drama and chaos that comes with her.Lydia Green doesn't know whether to burn down the church or sit and cry in a corner. Discovering the love of your life is having an affair on your wedding day is bad enough. Finding out it's with his best man is another thing all together. She narrowly escapes tying the knot and meets Vaughan only hours later.Vaughan is the exact opposite of the picture perfect, respected businessman she thought she'd marry. This former musician-turned-bartender is rough around the edges and unsettled. But she already tried Mr. Right and discovered he's all wrong-maybe it's time to give Mr. Right Now a chance.After all, what's wrong with getting dirty? ...more",Romance,40.83,4,12,0,df7e628bad5782b4,https://books.toscrape.com/catalogue/dirty-dive-bar-1_615/index.html,615,40.83,40.83,0.0,True,In stock (12 available),Four,Books,https://books.toscrape.com/media/cache/77/54/77540d564fb77611a18b57f12a910b73.jpg,Romance,True
Doing It Over (Most Likely To #1),"Voted Most Likely to Succeed, Melanie Bartlett ended up anything but. The down-on-her-luck single mom wants a complete do-over—is that too much to ask? With her family long gone from River Bend, strong, independent Mel is as surprised as anyone to end up in the quaint small town she once called home. But with her friends, Jo and Zoe, by her side, and a comfortable room at Voted Most Likely to Succeed, Melanie Bartlett ended up anything but. The down-on-her-luck single mom wants a complete do-over—is that too much to ask? With her family long gone from River Bend, strong, independent Mel is as surprised as anyone to end up in the quaint small town she once called home. But with her friends, Jo and Zoe, by her side, and a comfortable room at Miss Gina’s quirky bed-and-breakfast, she just might have turned the corner on a new life.Wyatt Gibson never liked the big city. River Bend suits the ruggedly handsome builder just fine. Wyatt knows he’s home, even if that means being charmed by the appearance of Melanie and her spunky, adorable daughter. Is Wyatt’s calm devotion—even amid a coming storm—enough to convince Mel she may have found a home to call her own, a family that never leaves, and a true love to last a lifetime? ...more",Romance,35.61,3,15,0,3a11bb962ff45b78,https://books.toscrape.com/catalogue/doing-it-over-most-likely-to-1_802/index.html,802,35.61,35.61,0.0,True,In stock (15 available),Three,Books,https://books.toscrape.com/media/cache/4b/91/4b91460323973e9e140626d00474d74c.jpg,Romance,True
Fifty Shades Darker (Fifty Shades #2),"Daunted by the singular sexual tastes and dark secrets of the beautiful, tormented young entrepreneur Christian Grey, Anastasia Steele has broken off their relationship to start a new career with a Seattle publishing house.But desire for Christian still dominates her every waking thought, and when he proposes a new arrangement, Anastasia cannot resist. They rekindle their Daunted by the singular sexual tastes and dark secrets of the beautiful, tormented young entrepreneur Christian Grey, Anastasia Steele has broken off their relationship to start a new career with a Seattle publishing house.But desire for Christian still dominates her every waking thought, and when he proposes a new arrangement, Anastasia cannot resist. They rekindle their searing sensual affair, and Anastasia learns more about the harrowing past of her damaged, driven, and demanding Fifty Shades.While Christian wrestles with his inner demons, Anastasia must confront her anger and envy of the women who came before her and make the most important decision of her life.Erotic, sparkling and suspenseful, Fifty Shades Darker is the irresistibly addictive second part of the Fifty Shades trilogy.Learn more about E. L. James at thewriterscoffeeshop.com/ejames and on Twitter @E_L_JamesNeed the first Fifty Shades? Search Fifty Shades of Grey ...more",Romance,21.96,1,16,0,7add3f8e49ec0826,https://books.toscrape.com/catalogue/fifty-shades-darker-fifty-shades-2_892/index.html,892,21.96,21.96,0.0,True,In stock (16 available),One,Books,https://books.toscrape.com/media/cache/51/86/51862681bebec59be61f36f937c71fce.jpg,Romance,True
Fighting Fate (Fighting #6),"***BONUS CONTENT: The first two chapters of JB Salsbury's stand alone novel SPLIT included!Axelle’s broken.I live to hold her together.Killian McCreery only has two dreams . . .Fight for the UFL.And Axelle.He’s watched her give her time and her body to men who don’t deserve to breathe her air. He’s waited, worked hard to become the kind of man she deserves, hoping one day, ***BONUS CONTENT: The first two chapters of JB Salsbury's stand alone novel SPLIT included!Axelle’s broken.I live to hold her together.Killian McCreery only has two dreams . . .Fight for the UFL.And Axelle.He’s watched her give her time and her body to men who don’t deserve to breathe her air. He’s waited, worked hard to become the kind of man she deserves, hoping one day, when the time is right, he’d get the opportunity to make her happy. After a painful anniversary, he finally gets his chance.But life has a way of sucker-punching its victims—striking when they least expect it in the most devastating ways.Killian loves me.But I screwed up. Big time.Axelle Daniels appears to be the typical college student—parties, hangovers, and men. No one knows that inside she’s a mess, and no amount of booze or meaningless relationships have managed to fill the cracks in her heart. But Killian knows. He’s been there since the night it all began and has never left her side.When she wakes up one morning to find the consequences of her actions have caught up to her, even Killian’s white-knighthood can’t save her now.Fate is put to the test when, for the first time in their five-year friendship, they no longer have each other to lean on. When he becomes a UFL superstar, she hardly recognizes the man he used to be. And she no longer needs him to hold her together.With the foundation of their friendship gone, they’ll discover that even a love that is meant to be needs to be fought for and destiny is a choice. ...more",Romance,39.24,3,1,0,6390772a3094939d,https://books.toscrape.com/catalogue/fighting-fate-fighting-6_18/index.html,18,39.24,39.24,0.0,True,In stock (1 available),Three,Books,https://books.toscrape.com/media/cache/ba/a6/baa64eeda5e10952da4610f8efc1be76.jpg,Romance,True
First and First (Five Boroughs #3),"Caleb Stone was raised on the Upper East Side, where wealth and lineage reigns, and “alternative lifestyles” are hidden. It took him years to come out to his family, but he’s still stuck in the stranglehold of their expectations. Caleb knows he has to build his confidence and shake things up, but he doesn’t know how… until Oliver Buckley enters the picture.Oli is everythin Caleb Stone was raised on the Upper East Side, where wealth and lineage reigns, and “alternative lifestyles” are hidden. It took him years to come out to his family, but he’s still stuck in the stranglehold of their expectations. Caleb knows he has to build his confidence and shake things up, but he doesn’t know how… until Oliver Buckley enters the picture.Oli is everything Caleb isn’t—risk-taking, provocative, and fiercely independent. Disowned by his family, Oli has made his own way in the world and is beholden to no one. After a chance encounter on New Year’s Eve, Caleb is smitten.As Caleb sheds the insecurities that have held him back for years, he makes bold steps toward changing his career and escaping years of sexual repression. But for Caleb to take full control of his life, he has to be brave enough to confront his feelings and trust Oli with his heart. ...more",Romance,15.97,4,16,0,9e28048cea8d41f7,https://books.toscrape.com/catalogue/first-and-first-five-boroughs-3_893/index.html,893,15.97,15.97,0.0,True,In stock (16 available),Four,Books,https://books.toscrape.com/media/cache/01/a5/01a5285b17e7ec0e7e56294a8f8af28d.jpg,Romance,True
Her Backup Boyfriend (The Sorensen Family #1),"One little white lie leads to more than she planned…Straight-laced lawyer Kate Matthews always plays by the rules. But when her ex gets engaged and a big promotion is on the line at work, she blurts out that she has a new boyfriend. And now that she’s proved she “has a life” outside of work, everything is perfect. Except for one teeny little detail—there is no boyfriend. A One little white lie leads to more than she planned…Straight-laced lawyer Kate Matthews always plays by the rules. But when her ex gets engaged and a big promotion is on the line at work, she blurts out that she has a new boyfriend. And now that she’s proved she “has a life” outside of work, everything is perfect. Except for one teeny little detail—there is no boyfriend. And now Kate’s liable for her little white lie…Dominic Sorensen is hot, charming, and very definitely not Kate’s type. But not only does Dominic want to help Kate renovate her home, he’s also willing to play “boyfriend.” All he wants in return is a little pro bono work for his sister. Now instead of Mr. Right, Kate has a delectable Mr. Fix-It-Right—and some unbelievable sexual chemistry. And if falling for Dominic is a breach of contract, Kate is guilty as charged… ...more",Romance,33.97,1,16,0,2a97cffe61c3c4c7,https://books.toscrape.com/catalogue/her-backup-boyfriend-the-sorensen-family-1_896/index.html,896,33.97,33.97,0.0,True,In stock (16 available),One,Books,https://books.toscrape.com/media/cache/41/ee/41ee38c1d15f0139a3fb17b730dc4347.jpg,Romance,True
Hold Your Breath (Search and Rescue #1),"In the remote Rocky Mountains, lives depend on the Search & Rescue brotherhood. But in a place this far off the map, trust is hard to come by and secrets can be murder...As the captain of Field County's ice rescue dive team, Callum Cook is driven to perfection. But when he meets new diver Louise ""Lou"" Sparks, all that hard-won order is obliterated in an instant. Lou is In the remote Rocky Mountains, lives depend on the Search & Rescue brotherhood. But in a place this far off the map, trust is hard to come by and secrets can be murder...As the captain of Field County's ice rescue dive team, Callum Cook is driven to perfection. But when he meets new diver Louise ""Lou"" Sparks, all that hard-won order is obliterated in an instant. Lou is a hurricane. A walking disaster. And with her, he's never felt more alive...even if keeping her safe may just kill him.Lou's new to the Rockies, intent on escaping her controlling ex, and she's determined to make it on her own terms...no matter how tempting Callum may be. But when a routine training exercise unearths a body, Lou and Callum find themselves thrust into a deadly game of cat and mouse with a killer who will stop at nothing to silence Lou-and prove that not even her new Search and Rescue family can keep her safe forever. ...more",Romance,28.82,1,14,0,0b165bd4b9f42fd5,https://books.toscrape.com/catalogue/hold-your-breath-search-and-rescue-1_700/index.html,700,28.82,28.82,0.0,True,In stock (14 available),One,Books,https://books.toscrape.com/media/cache/3d/4d/3d4d8e92429144f6c807adc4b15b7f80.jpg,Romance,True
Imperfect Harmony,"Imperfect harmony can still be beautiful…John Fletcher, a former musician, is stuck in limbo after losing his long-term partner two years ago. He’s shut himself off from everything that reminds him of what he’s lost. When his neighbour persuades him to join the local community choir, John rediscovers his love of music and finds a reason to start living again.Rhys Callingto Imperfect harmony can still be beautiful…John Fletcher, a former musician, is stuck in limbo after losing his long-term partner two years ago. He’s shut himself off from everything that reminds him of what he’s lost. When his neighbour persuades him to join the local community choir, John rediscovers his love of music and finds a reason to start living again.Rhys Callington, the talented and charismatic choir leader, captures John’s attention from the first moment they meet. He appears to be the polar opposite of John: young, vibrant, and full of life. But Rhys has darkness in his own past that is holding him back from following his dreams.Despite the nineteen-year age gap, the two men grow close and a fragile relationship blossoms. Ghosts of the past and insecurities about the future threaten their newfound happiness. If they’re going to harmonise in life and love as they do in their music, they’ll need to start following the same score. ...more",Romance,34.74,4,1,0,f28f7299d38c0932,https://books.toscrape.com/catalogue/imperfect-harmony_26/index.html,26,34.74,34.74,0.0,True,In stock (1 available),Four,Books,https://books.toscrape.com/media/cache/f1/49/f1498baf6cb055e0a9188d5e57c5f686.jpg,Romance,True
Listen to Me (Fusion #1),"In New York Times and USA Today bestselling author Kristen Proby’s brand new series, five best friends open a hot new restaurant, but one of them gets much more than she bargained for when a sexy former rock star walks through the doors—and into her heart.Seduction is quickly becoming the hottest new restaurant in Portland, and Addison Wade is proud to claim 1/5 of the cre In New York Times and USA Today bestselling author Kristen Proby’s brand new series, five best friends open a hot new restaurant, but one of them gets much more than she bargained for when a sexy former rock star walks through the doors—and into her heart.Seduction is quickly becoming the hottest new restaurant in Portland, and Addison Wade is proud to claim 1/5 of the credit. She’s determined to make it a success and can’t think of a better way to bring in new customers than live music. But when former rock star Jake Keller swaggers through the doors to apply for the weekend gig, she knows she’s in trouble. Addie instantly recognizes him—his posters were plastered all over her bedroom walls in high school—he’s all bad boy...exactly her type and exactly what she doesn’t need.Jake Keller walked away from the limelight five years ago and yearns to return to what’s always driven him: the music. If he gets to work for a smart-mouthed, funny-as-hell bombshell, all the better. But talking Addie into giving him the job is far easier than persuading her that he wants more than a romp in her bed. Just when she begins to drop her walls, Jake’s past finally catches up with him.Will Addie be torn apart once again or will Jake be able to convince her to drown out her doubts and listen to her heart? ...more",Romance,58.99,3,1,0,6e712ea24e77bd96,https://books.toscrape.com/catalogue/listen-to-me-fusion-1_29/index.html,29,58.99,58.99,0.0,True,In stock (1 available),Three,Books,https://books.toscrape.com/media/cache/98/85/9885b87053dcd05803ef58e9817e935a.jpg,Romance,True
My Perfect Mistake (Over the Top #1),"What happens in Aspenis definitely not staying in Aspen. . .A girls’ trip to Aspen was exactly what Shay needed to forget about her toxic ex-boyfriend. She’s got her girls, pristine slopes for skiing, and hot guys everywhere. Of course, her epic self-rediscovery goes completely to hell when a wild (and deliciously hot) skier knocks Shay on her ass . . . and war is declared What happens in Aspenis definitely not staying in Aspen. . .A girls’ trip to Aspen was exactly what Shay needed to forget about her toxic ex-boyfriend. She’s got her girls, pristine slopes for skiing, and hot guys everywhere. Of course, her epic self-rediscovery goes completely to hell when a wild (and deliciously hot) skier knocks Shay on her ass . . . and war is declared. Kolton doesn’t know what it is about Shay that makes him lose it. Not just his cool—although she does have an unholy gift for that—but his restraint. When anger gives way to explosive chemistry, they’re both shaken with the intensity of it. But somewhere between lust and hate, Kolton and Shay realize they could have something real . . . if they don’t kill each other first. ...more",Romance,38.92,2,1,0,fd78f89878479f56,https://books.toscrape.com/catalogue/my-perfect-mistake-over-the-top-1_35/index.html,35,38.92,38.92,0.0,True,In stock (1 available),Two,Books,https://books.toscrape.com/media/cache/2e/fa/2efa13faabc899f61c2a181ab0de7ef8.jpg,Romance,True
Off the Hook (Fishing for Trouble #1),"Welcome to The Buoys, a West Coast haven where love comes in with the tide. Perfect for readers of Jill Shalvis and Susan Mallery, the Fishing for Trouble series features three unforgettable brothers—each of whom is a great catch.Major league pitcher Liam O'Donnell knows his best days are probably behind him, but that doesn't mean he's ready to retire and become a fishing Welcome to The Buoys, a West Coast haven where love comes in with the tide. Perfect for readers of Jill Shalvis and Susan Mallery, the Fishing for Trouble series features three unforgettable brothers—each of whom is a great catch.Major league pitcher Liam O'Donnell knows his best days are probably behind him, but that doesn't mean he's ready to retire and become a fishing guide. Still, after all the time he's spent chasing his dreams, he owes it to his brothers to pull his weight around the lodge. The Buoys is their father's legacy, and they can't let some developer take it from them. The one snag Liam isn't counting on is a blast from the past: his ex-wife.The moment Kate Hadley steps out of the seaplane, she knows this assignment is going to be trickier than she thought. She has to persuade the owners to sell—and one of them is Liam O'Donnell. Ten years ago, she made the biggest mistake of her life when she married Liam during a fling in Vegas. Now he's her only lifeline in the middle of nowhere. Kate's trying to keep things cool, but Liam just reminds her of the scorching few nights they spent together—and tempts her to make new memories that are just as steamy as the old. ...more",Romance,47.67,3,11,0,b783ce08802cd1d1,https://books.toscrape.com/catalogue/off-the-hook-fishing-for-trouble-1_601/index.html,601,47.67,47.67,0.0,True,In stock (11 available),Three,Books,https://books.toscrape.com/media/cache/bc/21/bc214639946c501cd70ff6b752439c76.jpg,Romance,True
Reservations for Two,"Widowers Maggie O’Brien and Carson Jennings are both on a journey to rediscover who they are. Maggie, an adventurous former pastor’s wife of thirty-nine years, hopes to find closure in the place she and her husband spent their honeymoon. Carson, a retired judge, is living his lifelong dream of traveling across the U.S. in his RV. When their paths cross in the tranquil sett Widowers Maggie O’Brien and Carson Jennings are both on a journey to rediscover who they are. Maggie, an adventurous former pastor’s wife of thirty-nine years, hopes to find closure in the place she and her husband spent their honeymoon. Carson, a retired judge, is living his lifelong dream of traveling across the U.S. in his RV. When their paths cross in the tranquil setting of Mason Springs, New Mexico, love is the last thing that either of them expects to find.When this mix matched pair comes together they find themselves in some hilarious and even precarious situations. As the romance begins to blossom they face many obstacles that threaten to tear them apart, and what Maggie discovers about herself in New Mexico will redefine her future and alienate one of her children. Will Carson and Maggie’s love for one another be strong enough to weather the storms or will their love for their children keep them apart? ...more",Romance,11.1,3,3,0,ecdf73ee66c33b17,https://books.toscrape.com/catalogue/reservations-for-two_211/index.html,211,11.1,11.1,0.0,True,In stock (3 available),Three,Books,https://books.toscrape.com/media/cache/7a/13/7a13d10c37d4b975145bfa493f69fbf0.jpg,Romance,True
"Rhythm, Chord & Malykhin","Twenty-six-year-old Gaby Barreto might be a lot of things (loyal, sarcastic, one of the guys and a pain in the butt depending on which family member you ask), but dumb isn’t one of them. When her twin brother invites her to go on tour as his band’s merch girl, she isn’t exactly screaming at the top of her lungs with joy. With no job opportunities pounding on her door, an e Twenty-six-year-old Gaby Barreto might be a lot of things (loyal, sarcastic, one of the guys and a pain in the butt depending on which family member you ask), but dumb isn’t one of them. When her twin brother invites her to go on tour as his band’s merch girl, she isn’t exactly screaming at the top of her lungs with joy. With no job opportunities pounding on her door, an ex-boyfriend she would still like to castrate, and no end in sight to moving out of her parents’ house in Dallas… it would be dumb to say no to the chance of a lifetime. Two bands, three continents, one tour. Spending the next ninety-plus days with three beloved idiots and eight complete strangers shouldn’t be a big deal, right? If only the singer of the headlining band didn’t have tattoos... a great personality… a fantastic body… and if he wasn’t so funny…. Let’s be real: Gaby never had a chance against Sacha Malykhin. ...more",Romance,28.34,2,1,0,9efb397067eb7e8a,https://books.toscrape.com/catalogue/rhythm-chord-malykhin_47/index.html,47,28.34,28.34,0.0,True,In stock (1 available),Two,Books,https://books.toscrape.com/media/cache/1e/c9/1ec952e4d14d37dc7b6d74fa07f1ea37.jpg,Romance,True
"Sit, Stay, Love","Take one abrasive professional athlete, a quirky out-of-work schoolteacher, and an overweight geriatric dog, and you're ready for a lesson in love...Tippy style.Pro baseball pitcher Cal Crawford is not a dog guy. When he inherits his deceased mother's elderly dog, Tippy, he's quick to call on a pet-sitting service.Gina isn't thrilled to be a dog sitter when her aspirations Take one abrasive professional athlete, a quirky out-of-work schoolteacher, and an overweight geriatric dog, and you're ready for a lesson in love...Tippy style.Pro baseball pitcher Cal Crawford is not a dog guy. When he inherits his deceased mother's elderly dog, Tippy, he's quick to call on a pet-sitting service.Gina isn't thrilled to be a dog sitter when her aspirations lie in the classroom. Furthermore, she can't abide the unfriendly Cal, a man with all the charm of a wet towel. But with no other prospects and a deep love for all things canine, she takes the job caring for Tippy.As Gina travels through Cal's world with Tippy in tow, she begins to see Cal in a different light. Gina longs to show Cal the God-given blessings in his life that have nothing to do with baseball or fame. When her longing blooms into attraction, Gina does her best to suppress it. But Cal is falling in love with her too...Discover the charming story of Tippy, the dog who brought a family together. ...more",Romance,20.9,3,7,0,bd087cf6a846db75,https://books.toscrape.com/catalogue/sit-stay-love_486/index.html,486,20.9,20.9,0.0,True,In stock (7 available),Three,Books,https://books.toscrape.com/media/cache/48/2c/482c14200688df579ab2ed0fcbddcb86.jpg,Romance,True
Something More Than This,"Katy Lewis has it all: a sports reporting job she loves, a great roommate, and two brothers who, while nosy, always have her back. But when Conner Roberts, Katy’s unrequited first crush, suddenly shows up—and shows interest—after nine years, she reverts to a sweaty, panicked sixteen-year-old once more.And if trying to read Conner’s signals isn’t tough enough, Katy’s heart Katy Lewis has it all: a sports reporting job she loves, a great roommate, and two brothers who, while nosy, always have her back. But when Conner Roberts, Katy’s unrequited first crush, suddenly shows up—and shows interest—after nine years, she reverts to a sweaty, panicked sixteen-year-old once more.And if trying to read Conner’s signals isn’t tough enough, Katy’s heart is sending some mixed messages of its own. When a beautiful blonde coworker starts pursuing Katy’s boss, Dylan Sterling—her longtime mentor and friend—she realizes she may have a problem with that. A reunion with Conner is what she’s dreamed of for so long…so why can’t she stop thinking about Dylan?For the first time ever, Katy must fact-check her heart. Should she go after the guy she thought she always wanted or see if there’s something more with the one who’s been there all along? ...more",Romance,16.24,4,15,0,ca71e72655bece85,https://books.toscrape.com/catalogue/something-more-than-this_834/index.html,834,16.24,16.24,0.0,True,In stock (15 available),Four,Books,https://books.toscrape.com/media/cache/b8/f9/b8f9e0169c3811f9ed145c3824208de6.jpg,Romance,True
Suddenly in Love (Lake Haven #1),"Mia Lassiter is thrilled to finally put her artistic skills to use working for her aunt’s interior design shop in her hometown of East Beach. While renovating an old mansion overlooking stunning Lake Haven, she encounters a scruffy but attractive man named Brennan—the owner’s son. She doesn’t realize this sexy recluse is actually Everett Alden, the world-famous rock star i Mia Lassiter is thrilled to finally put her artistic skills to use working for her aunt’s interior design shop in her hometown of East Beach. While renovating an old mansion overlooking stunning Lake Haven, she encounters a scruffy but attractive man named Brennan—the owner’s son. She doesn’t realize this sexy recluse is actually Everett Alden, the world-famous rock star in hiding who’s nursing his own artistic and personal crises.As their personalities clash, tension simmers between the struggling artist and jaded musician, and their time spent alone together in the gorgeous old house only serves to turn up the heat. Soon, Mia and Brennan’s creative passions boil over to inspire passions of another kind…But reality comes crashing in when Mia’s celeb-obsessed cousin discovers Brennan’s true identity—and reveals it to the world. As paparazzi swarm the mansion, Brennan is thrust back into his rock star lifestyle. Will Mia lose her soul mate just when she’s finally found him? Can their love survive the glaring spotlight? ...more",Romance,55.99,2,15,0,203b7f94b7d6115f,https://books.toscrape.com/catalogue/suddenly-in-love-lake-haven-1_835/index.html,835,55.99,55.99,0.0,True,In stock (15 available),Two,Books,https://books.toscrape.com/media/cache/58/bb/58bb81b052b6ad90adcd57e95da99a50.jpg,Romance,True
Take Me Home Tonight (Rock Star Romance #3),"A rocker gets a taste of unexpected passion in the latest red-hot Rock Star Romance from the award-winning author of I Want You to Want Me. Calix Bourbon might seem like a free spirit, but that’s all a front. In reality he’s just trying to keep his fractured family together while working as a session musician. When Blue Fire hires him to replace their keyboardist, Calix i A rocker gets a taste of unexpected passion in the latest red-hot Rock Star Romance from the award-winning author of I Want You to Want Me. Calix Bourbon might seem like a free spirit, but that’s all a front. In reality he’s just trying to keep his fractured family together while working as a session musician. When Blue Fire hires him to replace their keyboardist, Calix is determined to make the most of the opportunity—but he can’t help being distracted by the band’s sexy personal chef. Mimi’s temporary gig is great, but she has her heart set on auditioning for a televised cooking show. There’s just one problem: she only has a week to acquire the skills necessary to survive the competition. Luckily, the band’s new keyboard player can teach her exactly what she needs, in the kitchen and in the bedroom... ...more",Romance,53.98,3,11,0,cf62fa272b5f0fa3,https://books.toscrape.com/catalogue/take-me-home-tonight-rock-star-romance-3_605/index.html,605,53.98,53.98,0.0,True,In stock (11 available),Three,Books,https://books.toscrape.com/media/cache/33/72/337240d247fdf020755566e4477e17ca.jpg,Romance,True
The Obsession,"The riveting new novel from the #1 New York Times bestselling author of The Liar.Naomi Bowes lost her innocence the night she followed her father into the woods. In freeing the girl trapped in the root cellar, Naomi revealed the horrible extent of her father’s crimes and made him infamous.Now a successful photographer living under the name Naomi Carson, she has found a pla The riveting new novel from the #1 New York Times bestselling author of The Liar.Naomi Bowes lost her innocence the night she followed her father into the woods. In freeing the girl trapped in the root cellar, Naomi revealed the horrible extent of her father’s crimes and made him infamous.Now a successful photographer living under the name Naomi Carson, she has found a place that calls to her, thousands of miles away from everything she’s ever known. Naomi wants to embrace the solitude, but the residents of Sunrise Cove keep forcing her to open up—especially the determined Xander Keaton.Naomi can feel her defenses failing, and knows that the connection her new life offers is something she’s always secretly craved. But as she’s learned time and again, her past is never more than a nightmare away. ...more",Romance,45.43,1,3,0,ee441c8e027caa66,https://books.toscrape.com/catalogue/the-obsession_268/index.html,268,45.43,45.43,0.0,True,In stock (3 available),One,Books,https://books.toscrape.com/media/cache/a6/38/a63804d7adf6fb90b70b226702cb4f7b.jpg,Romance,True
The Perfect Play (Play by Play #1),"Football pro Mick Riley is an all-star, both on the field and in the bedroom. But a sexy, determinedly single mom just might be the one to throw him off his game...For years Mick has been taking full advantage of the life available to a pro athlete: fame, fortune, and a different girl in every city. But when he meets and beds confident, beautiful event planner Tara Lincoln Football pro Mick Riley is an all-star, both on the field and in the bedroom. But a sexy, determinedly single mom just might be the one to throw him off his game...For years Mick has been taking full advantage of the life available to a pro athlete: fame, fortune, and a different girl in every city. But when he meets and beds confident, beautiful event planner Tara Lincoln, he wants much more than the typical one-night stand. Too bad Tara's not interested in getting to know football's most notorious playboy any better.As the single mother of a teenage son, the last thing Tara needs is the jet-set lifestyle of Mick Riley; even though their steamy and passionate one-night stand was unforgettable. Tara's life is complicated enough without being thrust into the spotlight as Mick's latest girl du jour. Tara played the game of love once and lost big, and she doesn't intend to put herself out there again, especially with a heartbreaker like Mick.But when Mick sets his mind to win, nothing will stop him. And he has the perfect play in mind. ...more",Romance,59.99,3,4,0,9cc207168a03470d,https://books.toscrape.com/catalogue/the-perfect-play-play-by-play-1_352/index.html,352,59.99,59.99,0.0,True,In stock (4 available),Three,Books,https://books.toscrape.com/media/cache/b0/be/b0be8b72b97ba3185f7d55235d0be76f.jpg,Romance,True
The Purest Hook (Second Circle Tattoos #3),"Can a love built on secrets survive?Rugged, hot, and rock hard, Dred Zander is exactly the type of man that normally sends Pixie running. Not dreaming about running her hands down his washboard abs...and lower. The lead singer and guitarist for the band Preload embodies trouble behind his quick smile and guarded eyes, and Pixie left trouble behind her years ago along with Can a love built on secrets survive?Rugged, hot, and rock hard, Dred Zander is exactly the type of man that normally sends Pixie running. Not dreaming about running her hands down his washboard abs...and lower. The lead singer and guitarist for the band Preload embodies trouble behind his quick smile and guarded eyes, and Pixie left trouble behind her years ago along with the name Sarah Jane Travers and the pathetic trailer her mom called home. With her abusive past in her past, she has a new life, a new family at Second Circle, and a dream of opening her own business. She needs capital and time. What she doesn't need is a tempting long-haired rocker or the paparazzi that follow him around.But Dred has other ideas. Pixie's sweet hazel eyes, purple hair and kaleidoscopic tattoo of exotic flowers that swirl up her arm haunt his dreams, and he knows she wants him too. He just has to convince her. But as a juicy exposé threatens to expose their pasts, and a blackmailer terrorizes their present, Pixie and Dred have to decide what really matters and fight like hell to keep it. ...more",Romance,12.25,1,3,0,969f6c7e86554814,https://books.toscrape.com/catalogue/the-purest-hook-second-circle-tattoos-3_271/index.html,271,12.25,12.25,0.0,True,In stock (3 available),One,Books,https://books.toscrape.com/media/cache/c2/9d/c29dbb9c163edb0e885f897063d619f3.jpg,Romance,True
The Wedding Dress,"Four brides. One Dress.A tale of faith, redemption, and timeless love.Charlotte owns a chic Birmingham bridal boutique. Dressing brides for their big day is her gift . . . and her passion. But with her own wedding day approaching, why can't she find the perfect dress...or feel certain she should marry Tim?Then Charlotte discovers a vintage dress in a battered trunk at an e Four brides. One Dress.A tale of faith, redemption, and timeless love.Charlotte owns a chic Birmingham bridal boutique. Dressing brides for their big day is her gift . . . and her passion. But with her own wedding day approaching, why can't she find the perfect dress...or feel certain she should marry Tim?Then Charlotte discovers a vintage dress in a battered trunk at an estate sale. It looks brand-new-shimmering with pearls and satin, hand-stitched and timeless in its design. But where did it come from? Who wore it? Who welded the lock shut and tucked the dog tags in that little sachet? Who left it in the basement for a ten-year-old girl? And what about the mysterious man in the purple vest who insists the dress had been ""redeemed.""Charlotte's search for the gown's history-and its new bride-begins as a distraction from her sputtering love life. But it takes on a life of its own as she comes to know the women who have worn the dress. Emily from 1912. Mary Grace from 1939. Hillary from 1968. Each with her own story of promise, pain, and destiny. And each with something unique to share. For woven within the threads of the beautiful hundred-year-old gown is the truth about Charlotte's heritage, the power of courage and faith, and the timeless beauty of finding true love. ...more",Romance,24.12,1,15,0,623e1a180426039b,https://books.toscrape.com/catalogue/the-wedding-dress_864/index.html,864,24.12,24.12,0.0,True,In stock (15 available),One,Books,https://books.toscrape.com/media/cache/29/3b/293bd9cd6fe1f8c82d1688aefe6cc5f7.jpg,Romance,True
The Wedding Pact (The O'Malleys #2),"New York Times and USA Today bestselling author Katee Robert continues her smoking-hot series about the O'Malleys—wealthy, powerful, and full of scandalous family secrets. Carrigan O'Malley has always known her arranged marriage would be more about power and prestige than passion. But after one taste of the hard-bodied, whiskey-voiced James Halloran, she's ruined for anyo New York Times and USA Today bestselling author Katee Robert continues her smoking-hot series about the O'Malleys—wealthy, powerful, and full of scandalous family secrets. Carrigan O'Malley has always known her arranged marriage would be more about power and prestige than passion. But after one taste of the hard-bodied, whiskey-voiced James Halloran, she's ruined for anyone else. Too bad James and his family are enemy number 1. Hallorans vs. O'Malleys—that's how it's always been. James should be thinking more about how to expand his family's empire instead of how silky Carrigan's skin is against his and how he can next get her into his bed. Those are dangerous thoughts. But not nearly as dangerous as he'll be if he can't get what he wants: Carrigan by his side for the rest of their lives. ...more",Romance,32.61,3,14,0,c5cb9f885d8b3621,https://books.toscrape.com/catalogue/the-wedding-pact-the-omalleys-2_767/index.html,767,32.61,32.61,0.0,True,In stock (14 available),Three,Books,https://books.toscrape.com/media/cache/21/53/21539e305aa09ec40b36daa43db3f2fe.jpg,Romance,True
This One Moment (Pushing Limits #1),"Fame, fortune, and stadiums full of screaming fans are right around the corner for the rock band at the heart of Stina Lindenblatt’s steamy, intense Pushing Limits series. But it’s an epic love affair that steals the show in this opening act.When Nolan Kincaid skipped town to chase the music career of his dreams, he knew he wouldn’t miss the reminders of his broken family— Fame, fortune, and stadiums full of screaming fans are right around the corner for the rock band at the heart of Stina Lindenblatt’s steamy, intense Pushing Limits series. But it’s an epic love affair that steals the show in this opening act.When Nolan Kincaid skipped town to chase the music career of his dreams, he knew he wouldn’t miss the reminders of his broken family—he wasn’t so sure he could forget the girl he left behind. Now his band is touring nonstop, the recording sessions go all night, and the groupies are crazed. But when he hears that Hailey Wilkins is in trouble, he drops everything.Hailey thought she’d missed her chance with Nolan. Five years ago, the moment she realized she loved him was the moment he decided to leave. Now, when a brutal assault lands her in the ICU, Nolan flies straight to her bedside, acting like nothing’s changed. What’s a rock star like him doing, canceling shows and risking his record deal, just to nurse an old friend back to health? And why should Hailey believe he’ll stay this time?With her attacker still at large, Nolan’s ready to rise to the occasion. He knows he let Hailey down once before, but he’s ready to give her everything, heart and soul—and he’ll fight for the chance to prove it. ...more",Romance,48.71,1,1,0,d6d98d3508c30f57,https://books.toscrape.com/catalogue/this-one-moment-pushing-limits-1_88/index.html,88,48.71,48.71,0.0,True,In stock (1 available),One,Books,https://books.toscrape.com/media/cache/bb/8b/bb8b7e644c005aba53d55240b54952ae.jpg,Romance,True
Where Lightning Strikes (Bleeding Stars #3),"Do you know what it feels like right before lightning strikes? How you can feel the current running through your veins? The trembles of warning that ripple through the air? It was a thrill Tamar King chased all her life until it became the very thing she had to escape. For the last four years, Tamar King has hidden herself in an isolated world she created. She was safe. No Do you know what it feels like right before lightning strikes? How you can feel the current running through your veins? The trembles of warning that ripple through the air? It was a thrill Tamar King chased all her life until it became the very thing she had to escape. For the last four years, Tamar King has hidden herself in an isolated world she created. She was safe. No one could touch her. Until Lyrik West walked through her door. He’s the lead guitarist for Sunder and everything she can never have. The dark and beautiful rock star becomes everything she craves. Lyrik’s life has been devoted to his band and that success has cost him. Bitter, hard, and filled with regret, he refuses to lose himself again, but from the moment he sees her, he wants one night with Tamar King. The gorgeous bartender is more than he bargained for. Their attraction is consuming. Their desire overpowering. With one touch, they ignite. But is it worth the cost of getting burned?She’s a gorgeous nightmare and he’s a wicked dream…WHERE LIGHTNING STRIKES, a Bleeding Stars Stand-Alone Novel ...more",Romance,39.77,3,1,0,def389ddfda6991b,https://books.toscrape.com/catalogue/where-lightning-strikes-bleeding-stars-3_96/index.html,96,39.77,39.77,0.0,True,In stock (1 available),Three,Books,https://books.toscrape.com/media/cache/a3/50/a35037c93fbc48a1a62dc74c71f62779.jpg,Romance,True
A Fierce and Subtle Poison,"Everyone knows the legends about the cursed girl--Isabel, the one the señoras whisper about. They say she has green skin and grass for hair, and she feeds on the poisonous plants that fill her family’s Caribbean island garden. Some say she can grant wishes; some say her touch can kill.Seventeen-year-old Lucas lives on the mainland most of the year but spends summers with h Everyone knows the legends about the cursed girl--Isabel, the one the señoras whisper about. They say she has green skin and grass for hair, and she feeds on the poisonous plants that fill her family’s Caribbean island garden. Some say she can grant wishes; some say her touch can kill.Seventeen-year-old Lucas lives on the mainland most of the year but spends summers with his hotel-developer father in Puerto Rico. He’s grown up hearing stories about the cursed girl, and he wants to believe in Isabel and her magic. When letters from Isabel begin mysteriously appearing in his room the same day his new girlfriend disappears, Lucas turns to Isabel for answers--and finds himself lured into her strange and enchanted world. But time is running out for the girl filled with poison, and the more entangled Lucas becomes with Isabel, the less certain he is of escaping with his own life. ...more",Young Adult,28.13,4,16,0,842790dfaa937484,https://books.toscrape.com/catalogue/a-fierce-and-subtle-poison_875/index.html,875,28.13,28.13,0.0,True,In stock (16 available),Four,Books,https://books.toscrape.com/media/cache/ac/b6/acb65d6d11263ba98b0191b544f6c728.jpg,Young Adult,True
An Abundance of Katherines,"Katherine V thought boys were gross Katherine X just wanted to be friends Katherine XVIII dumped him in an e-mail K-19 broke his heart When it comes to relationships, Colin Singleton's type happens to be girls named Katherine. And when it comes to girls named Katherine, Colin is always getting dumped. Nineteen times, to be exact. On a road trip miles from home, this anagr Katherine V thought boys were gross Katherine X just wanted to be friends Katherine XVIII dumped him in an e-mail K-19 broke his heart When it comes to relationships, Colin Singleton's type happens to be girls named Katherine. And when it comes to girls named Katherine, Colin is always getting dumped. Nineteen times, to be exact. On a road trip miles from home, this anagram-happy, washed-up child prodigy has ten thousand dollars in his pocket, a bloodthirsty feral hog on his trail, and an overweight, Judge Judy-loving best friend riding shotgun--but no Katherines. Colin is on a mission to prove The Theorem of Underlying Katherine Predictability, which he hopes will predict the future of any relationship, avenge Dumpees everywhere, and finally win him the girl. Love, friendship, and a dead Austro-Hungarian archduke add up to surprising and heart-changing conclusions in this ingeniously layered comic novel about reinventing oneself. ...more",Young Adult,10.0,5,5,0,f36d24c309e87e5b,https://books.toscrape.com/catalogue/an-abundance-of-katherines_362/index.html,362,10.0,10.0,0.0,True,In stock (5 available),Five,Books,https://books.toscrape.com/media/cache/9b/c8/9bc86bc10a6beea536422bbe82e076fb.jpg,Young Adult,True
Annie on My Mind,"This groundbreaking book is the story of two teenage girls whose friendship blossoms into love and who, despite pressures from family and school that threaten their relationship, promise to be true to each other and their feelings. This book is so truthful and honest, it has been banned from many school libraries and even publicly burned in Kansas City.Of the author and th This groundbreaking book is the story of two teenage girls whose friendship blossoms into love and who, despite pressures from family and school that threaten their relationship, promise to be true to each other and their feelings. This book is so truthful and honest, it has been banned from many school libraries and even publicly burned in Kansas City. Of the author and the book, the Margaret A. Edwards Award committee said, “Nancy Garden has the distinction of being the first author for young adults to create a lesbian love story with a positive ending. Using a fluid, readable style, Garden opens a window through which readers can find courage to be true to themselves.” ...more",Young Adult,36.83,5,3,0,7bf87402413c27ff,https://books.toscrape.com/catalogue/annie-on-my-mind_120/index.html,120,36.83,36.83,0.0,True,In stock (3 available),Five,Books,https://books.toscrape.com/media/cache/78/2c/782c8d1e4ab324d978c5dadca02e8cd8.jpg,Young Adult,True
Aristotle and Dante Discover the Secrets of the Universe (Aristotle and Dante Discover the Secrets of the Universe #1),"This Printz Honor Book is a “tender, honest exploration of identity” (Publishers Weekly) that distills lyrical truths about family and friendship.Aristotle is an angry teen with a brother in prison. Dante is a know-it-all who has an unusual way of looking at the world. When the two meet at the swimming pool, they seem to have nothing in common. But as the loners start spen This Printz Honor Book is a “tender, honest exploration of identity” (Publishers Weekly) that distills lyrical truths about family and friendship.Aristotle is an angry teen with a brother in prison. Dante is a know-it-all who has an unusual way of looking at the world. When the two meet at the swimming pool, they seem to have nothing in common. But as the loners start spending time together, they discover that they share a special friendship—the kind that changes lives and lasts a lifetime. And it is through this friendship that Ari and Dante will learn the most important truths about themselves and the kind of people they want to be. ...more",Young Adult,58.14,4,14,0,41164b8ac02a2c42,https://books.toscrape.com/catalogue/aristotle-and-dante-discover-the-secrets-of-the-universe-aristotle-and-dante-discover-the-secrets-of-the-universe-1_663/index.html,663,58.14,58.14,0.0,True,In stock (14 available),Four,Books,https://books.toscrape.com/media/cache/e5/3a/e53a42b20d0c60634289aaad3fbb75c6.jpg,Young Adult,True
Boy Meets Boy,"This is the story of Paul, a sophomore at a high school like no other: The cheerleaders ride Harleys, the homecoming queen used to be a guy named Daryl (she now prefers Infinite Darlene and is also the star quarterback), and the gay-straight alliance was formed to help the straight kids learn how to dance.When Paul meets Noah, he thinks he’s found the one his heart is made This is the story of Paul, a sophomore at a high school like no other: The cheerleaders ride Harleys, the homecoming queen used to be a guy named Daryl (she now prefers Infinite Darlene and is also the star quarterback), and the gay-straight alliance was formed to help the straight kids learn how to dance.When Paul meets Noah, he thinks he’s found the one his heart is made for. Until he blows it. The school bookie says the odds are 12-to-1 against him getting Noah back, but Paul’s not giving up without playing his love really loud. His best friend Joni might be drifting away, his other best friend Tony might be dealing with ultra-religious parents, and his ex-boyfriend Kyle might not be going away anytime soon, but sometimes everything needs to fall apart before it can really fit together right.This is a happy-meaningful romantic comedy about finding love, losing love, and doing what it takes to get love back in a crazy-wonderful world. ...more",Young Adult,21.12,3,3,0,8e0bc2fe4e7d35b5,https://books.toscrape.com/catalogue/boy-meets-boy_134/index.html,134,21.12,21.12,0.0,True,In stock (3 available),Three,Books,https://books.toscrape.com/media/cache/86/3c/863c3b48499a99392aace127df8b43e5.jpg,Young Adult,True
Burning,"After three years in juvie, Angela Davis is just a few months shy of release, and she'll finally be free from the hole that is Brunesfield Correctional Facility. Then Jessica arrives. Only ten years old and under the highest security possible, this girl has to be dangerous, even if no one knows what she did to land in juvie. As strange things begin happening to Angela and After three years in juvie, Angela Davis is just a few months shy of release, and she'll finally be free from the hole that is Brunesfield Correctional Facility. Then Jessica arrives. Only ten years old and under the highest security possible, this girl has to be dangerous, even if no one knows what she did to land in juvie. As strange things begin happening to Angela and her friends that can only be traced to the new girl's arrival, it becomes clear that Brunesfield is no longer safe. They must find a way to get out, but how can they save themselves when the world has forgotten them? ...more",Young Adult,28.81,3,16,0,5ceb951f629700a2,https://books.toscrape.com/catalogue/burning_884/index.html,884,28.81,28.81,0.0,True,In stock (16 available),Three,Books,https://books.toscrape.com/media/cache/9a/2c/9a2c2936fa9bd422be96805924e1411a.jpg,Young Adult,True
Catching Jordan (Hundred Oaks),"ONE OF THE BOYSWhat girl doesn't want to be surrounded by gorgeous jocks day in and day out? Jordan Woods isn't just surrounded by hot guys, though-she leads them as the captain and quarterback of her high school football team. They all see her as one of the guys and that's just fine. As long as she gets her athletic scholarship to a powerhouse university.But everything sh ONE OF THE BOYSWhat girl doesn't want to be surrounded by gorgeous jocks day in and day out? Jordan Woods isn't just surrounded by hot guys, though-she leads them as the captain and quarterback of her high school football team. They all see her as one of the guys and that's just fine. As long as she gets her athletic scholarship to a powerhouse university.But everything she's ever worked for is threatened when Ty Green moves to her school. Not only is he an amazing QB, but he's also amazingly hot. And for the first time, Jordan's feeling vulnerable. Can she keep her head in the game while her heart's on the line? ...more",Young Adult,50.83,3,14,0,e2e7b683b4c15b7d,https://books.toscrape.com/catalogue/catching-jordan-hundred-oaks_673/index.html,673,50.83,50.83,0.0,True,In stock (14 available),Three,Books,https://books.toscrape.com/media/cache/f4/8b/f48b76634af0040d4eea1ee896d3676b.jpg,Young Adult,True
Cinder (The Lunar Chronicles #1),"Humans and androids crowd the raucous streets of New Beijing. A deadly plague ravages the population. From space, a ruthless lunar people watch, waiting to make their move. No one knows that Earth’s fate hinges on one girl.Cinder, a gifted mechanic, is a cyborg. She’s a second-class citizen with a mysterious past, reviled by her stepmother and blamed for her stepsister’s i Humans and androids crowd the raucous streets of New Beijing. A deadly plague ravages the population. From space, a ruthless lunar people watch, waiting to make their move. No one knows that Earth’s fate hinges on one girl.Cinder, a gifted mechanic, is a cyborg. She’s a second-class citizen with a mysterious past, reviled by her stepmother and blamed for her stepsister’s illness. But when her life becomes intertwined with the handsome Prince Kai’s, she suddenly finds herself at the center of an intergalactic struggle, and a forbidden attraction. Caught between duty and freedom, loyalty and betrayal, she must uncover secrets about her past in order to protect her world’s future. ...more",Young Adult,26.09,1,3,0,7e9579921e5407cb,https://books.toscrape.com/catalogue/cinder-the-lunar-chronicles-1_139/index.html,139,26.09,26.09,0.0,True,In stock (3 available),One,Books,https://books.toscrape.com/media/cache/55/2d/552d4630bed694b33b042990e30722d3.jpg,Young Adult,True
Don't Forget Steven,"By the author of Ruby, Between the Cracks, a winner of the Top Ten Best Books for Teens 2015 award, this unflinching look at Steven's life will stick with you long after you put it down.He never told what went on behind closed doors. But this time, he can’t remember.Things never have been easy for Steven. He accepts that, and just makes the best of things. He might not hav By the author of Ruby, Between the Cracks, a winner of the Top Ten Best Books for Teens 2015 award, this unflinching look at Steven's life will stick with you long after you put it down.He never told what went on behind closed doors. But this time, he can’t remember.Things never have been easy for Steven. He accepts that, and just makes the best of things. He might not have parents or a happy home. Or enough to eat most days. But at least he has a couple of loyal friends who stand by him and help out when they can. At least he has school, someplace he can go to escape the abuse.But just when he thought things couldn't get much worse, they did.Steven is accused of murder. But that isn't the worst part. The really bad part is not even knowing if he did . ...more",Young Adult,33.23,1,9,0,e845d305f64154f1,https://books.toscrape.com/catalogue/dont-forget-steven_561/index.html,561,33.23,33.23,0.0,True,In stock (9 available),One,Books,https://books.toscrape.com/media/cache/0e/ea/0eea83f8c3d5d3bf8538f046e2a4c67d.jpg,Young Adult,True
Don't Get Caught,"10:00 tonight at the water tower. Tell no one. -Chaos ClubWhen Max receives a mysterious invite from the untraceable, epic prank-pulling Chaos Club, he has to ask: why him? After all, he's Mr. 2.5 GPA, Mr. No Social Life. He's Just Max. And his favorite heist movies have taught him this situation calls for Rule #4: Be suspicious. But it's also his one shot to leave Just Ma 10:00 tonight at the water tower. Tell no one. -Chaos ClubWhen Max receives a mysterious invite from the untraceable, epic prank-pulling Chaos Club, he has to ask: why him? After all, he's Mr. 2.5 GPA, Mr. No Social Life. He's Just Max. And his favorite heist movies have taught him this situation calls for Rule #4: Be suspicious. But it's also his one shot to leave Just Max in the dust...Yeah, not so much. Max and four fellow students-who also received invites-are standing on the newly defaced water tower when campus security ""catches"" them. Definitely a setup. And this time, Max has had enough. It's time for Rule #7: Always get payback.Let the prank war begin. ...more",Young Adult,55.35,1,14,0,ad2887ce04583910,https://books.toscrape.com/catalogue/dont-get-caught_687/index.html,687,55.35,55.35,0.0,True,In stock (14 available),One,Books,https://books.toscrape.com/media/cache/78/11/78112d48a74583a7acc24a2b46a9f59d.jpg,Young Adult,True
"Exit, Pursued by a Bear","“I love you,” Polly says suddenly when I’m almost to the door.“I know,” I say.Hermione Winters has been a flyer. She’s been captain of her cheerleading team. The envied girlfriend and the undisputed queen of her school. Now it’s her last year and those days and those labels are fading fast. In a few months she’ll be a different person. She thinks she’s ready for whatever c “I love you,” Polly says suddenly when I’m almost to the door.“I know,” I say.Hermione Winters has been a flyer. She’s been captain of her cheerleading team. The envied girlfriend and the undisputed queen of her school. Now it’s her last year and those days and those labels are fading fast. In a few months she’ll be a different person. She thinks she’s ready for whatever comes next.But then someone puts something in her drink at a party, and in an instant she finds herself wearing new labels, ones she never imagined:Victim. Survivor. That raped girl.Even though this was never the future she imagined, one essential thing remains unchanged: Hermione can still call herself Polly Olivier’s best friend, and that may be the truest label of all.Heartbreaking and empowering, Exit, Pursued by a Bear is the story of transcendent friendship in the face of trauma.“I love you,” I say, because I really, really do.“I know,” says Polly. ...more",Young Adult,51.34,4,11,0,c65c25d990fc7025,https://books.toscrape.com/catalogue/exit-pursued-by-a-bear_591/index.html,591,51.34,51.34,0.0,True,In stock (11 available),Four,Books,https://books.toscrape.com/media/cache/fc/8c/fc8c996d0976a29c5c37bc11923a02f1.jpg,Young Adult,True
Frostbite (Vampire Academy #2),"WHEN LOVE AND JEALOUSY COLLIDE ON THE SLOPES, WINTER BREAK TURNS DEADLY...Lissa Dragomir is a Moroi princess: a mortal vampire with a rare gift for harnessing the earth's magic. She must be protected at all times from Strigoi; the fiercest vampires - the ones who never die. The powerful blend of human and vampire blood that flows through Rose Hathaway, Lissa's best friend, WHEN LOVE AND JEALOUSY COLLIDE ON THE SLOPES, WINTER BREAK TURNS DEADLY...Lissa Dragomir is a Moroi princess: a mortal vampire with a rare gift for harnessing the earth's magic. She must be protected at all times from Strigoi; the fiercest vampires - the ones who never die. The powerful blend of human and vampire blood that flows through Rose Hathaway, Lissa's best friend, makes her a dhampir. Rose is dedicated to a dangerous life of protecting Lissa from the Strigoi, who are hell-bent on making Lissa one of them.Rose has serious guy trouble. Her gorgeous tutor, Dimitri, has his eye on someone else, her friend Mason has a huge crush on her, and she keeps getting stuck in her best friend Lissa's head while she's making out with her boyfriend, Christian.Then a nearby Strigoi attack puts St. Vladimir's on high alert, and the Academy whisks its students away on a mandatory holiday ski trip. But the glittering winter landscape and posh Idaho resort only provide the illusion of safety. When three students run away to strike back against the deadly Strigoi, Rose must join forces with Christian to rescue them. Only this time, Rose - and her heart - are in more danger than she ever could have imagined... ...more",Young Adult,29.99,5,15,0,116a2fdc9a45bab0,https://books.toscrape.com/catalogue/frostbite-vampire-academy-2_810/index.html,810,29.99,29.99,0.0,True,In stock (15 available),Five,Books,https://books.toscrape.com/media/cache/2a/2d/2a2d6ebcedeb7249a2a85fd1fbfd06e1.jpg,Young Adult,True
Future Shock (Future Shock #1),"What do you do when the future is too late, and the present is counting down to an inevitable moment?Elena Martinez has street smarts, the ability for perfect recall, and a deadline: if she doesn’t find a job before she turns eighteen, she’ll be homeless. But then she gets an unexpected offer from Aether Corporation, the powerful Los Angeles tech giant. Along with four oth What do you do when the future is too late, and the present is counting down to an inevitable moment?Elena Martinez has street smarts, the ability for perfect recall, and a deadline: if she doesn’t find a job before she turns eighteen, she’ll be homeless. But then she gets an unexpected offer from Aether Corporation, the powerful Los Angeles tech giant. Along with four other recruits—Adam, Chris, Trent, and Zoe—Elena is being sent on a secret mission to bring back data from the future. All they have to do is get Aether the information they need, and the five of them will be set for life. It’s an offer Elena can’t refuse.But something goes wrong when the time travelers arrive in the future. And they are forced to break the only rule they were given—not to look into their own fates. Now they have twenty-four hours to get back to the present and find a way to stop a seemingly inevitable future—and a murder—from happening. But changing the timeline has deadly consequences too. Who can Elena trust as she fights to save her life?The first book in an unforgettable series about rewriting your destiny in the city of dreams. ...more",Young Adult,55.65,5,8,0,df6a7c43faa6732b,https://books.toscrape.com/catalogue/future-shock-future-shock-1_519/index.html,519,55.65,55.65,0.0,True,In stock (8 available),Five,Books,https://books.toscrape.com/media/cache/7c/eb/7cebcafb82ec5f208d1613b35337d59d.jpg,Young Adult,True
Girl Online On Tour (Girl Online #2),"The sequel to the number-one bestseller Girl Online. Penny joins her rock-star boyfriend, Noah, on his European music tour.Penny's bags are packed.When Noah invites Penny on his European music tour, she can't wait to spend time with her rock-god-tastic boyfriend.But, between Noah's jam-packed schedule, less-than-welcoming bandmates and threatening messages from jealous fan The sequel to the number-one bestseller Girl Online. Penny joins her rock-star boyfriend, Noah, on his European music tour.Penny's bags are packed.When Noah invites Penny on his European music tour, she can't wait to spend time with her rock-god-tastic boyfriend.But, between Noah's jam-packed schedule, less-than-welcoming bandmates and threatening messages from jealous fans, Penny wonders whether she's really cut out for life on tour. She can't help but miss her family, her best friend Elliot . . . and her blog, Girl Online.Can Penny learn to balance life and love on the road, or will she lose everything in pursuit of the perfect summer? ...more",Young Adult,53.47,1,2,0,97b8f130d32e9f4e,https://books.toscrape.com/catalogue/girl-online-on-tour-girl-online-2_101/index.html,101,53.47,53.47,0.0,True,In stock (2 available),One,Books,https://books.toscrape.com/media/cache/5a/36/5a36c880b8762469cd3d67dc05427128.jpg,Young Adult,True
Golden (Heart of Dread #3),"The action-packed finale to the Heart of Dread seriesIn this epic conclusion to the trilogy, Nat and Wes go on a journey to find the Rift, save the source of magic and defeat the Drau, the pirates, and the RSA—but at a great sacrifice. Wes is dying, and as he's rotting the Drau will let the rot ""cleanse"" the source of magic, dooming Wes forever. Nat and Wes discover that t The action-packed finale to the Heart of Dread seriesIn this epic conclusion to the trilogy, Nat and Wes go on a journey to find the Rift, save the source of magic and defeat the Drau, the pirates, and the RSA—but at a great sacrifice. Wes is dying, and as he's rotting the Drau will let the rot ""cleanse"" the source of magic, dooming Wes forever. Nat and Wes discover that the source of the magic lies in the Drakon—the key to the Blue, the protector, the soul of the world. But in order to close the Rift, a great sacrifice is needed. In the words of the sylphs, death is life, and now the worlds can be reborn again. ...more",Young Adult,42.21,4,3,0,984b3b6e7479b571,https://books.toscrape.com/catalogue/golden-heart-of-dread-3_161/index.html,161,42.21,42.21,0.0,True,In stock (3 available),Four,Books,https://books.toscrape.com/media/cache/c2/8b/c28ba565e29fd6879ccf4738fbf06696.jpg,Young Adult,True
Harry Potter and the Prisoner of Azkaban (Harry Potter #3),"Harry Potter is lucky to reach the age of thirteen, since he has already survived the murderous attacks of the feared Dark Lord on more than one occasion. But his hopes for a quiet term concentrating on Quidditch are dashed when a maniacal mass-murderer escapes from Azkaban, pursued by the soul-sucking Dementors who guard the prison. It's assumed that Hogwarts is the safes Harry Potter is lucky to reach the age of thirteen, since he has already survived the murderous attacks of the feared Dark Lord on more than one occasion. But his hopes for a quiet term concentrating on Quidditch are dashed when a maniacal mass-murderer escapes from Azkaban, pursued by the soul-sucking Dementors who guard the prison. It's assumed that Hogwarts is the safest place for Harry to be. But is it a coincidence that he can feel eyes watching him in the dark, and should he be taking Professor Trelawney's ghoulish predictions seriously? ...more",Young Adult,24.17,4,4,0,eff24325e0ede639,https://books.toscrape.com/catalogue/harry-potter-and-the-prisoner-of-azkaban-harry-potter-3_328/index.html,328,24.17,24.17,0.0,True,In stock (4 available),Four,Books,https://books.toscrape.com/media/cache/27/93/2793d4ce3d27cdcdb7a0961bc218b25f.jpg,Young Adult,True
Isla and the Happily Ever After (Anna and the French Kiss #3),"Love ignites in the City That Never Sleeps, but can it last? Hopeless romantic Isla has had a crush on introspective cartoonist Josh since their first year at the School of America in Paris. And after a chance encounter in Manhattan over the summer, romance might be closer than Isla imagined. But as they begin their senior year back in France, Isla and Josh are forced to c Love ignites in the City That Never Sleeps, but can it last? Hopeless romantic Isla has had a crush on introspective cartoonist Josh since their first year at the School of America in Paris. And after a chance encounter in Manhattan over the summer, romance might be closer than Isla imagined. But as they begin their senior year back in France, Isla and Josh are forced to confront the challenges every young couple must face, including family drama, uncertainty about their college futures, and the very real possibility of being apart. Featuring cameos from fan-favorites Anna, Étienne, Lola, and Cricket, this sweet and sexy story of true love—set against the stunning backdrops of New York City, Paris, and Barcelona—is a swoonworthy conclusion to Stephanie Perkins’s beloved series. ...more",Young Adult,48.13,5,5,0,45045146dbf7b009,https://books.toscrape.com/catalogue/isla-and-the-happily-ever-after-anna-and-the-french-kiss-3_380/index.html,380,48.13,48.13,0.0,True,In stock (5 available),Five,Books,https://books.toscrape.com/media/cache/61/ff/61ffcc9619675c79b1f0b568d6ee870c.jpg,Young Adult,True
Kill the Boy Band,"Just know from the start that it wasn’t supposed to go like this. All we wanted was to get near them. That’s why we got a room in the hotel where they were staying.We were not planning to kidnap one of them. Especially not the most useless one. But we had him—his room key, his cell phone, and his secrets.We were not planning on what happened next.We swear.From thrilling ne Just know from the start that it wasn’t supposed to go like this. All we wanted was to get near them. That’s why we got a room in the hotel where they were staying.We were not planning to kidnap one of them. Especially not the most useless one. But we had him—his room key, his cell phone, and his secrets.We were not planning on what happened next.We swear.From thrilling new talent Goldy Moldavsky comes a pitch-black, hiarlious take on fandom and the badass girls who have the power to make—or break—the people we call “celebrities.” ...more",Young Adult,15.52,5,5,0,44f545727e704187,https://books.toscrape.com/catalogue/kill-the-boy-band_381/index.html,381,15.52,15.52,0.0,True,In stock (5 available),Five,Books,https://books.toscrape.com/media/cache/6e/66/6e66e7cefe3ca7cf9402f87f3e13c79e.jpg,Young Adult,True
Lady Renegades (Rebel Belle #3),"Just as Harper Price starts coming to terms with her role as David Stark’s battle-ready Paladin, protector, and girlfriend—her world goes crazy all over again.Overwhelmed by his Oracle powers, David flees Pine Grove and starts turning teenage girls into Paladins—and these young ladies seem to think that Harper is the enemy David needs protecting from. Ordinarily, Harper wo Just as Harper Price starts coming to terms with her role as David Stark’s battle-ready Paladin, protector, and girlfriend—her world goes crazy all over again.Overwhelmed by his Oracle powers, David flees Pine Grove and starts turning teenage girls into Paladins—and these young ladies seem to think that Harper is the enemy David needs protecting from. Ordinarily, Harper would be able to fight off any Paladin who comes her way, but her powers have been dwindling since David left town…which means her life is on the line yet again.New York Times bestselling author Rachel Hawkins brings the fun once again in the finale of this pitch-perfect romantic paranormal comedy series. ...more",Young Adult,53.04,5,3,0,16e843e6b853cc2f,https://books.toscrape.com/catalogue/lady-renegades-rebel-belle-3_181/index.html,181,53.04,53.04,0.0,True,In stock (3 available),Five,Books,https://books.toscrape.com/media/cache/86/36/8636b9056ea6930c153cd1d5b4aed36a.jpg,Young Adult,True
Legend (Legend #1),"There is an alternate cover edition for this ISBN13 here.What was once the western United States is now home to the Republic, a nation perpetually at war with its neighbors. Born into an elite family in one of the Republic's wealthiest districts, fifteen-year-old June is a prodigy being groomed for success in the Republic's highest military circles. Born into the slums, fi There is an alternate cover edition for this ISBN13 here.What was once the western United States is now home to the Republic, a nation perpetually at war with its neighbors. Born into an elite family in one of the Republic's wealthiest districts, fifteen-year-old June is a prodigy being groomed for success in the Republic's highest military circles. Born into the slums, fifteen-year-old Day is the country's most wanted criminal. But his motives may not be as malicious as they seem.From very different worlds, June and Day have no reason to cross paths—until the day June's brother, Metias, is murdered and Day becomes the prime suspect. Caught in the ultimate game of cat and mouse, Day is in a race for his family's survival, while June seeks to avenge Metias's death. But in a shocking turn of events, the two uncover the truth of what has really brought them together, and the sinister lengths their country will go to keep its secrets. ...more",Young Adult,43.69,4,3,0,0ce8075fab4a2b5b,https://books.toscrape.com/catalogue/legend-legend-1_184/index.html,184,43.69,43.69,0.0,True,In stock (3 available),Four,Books,https://books.toscrape.com/media/cache/57/8f/578f1512a0f0a9d3c2ab9543f7b4506f.jpg,Young Adult,True
Library of Souls (Miss Peregrine’s Peculiar Children #3),"A boy with extraordinary powers. An army of deadly monsters. An epic battle for the future of peculiardom.The adventure that began with Miss Peregrine’s Home for Peculiar Children and continued in Hollow City comes to a thrilling conclusion with Library of Souls. As the story opens, sixteen-year-old Jacob discovers a powerful new ability, and soon he’s diving through histo A boy with extraordinary powers. An army of deadly monsters. An epic battle for the future of peculiardom.The adventure that began with Miss Peregrine’s Home for Peculiar Children and continued in Hollow City comes to a thrilling conclusion with Library of Souls. As the story opens, sixteen-year-old Jacob discovers a powerful new ability, and soon he’s diving through history to rescue his peculiar companions from a heavily guarded fortress. Accompanying Jacob on his journey are Emma Bloom, a girl with fire at her fingertips, and Addison MacHenry, a dog with a nose for sniffing out lost children.They’ll travel from modern-day London to the labyrinthine alleys of Devil’s Acre, the most wretched slum in all of Victorian England. It’s a place where the fate of peculiar children everywhere will be decided once and for all. Like its predecessors, Library of Souls blends thrilling fantasy with never-before-published vintage photography to create a one-of-a-kind reading experience. ...more",Young Adult,48.56,5,15,0,ba54932df84e8cea,https://books.toscrape.com/catalogue/library-of-souls-miss-peregrines-peculiar-children-3_816/index.html,816,48.56,48.56,0.0,True,In stock (15 available),Five,Books,https://books.toscrape.com/media/cache/79/7a/797a5468a7d06aba28d1cc7342b1f2ba.jpg,Young Adult,True
Lola and the Boy Next Door (Anna and the French Kiss #2),"Lola Nolan is a budding costume designer, and for her, the more outrageous, sparkly, and fun the outfit, the better. And everything is pretty perfect in her life (right down to her hot rocker boyfriend) until the Bell twins, Calliope and Cricket, return to the neighborhood. When Cricket, a gifted inventor, steps out from his twin sister's shadow and back into Lola's life, Lola Nolan is a budding costume designer, and for her, the more outrageous, sparkly, and fun the outfit, the better. And everything is pretty perfect in her life (right down to her hot rocker boyfriend) until the Bell twins, Calliope and Cricket, return to the neighborhood. When Cricket, a gifted inventor, steps out from his twin sister's shadow and back into Lola's life, she must finally reconcile a lifetime of feelings for the boy next door. ...more",Young Adult,23.63,4,5,0,5e1a88d248599768,https://books.toscrape.com/catalogue/lola-and-the-boy-next-door-anna-and-the-french-kiss-2_385/index.html,385,23.63,23.63,0.0,True,In stock (5 available),Four,Books,https://books.toscrape.com/media/cache/1e/12/1e12b33f2f3988b23f895d2319ef7af8.jpg,Young Adult,True
My Kind of Crazy,"Despite the best of intentions, seventeen-year old, wisecracking Hank Kirby can’t quite seem to catch a break. It’s not that he means to screw things up all the time, it just happens. A lot. Case in point: his attempt to ask out the girl he likes literally goes up in flames when he spells “Prom” in sparklers on her lawn…and nearly burns down her house. As if that wasn’t ba Despite the best of intentions, seventeen-year old, wisecracking Hank Kirby can’t quite seem to catch a break. It’s not that he means to screw things up all the time, it just happens. A lot. Case in point: his attempt to ask out the girl he likes literally goes up in flames when he spells “Prom” in sparklers on her lawn…and nearly burns down her house. As if that wasn’t bad enough, Peyton Breedlove, a brooding loner and budding pyromaniac, witnesses the whole thing. Much to Hank’s dismay, Peyton takes an interest in him—and his “work.” The two are thrust into an unusual friendship, but their boundaries are tested when Hank learns that Peyton is hiding some dark secrets, secrets that may change everything he thought he knew about Peyton. ...more",Young Adult,40.36,1,14,0,137b0b2775701e11,https://books.toscrape.com/catalogue/my-kind-of-crazy_718/index.html,718,40.36,40.36,0.0,True,In stock (14 available),One,Books,https://books.toscrape.com/media/cache/2b/38/2b38dc9b90299a9755fb15bed3293342.jpg,Young Adult,True
My Life Next Door (My Life Next Door ),"""One thing my mother never knew, and would disapprove of most of all, was that I watched the Garretts. All the time.""The Garretts are everything the Reeds are not. Loud, messy, affectionate. And every day from her rooftop perch, Samantha Reed wishes she was one of them . . . until one summer evening, Jase Garrett climbs up next to her and changes everything.As the two fall ""One thing my mother never knew, and would disapprove of most of all, was that I watched the Garretts. All the time.""The Garretts are everything the Reeds are not. Loud, messy, affectionate. And every day from her rooftop perch, Samantha Reed wishes she was one of them . . . until one summer evening, Jase Garrett climbs up next to her and changes everything.As the two fall fiercely for each other, stumbling through the awkwardness and awesomeness of first love, Jase's family embraces Samantha - even as she keeps him a secret from her own. Then something unthinkable happens, and the bottom drops out of Samantha's world. She's suddenly faced with an impossible decision. Which perfect family will save her? Or is it time she saved herself?A transporting debut about family, friendship, first romance, and how to be true to one person you love without betraying another. ...more",Young Adult,36.39,5,8,0,9a7291b89bd5445c,https://books.toscrape.com/catalogue/my-life-next-door-my-life-next-door_535/index.html,535,36.39,36.39,0.0,True,In stock (8 available),Five,Books,https://books.toscrape.com/media/cache/1a/2c/1a2c80cc391bc1422013e31682c5f649.jpg,Young Adult,True
New Moon (Twilight #2),"Also see: Alternate Cover Editions for this ISBN [ACE] ACE #1 I knew we were both in mortal danger. Still, in that instant, I felt well. Whole. I could feel my heart racing in my chest, the blood pulsing hot and fast through my veins again. My lungs filled deep with the sweet scent that came off his skin. It was like there had never been any hole in my chest. I was perfe Also see: Alternate Cover Editions for this ISBN [ACE] ACE #1 I knew we were both in mortal danger. Still, in that instant, I felt well. Whole. I could feel my heart racing in my chest, the blood pulsing hot and fast through my veins again. My lungs filled deep with the sweet scent that came off his skin. It was like there had never been any hole in my chest. I was perfect - not healed, but as if there had never been a wound in the first place.LEGIONS OF READERS ARE HUNGRY FOR MORE. GIVE IN TO TEMPTATION... ...more",Young Adult,12.86,4,2,0,6fa3ea52c8e31e06,https://books.toscrape.com/catalogue/new-moon-twilight-2_105/index.html,105,12.86,12.86,0.0,True,In stock (2 available),Four,Books,https://books.toscrape.com/media/cache/dc/d6/dcd6ccbed1f8003d5bf53e2791c5abe7.jpg,Young Adult,True
"Nightingale, Sing","A teenage vigilante and a ruthless gangster compete to solve a trail of riddles and find a mythical flower. This powerful YA thriller is perfect for fans of The Raven Boys, Six of Crows, and The Conspiracy of Us.*******A STREETWISE VIGILANTEwho will do anything to cure her dying sisterA RUTHLESS GANGSTERon a grisly quest to attain immortalityA DESPERATE FATHERwho crossed o A teenage vigilante and a ruthless gangster compete to solve a trail of riddles and find a mythical flower. This powerful YA thriller is perfect for fans of The Raven Boys, Six of Crows, and The Conspiracy of Us.*******A STREETWISE VIGILANTEwho will do anything to cure her dying sisterA RUTHLESS GANGSTERon a grisly quest to attain immortalityA DESPERATE FATHERwho crossed oceans to free his enslaved sonA TRAIL OF RIDDLESand the mythical treasure they all seek:THE SERENGETI SAPPHIRE ...more",Young Adult,38.28,1,15,0,50b8f80311b31ede,https://books.toscrape.com/catalogue/nightingale-sing_823/index.html,823,38.28,38.28,0.0,True,In stock (15 available),One,Books,https://books.toscrape.com/media/cache/97/e6/97e65c8381cc80ba1107c3ce81c4878d.jpg,Young Adult,True
Nightstruck: A Novel,"It starts with a cry in the night.Becket, walking her dog one winter evening, fears it’s an abandoned baby left out in the cold. But it is something else—something evil—and it tricks Becket into opening a doorway to another realm, letting a darkness into our world, a corruption that begins transforming Philadelphia into a sinister and menacing version of itself…but only at It starts with a cry in the night.Becket, walking her dog one winter evening, fears it’s an abandoned baby left out in the cold. But it is something else—something evil—and it tricks Becket into opening a doorway to another realm, letting a darkness into our world, a corruption that begins transforming Philadelphia into a sinister and menacing version of itself…but only at night.The changes are subtle at first, causing Becket to doubt her senses and her sanity. But soon the nightmarish truth is impossible to deny: By day, the city is just a city, but at night it literally comes alive with malevolent purpose. Brick and steel become bone, streetlights turn into gallows, and hungry alleys wait to snare mortal victims. Terrified citizens huddle indoors after dusk, as others succumb to the siren song of the night, letting their darker sides run wild.Once, Becket’s biggest problems were living up to her police commissioner father’s high expectations and a secret crush on her best friend’s boyfriend. Now she must find a way to survive and protect her loved ones…before the darkness takes her as well. ...more",Young Adult,50.35,4,7,0,746029796363aa51,https://books.toscrape.com/catalogue/nightstruck-a-novel_480/index.html,480,50.35,50.35,0.0,True,In stock (7 available),Four,Books,https://books.toscrape.com/media/cache/cb/da/cbda49820de480220af3dff2d30c689a.jpg,Young Adult,True
No Love Allowed (Dodge Cove #1),"It's all fun and parties until someone falls in love in this modern fairy tale from author Kate Evangelista.Caleb desperately needs a fake girlfriend. Either he attends a series of parties for his father’s law firm with a pretty girl on his arm, or he gets shipped off to Yale to start a future he’s not ready for and isn’t sure he wants. And sadly, the last unattached girl It's all fun and parties until someone falls in love in this modern fairy tale from author Kate Evangelista.Caleb desperately needs a fake girlfriend. Either he attends a series of parties for his father’s law firm with a pretty girl on his arm, or he gets shipped off to Yale to start a future he’s not ready for and isn’t sure he wants. And sadly, the last unattached girl in his social circle has just made the grievous mistake of falling in love with him. Fortunately, Didi, recently fired waitress and aspiring painter, is open to new experiences. As the summer ticks by in a whirl of lavish parties, there’s only one rule: They must not fall in love! ...more",Young Adult,54.65,4,12,0,db84624b151cbe06,https://books.toscrape.com/catalogue/no-love-allowed-dodge-cove-1_625/index.html,625,54.65,54.65,0.0,True,In stock (12 available),Four,Books,https://books.toscrape.com/media/cache/41/e1/41e1fc6ac1122d77a6308544dba8c21e.jpg,Young Adult,True
Obsidian (Lux #1),"Starting over sucks.When we moved to West Virginia right before my senior year, I’d pretty much resigned myself to thick accents, dodgy internet access, and a whole lot of boring… until I spotted my hot neighbor, with his looming height and eerie green eyes. Things were looking up.And then he opened his mouth.Daemon is infuriating. Arrogant. Stab-worthy. We do not get alon Starting over sucks.When we moved to West Virginia right before my senior year, I’d pretty much resigned myself to thick accents, dodgy internet access, and a whole lot of boring… until I spotted my hot neighbor, with his looming height and eerie green eyes. Things were looking up.And then he opened his mouth.Daemon is infuriating. Arrogant. Stab-worthy. We do not get along. At all. But when a stranger attacks me and Daemon literally freezes time with a wave of his hand, well, something… unexpected happens. The hot alien living next door marks me.You heard me. Alien. Turns out Daemon and his sister have a galaxy of enemies wanting to steal their abilities, and Daemon’s touch has me lit up like the Vegas Strip. The only way I’m getting out of this alive is by sticking close to Daemon until my alien mojo fades. If I don’t kill him first, that is. ...more",Young Adult,14.86,2,16,0,3c346ab1e76ae1f6,https://books.toscrape.com/catalogue/obsidian-lux-1_911/index.html,911,14.86,14.86,0.0,True,In stock (16 available),Two,Books,https://books.toscrape.com/media/cache/88/3f/883fb0f2304efca8724c629f03a4b82a.jpg,Young Adult,True
Scarlet (The Lunar Chronicles #2),"Cinder, the cyborg mechanic, returns in the second thrilling installment of the bestselling Lunar Chronicles. She’s trying to break out of prison—even though if she succeeds, she’ll be the Commonwealth’s most wanted fugitive. Halfway around the world, Scarlet Benoit’s grandmother is missing. It turns out there are many things Scarlet doesn’t know about her grandmother or t Cinder, the cyborg mechanic, returns in the second thrilling installment of the bestselling Lunar Chronicles. She’s trying to break out of prison—even though if she succeeds, she’ll be the Commonwealth’s most wanted fugitive. Halfway around the world, Scarlet Benoit’s grandmother is missing. It turns out there are many things Scarlet doesn’t know about her grandmother or the grave danger she has lived in her whole life. When Scarlet encounters Wolf, a street fighter who may have information as to her grandmother’s whereabouts, she is loath to trust this stranger, but is inexplicably drawn to him, and he to her. As Scarlet and Wolf unravel one mystery, they encounter another when they meet Cinder. Now, all of them must stay one step ahead of the vicious Lunar Queen Levana, who will do anything for the handsome Prince Kai to become her husband, her king, her prisoner. ...more",Young Adult,14.57,4,3,0,510832818edb6fbc,https://books.toscrape.com/catalogue/scarlet-the-lunar-chronicles-2_218/index.html,218,14.57,14.57,0.0,True,In stock (3 available),Four,Books,https://books.toscrape.com/media/cache/97/04/9704e3b9203e9b029134d0b86c17613b.jpg,Young Adult,True
Scarlett Epstein Hates It Here,"Meet Scarlett Epstein, BNF (Big Name Fan) in her online community of fanfiction writers, world-class nobody at Melville High. Her best (read: only) IRL friends are Avery, a painfully shy and annoyingly attractive bookworm, and Ruth, her weed-smoking, possibly insane seventy-three-year-old neighbor.When Scarlett’s beloved TV show is canceled and her longtime crush, Gideon, Meet Scarlett Epstein, BNF (Big Name Fan) in her online community of fanfiction writers, world-class nobody at Melville High. Her best (read: only) IRL friends are Avery, a painfully shy and annoyingly attractive bookworm, and Ruth, her weed-smoking, possibly insane seventy-three-year-old neighbor.When Scarlett’s beloved TV show is canceled and her longtime crush, Gideon, is sucked out of her orbit and into the dark and distant world of Populars, Scarlett turns to the fanfic message boards for comfort. This time, though, her subjects aren’t the swoon-worthy stars of her fave series—they’re the real-life kids from her high school. And if they ever find out what Scarlett truly thinks about them, she’ll be thrust into a situation far more dramatic than anything she’s ever seen on TV… ...more",Young Adult,43.55,5,15,0,1c929cfd16b71907,https://books.toscrape.com/catalogue/scarlett-epstein-hates-it-here_828/index.html,828,43.55,43.55,0.0,True,In stock (15 available),Five,Books,https://books.toscrape.com/media/cache/7e/ba/7eba21a2ecaa4651e44f04a7cd808520.jpg,Young Adult,True
Set Me Free,"Aaron Ledbetter’s future had been planned out for him since before he was born. Each year, the Ledbetter family vacation on Tybee Island gave Aaron a chance to briefly free himself from his family’s expectations. When he meets Jonas “Lucky” Luckett, a caricature artist in town with the traveling carnival, he must choose between the life that’s been mapped out for him, and Aaron Ledbetter’s future had been planned out for him since before he was born. Each year, the Ledbetter family vacation on Tybee Island gave Aaron a chance to briefly free himself from his family’s expectations. When he meets Jonas “Lucky” Luckett, a caricature artist in town with the traveling carnival, he must choose between the life that’s been mapped out for him, and the chance at true love. ...more",Young Adult,17.46,5,19,0,ce6396b0f23f6ecc,https://books.toscrape.com/catalogue/set-me-free_988/index.html,988,17.46,17.46,0.0,True,In stock (19 available),Five,Books,https://books.toscrape.com/media/cache/b8/e9/b8e91bd2fc74c3954118999238abb4b8.jpg,Young Adult,True
South of Sunshine,"What is Kaycee willing to risk for the sake of love? And what will she risk for acceptance?In Sunshine, Tennessee, the main event in town is Friday night football, the biggest party of the year is held in a field filled with pickup trucks, and church attendance is mandatory. For Kaycee Jean McCoy, life in Sunshine means dating guys she has no interest in, saying only “yes, What is Kaycee willing to risk for the sake of love? And what will she risk for acceptance?In Sunshine, Tennessee, the main event in town is Friday night football, the biggest party of the year is held in a field filled with pickup trucks, and church attendance is mandatory. For Kaycee Jean McCoy, life in Sunshine means dating guys she has no interest in, saying only “yes, ma’am” when the local bigots gossip at her mom’s cosmetics salon, and avoiding certain girls at all costs. Girls like Bren Dawson.Unlike Kaycee, Bren doesn’t really conceal who she is. But as the cool, worldly new girl, nobody at school seems to give her any trouble. Maybe there’s no harm if Kaycee gets closer to her too, as long as she can keep that part of her life a secret, especially from her family and her best friend. But the more serious things get with Bren, the harder it is to hide from everyone else. Kaycee knows Sunshine has a darker side for people like her, and she’s risking everything for the chance to truly be herself. ...more",Young Adult,28.93,1,8,0,331c26103d885cae,https://books.toscrape.com/catalogue/south-of-sunshine_544/index.html,544,28.93,28.93,0.0,True,In stock (8 available),One,Books,https://books.toscrape.com/media/cache/34/65/3465383539467c7e1787d26c02bca66f.jpg,Young Adult,True
Stars Above (The Lunar Chronicles #4.5),"The enchantment continues....The universe of the Lunar Chronicles holds stories—and secrets—that are wondrous, vicious, and romantic. How did Cinder first arrive in New Beijing? How did the brooding soldier Wolf transform from young man to killer? When did Princess Winter and the palace guard Jacin realize their destinies?With nine stories—five of which have never before b The enchantment continues....The universe of the Lunar Chronicles holds stories—and secrets—that are wondrous, vicious, and romantic. How did Cinder first arrive in New Beijing? How did the brooding soldier Wolf transform from young man to killer? When did Princess Winter and the palace guard Jacin realize their destinies?With nine stories—five of which have never before been published—and an exclusive never-before-seen excerpt from Marissa Meyer’s upcoming novel, Heartless, about the Queen of Hearts from Alice in Wonderland, Stars Above is essential for fans of the bestselling and beloved Lunar Chronicles.--The Little Android: A retelling of Hans Christian Andersen’s “The Little Mermaid,” set in the world of The Lunar Chronicles.Glitches: In this prequel to Cinder, we see the results of the plague play out, and the emotional toll it takes on Cinder. Something that may, or may not, be a glitch….The Queen’s Army: In this prequel to Scarlet, we’re introduced to the army Queen Levana is building, and one soldier in particular who will do anything to keep from becoming the monster they want him to be.Carswell’s Guide to Being Lucky: Thirteen-year-old Carswell Thorne has big plans involving a Rampion spaceship and a no-return trip out of Los Angeles.The Keeper: A prequel to the Lunar Chronicles, showing a young Scarlet and how Princess Selene came into the care of Michelle Benoit.After Sunshine Passes By: In this prequel to Cress, we see how a nine-year-old Cress ended up alone on a satellite, spying on Earth for Luna.The Princess and the Guard: In this prequel to Winter, we see a game called The PrincessThe Mechanic: In this prequel to Cinder, we see Kai and Cinder’s first meeting from Kai’s perspective.Something Old, Something New: In this epilogue to Winter, friends gather for the wedding of the century... ...more",Young Adult,48.05,2,12,0,b63ea3f7a57ae099,https://books.toscrape.com/catalogue/stars-above-the-lunar-chronicles-45_632/index.html,632,48.05,48.05,0.0,True,In stock (12 available),Two,Books,https://books.toscrape.com/media/cache/8f/22/8f221677f6d28eba048ebb505fcfd90a.jpg,Young Adult,True
Tell Me Three Things,"Everything about Jessie is wrong. At least, that’s what it feels like during her first weekof junior year at her new ultra-intimidating prep school in Los Angeles. Just when she’s thinking about hightailing it back to Chicago, she gets an email from a person calling themselves Somebody/Nobody (SN for short),offering to help her navigate the wilds of Wood Valley High School Everything about Jessie is wrong. At least, that’s what it feels like during her first week of junior year at her new ultra-intimidating prep school in Los Angeles. Just when she’s thinking about hightailing it back to Chicago, she gets an email from a person calling themselves Somebody/Nobody (SN for short), offering to help her navigate the wilds of Wood Valley High School. Is it an elaborate hoax? Or can she rely on SN for some much-needed help?It’s been barely two years since her mother’s death, and because her father eloped with a woman he met online, Jessie has been forced to move across the country to live with her stepmonster and her pretentious teenage son.In a leap of faith—or an act of complete desperation—Jessie begins to rely on SN, and SN quickly becomes her lifeline and closest ally. Jessie can’t help wanting to meet SN in person. But are some mysteries better left unsolved?Julie Buxbaum mixes comedy and tragedy, love and loss, pain and elation, in her debut YA novel filled with characters who will come to feel like friends. ...more",Young Adult,41.81,1,5,0,50d5a7b861ed1c54,https://books.toscrape.com/catalogue/tell-me-three-things_395/index.html,395,41.81,41.81,0.0,True,In stock (5 available),One,Books,https://books.toscrape.com/media/cache/92/a5/92a5e01c5067f65f03b316a328459f9f.jpg,Young Adult,True
Tell the Wolves I'm Home,"In this striking literary debut, Carol Rifka Brunt unfolds a moving story of love, grief, and renewal as two lonely people become the unlikeliest of friends and find that sometimes you don’t know you’ve lost someone until you’ve found them.1987. There’s only one person who has ever truly understood fourteen-year-old June Elbus, and that’s her uncle, the renowned painter Fi In this striking literary debut, Carol Rifka Brunt unfolds a moving story of love, grief, and renewal as two lonely people become the unlikeliest of friends and find that sometimes you don’t know you’ve lost someone until you’ve found them.1987. There’s only one person who has ever truly understood fourteen-year-old June Elbus, and that’s her uncle, the renowned painter Finn Weiss. Shy at school and distant from her older sister, June can only be herself in Finn’s company; he is her godfather, confidant, and best friend. So when he dies, far too young, of a mysterious illness her mother can barely speak about, June’s world is turned upside down. But Finn’s death brings a surprise acquaintance into June’s life - someone who will help her to heal and to question what she thinks she knows about Finn, her family, and even her own heart.At Finn’s funeral, June notices a strange man lingering just beyond the crowd. A few days later, she receives a package in the mail. Inside is a beautiful teapot she recognizes from Finn’s apartment and a note from Toby, the stranger, asking for an opportunity to meet. As the two begin to spend time together, June realizes she’s not the only one who misses Finn, and if she can bring herself to trust this unexpected friend, he just might be the one she needs the most.An emotionally charged coming-of-age novel, Tell the Wolves I’m Home is a tender story of love lost and found, an unforgettable portrait of the way compassion can make us whole again. ...more",Young Adult,50.96,2,6,0,2a1b3d967cda1da2,https://books.toscrape.com/catalogue/tell-the-wolves-im-home_439/index.html,439,50.96,50.96,0.0,True,In stock (6 available),Two,Books,https://books.toscrape.com/media/cache/78/48/784872c69237efaf5df8c0282280ff05.jpg,Young Adult,True
The Alien Club,"When everything is your first, you’re an alien.The feelings, sensations, decisions and ramifications of your actions are uncharted territory. An alien landscape that stretches from your front door to your first love can be more bizarre, beautiful and unforgiving than any other planet in the Universe. With no handbook and nowhere to turn, you’re forced to blaze a path to gr When everything is your first, you’re an alien.The feelings, sensations, decisions and ramifications of your actions are uncharted territory. An alien landscape that stretches from your front door to your first love can be more bizarre, beautiful and unforgiving than any other planet in the Universe. With no handbook and nowhere to turn, you’re forced to blaze a path to greatness you’re not even sure is your destiny.A rich tale of love and war, and the interpersonal relationships that forge them both. The Alien Club follows the path forged by a ten-year-old boy, blindly clawing his way through the confusing, frightening and utterly fascinating life afforded him via a magical neighborhood situated in suburbia USA, during the summer of 1979.Wrought with heroism and hilarious happenings, The Alien Club is a truly mesmerizing journey created by a series of tragic and fanciful events that are thrust into motion by seemingly mundane issues that grip and alter the trajectory of an innocent youth.The Alien Club is the crossroads of The Goonies, The Outsiders, The Lord of the Flies and Stand by Me (The Body). ...more",Young Adult,54.4,1,9,0,e77594ece9b9d1fe,https://books.toscrape.com/catalogue/the-alien-club_569/index.html,569,54.4,54.4,0.0,True,In stock (9 available),One,Books,https://books.toscrape.com/media/cache/15/7c/157c526f6978d80e039e1362ae898fc8.jpg,Young Adult,True
The Art of Not Breathing,"Since her twin brother, Eddie, drowned five years ago, sixteen-year-old Elsie Main has tried to remember what really happened that fateful day on the beach. One minute Eddie was there, and the next he was gone. Seventeen-year-old Tay McKenzie is a cute and mysterious boy that Elsie meets in her favorite boathouse hangout. When Tay introduces Elsie to the world of freedivin Since her twin brother, Eddie, drowned five years ago, sixteen-year-old Elsie Main has tried to remember what really happened that fateful day on the beach. One minute Eddie was there, and the next he was gone. Seventeen-year-old Tay McKenzie is a cute and mysterious boy that Elsie meets in her favorite boathouse hangout. When Tay introduces Elsie to the world of freediving, she vows to find the answers she seeks at the bottom of the sea. ...more",Young Adult,40.83,4,1,0,5bc1fbccfbf2355c,https://books.toscrape.com/catalogue/the-art-of-not-breathing_58/index.html,58,40.83,40.83,0.0,True,In stock (1 available),Four,Books,https://books.toscrape.com/media/cache/0b/9f/0b9f43b6b5cf8053dd2c68ecafe70b8a.jpg,Young Adult,True
The Darkest Corners,"The Darkest Corners is a psychological thriller about the lies little girls tell, and the deadly truths those lies become.There are ghosts around every corner in Fayette, Pennsylvania. Tessa left when she was nine and has been trying ever since not to think about it after what happened there that last summer. Memories of things so dark will burn themselves into your mind i The Darkest Corners is a psychological thriller about the lies little girls tell, and the deadly truths those lies become.There are ghosts around every corner in Fayette, Pennsylvania. Tessa left when she was nine and has been trying ever since not to think about it after what happened there that last summer. Memories of things so dark will burn themselves into your mind if you let them.Callie never left. She moved to another house, so she doesn’t have to walk those same halls, but then Callie always was the stronger one. She can handle staring into the faces of her demons—and if she parties hard enough, maybe one day they’ll disappear for good.Tessa and Callie have never talked about what they saw that night. After the trial, Callie drifted and Tessa moved, and childhood friends just have a way of losing touch.But ever since she left, Tessa has had questions. Things have never quite added up. And now she has to go back to Fayette—to Wyatt Stokes, sitting on death row; to Lori Cawley, Callie’s dead cousin; and to the one other person who may be hiding the truth.Only the closer Tessa gets to the truth, the closer she gets to a killer—and this time, it won’t be so easy to run away. ...more",Young Adult,11.33,5,5,0,c4182bdb53e2459a,https://books.toscrape.com/catalogue/the-darkest-corners_399/index.html,399,11.33,11.33,0.0,True,In stock (5 available),Five,Books,https://books.toscrape.com/media/cache/8c/64/8c64037f38663260b91c275078ee882d.jpg,Young Adult,True
The Darkest Lie,"“The mother I knew would never do those things.But maybe I never knew her after all.”Clothes, jokes, coded messages…Cecilia Brooks and her mom shared everything. At least, CeCe thought they did. Six months ago, her mom killed herself after accusations of having sex with a student, and CeCe’s been the subject of whispers and taunts ever since. Now, at the start of her high “The mother I knew would never do those things.But maybe I never knew her after all.”Clothes, jokes, coded messages…Cecilia Brooks and her mom shared everything. At least, CeCe thought they did. Six months ago, her mom killed herself after accusations of having sex with a student, and CeCe’s been the subject of whispers and taunts ever since. Now, at the start of her high school senior year, between dealing with her grieving, distracted father, and the social nightmare that has become her life, CeCe just wants to fly under the radar. Instead, she’s volunteering at the school’s crisis hotline—the same place her mother worked.As she counsels troubled strangers, CeCe’s lingering suspicions about her mom’s death surface. With the help of Sam, a new student and newspaper intern, she starts to piece together fragmented clues that point to a twisted secret at the heart of her community. Soon, finding the truth isn’t just a matter of restoring her mother’s reputation, it’s about saving lives—including CeCe’s own… ...more",Young Adult,35.35,5,14,0,6edacfd1f8ebb9eb,https://books.toscrape.com/catalogue/the-darkest-lie_747/index.html,747,35.35,35.35,0.0,True,In stock (14 available),Five,Books,https://books.toscrape.com/media/cache/3b/6a/3b6ae7b1d7736819f4f44605441e283e.jpg,Young Adult,True
The Epidemic (The Program 0.6),"Can one girl help others find closure by slipping into the identities of their loved ones? Find out in this riveting sequel to The Remedy and companion to the New York Times bestselling The Treatment and The Program.In a world before The Program…Quinlan McKee has spent her life acting as other people. She was a closer—a person hired to play the role of the recently decease Can one girl help others find closure by slipping into the identities of their loved ones? Find out in this riveting sequel to The Remedy and companion to the New York Times bestselling The Treatment and The Program.In a world before The Program…Quinlan McKee has spent her life acting as other people. She was a closer—a person hired to play the role of the recently deceased in order to give their families closure. Through this process, Quinn learned to read people and situations, even losing a bit of herself to do so. But she couldn’t have guessed how her last case would bring down her entire world.The only person Quinn trusts is Deacon, her best friend and the love of her life. Except Deacon’s been keeping secrets of his one, so Quinn must set out alone to find Arthur Pritchard, the doctor who’s been trying to control her life. The journey brings Quinn to Arthur’s daughter, Virginia, who tells Quinn the truth about Pritchard’s motives. The former closer will start to see that she is the first step in fighting an epidemic.But Quinlan doesn’t want to be a cure. And with all the lies surrounding her, she realizes she has no one left to rely on but herself—even if she doesn’t know who that is anymore. ...more",Young Adult,14.44,5,12,0,f732d7d18a91d2ba,https://books.toscrape.com/catalogue/the-epidemic-the-program-06_636/index.html,636,14.44,14.44,0.0,True,In stock (12 available),Five,Books,https://books.toscrape.com/media/cache/b6/2f/b62f16c69886271a55d3717883323283.jpg,Young Adult,True
The Haters,"From Jesse Andrews, author of the New York Times bestselling Me and Earl and the Dying Girl and screenwriter of the Sundance award–winning motion picture of the same name, comes a groundbreaking young adult novel about music, love, friendship, and freedom as three young musicians follow a quest to escape the law long enough to play the amazing show they hope (but also doub From Jesse Andrews, author of the New York Times bestselling Me and Earl and the Dying Girl and screenwriter of the Sundance award–winning motion picture of the same name, comes a groundbreaking young adult novel about music, love, friendship, and freedom as three young musicians follow a quest to escape the law long enough to play the amazing show they hope (but also doubt) they have in them.Inspired by the years he spent playing bass in a band himself, The Haters is Jesse Andrews’s road trip adventure about a trio of jazz-camp escapees who, against every realistic expectation, become a band. For Wes and his best friend, Corey, jazz camp turns out to be lame. It’s pretty much all dudes talking in Jazz Voice. But then they jam with Ash, a charismatic girl with an unusual sound, and the three just click. It’s three and a half hours of pure musical magic, and Ash makes a decision: They need to hit the road. Because the road, not summer camp, is where bands get good. Before Wes and Corey know it, they’re in Ash’s SUV heading south, and The Haters Summer of Hate Tour has begun.In his second novel, Andrews again brings his brilliant and distinctive voice to YA, in the perfect book for music lovers, fans of The Commitments and High Fidelity, or anyone who has ever loved—and hated—a song or a band. This witty, funny coming-of-age novel is contemporary fiction at its best. ...more",Young Adult,27.89,5,1,0,fff8a057a40c4a60,https://books.toscrape.com/catalogue/the-haters_67/index.html,67,27.89,27.89,0.0,True,In stock (1 available),Five,Books,https://books.toscrape.com/media/cache/4a/13/4a1370ebafcaf6ba5f5e1fe4a609b6d8.jpg,Young Adult,True
"The Land of 10,000 Madonnas","Five teens backpack through Europe to fulfill the mysterious dying wish of their friend.Jesse lives with his history professor dad in a house covered with postcards of images of the Madonna from all over the world. They’re gotten used to this life: two motherless dudes living among thousands of Madonnas. But Jesse has a heart condition that will ultimately cut his life tra Five teens backpack through Europe to fulfill the mysterious dying wish of their friend.Jesse lives with his history professor dad in a house covered with postcards of images of the Madonna from all over the world. They’re gotten used to this life: two motherless dudes living among thousands of Madonnas. But Jesse has a heart condition that will ultimately cut his life tragically short. Before he dies, he arranges a mysterious trip to Europe for his three cousins, his best friend, and his girlfriend to take after he passes away. It’s a trip that will forever change the lives of these young teens and one that will help them come to terms with Jesse’s death. ...more",Young Adult,29.64,4,3,0,35e69a79d2b1e804,https://books.toscrape.com/catalogue/the-land-of-10000-madonnas_258/index.html,258,29.64,29.64,0.0,True,In stock (3 available),Four,Books,https://books.toscrape.com/media/cache/af/82/af82a0cccc29dd467330dab0325807c8.jpg,Young Adult,True
The Natural History of Us (The Fine Art of Pretending #2),"One class assignment. One second chance at love. The school player is all in. Now he needs to win back the sweet commitment girl who's forever owned his heart. Justin Carter has a secret. He's not the total player Fairfield Academy believes him to be. Not really. In fact, he used to be a one-woman guy...and his feelings for her never went away. Too bad he broke her heart t One class assignment. One second chance at love. The school player is all in. Now he needs to win back the sweet commitment girl who's forever owned his heart. Justin Carter has a secret. He's not the total player Fairfield Academy believes him to be. Not really. In fact, he used to be a one-woman guy...and his feelings for her never went away. Too bad he broke her heart three years ago and made sure to ruin any chance she'd ever forgive him. Peyton Williams is a liar. She pretends to be whole, counting down the days until graduation and helping her parents at the family ranch. But the truth is, she's done everything she can to get over Justin, and salvation is just around the corner. With graduation one short month away, she'll soon break free from the painful memories and start her life fresh. Of course, she has to get through working with him on one last assignment first. For Justin, nothing ever felt as right as being with Peyton, and now that fate's given him a shot at redemption, he's determined to make the most of it. And for Peyton...well, Justin Carter has always been her kryptonite. ...more",Young Adult,45.22,3,16,0,cedf82b5086e4691,https://books.toscrape.com/catalogue/the-natural-history-of-us-the-fine-art-of-pretending-2_941/index.html,941,45.22,45.22,0.0,True,In stock (16 available),Three,Books,https://books.toscrape.com/media/cache/da/b8/dab87c14168f3ce18530447ec6437361.jpg,Young Adult,True
The New Guy (and Other Senior Year Distractions),"A ridiculously cute, formerly-famous new guy dropping into your life? It's practically every girl's dream. But not Jules McCallister-Morgan's. I realize that on paper I look like your standard type-A, neurotic, overachiever. And maybe I am. But I didn't get to be the editor of my school's long-revered newspaper by just showing up*. I have one main goal for my senior year-e A ridiculously cute, formerly-famous new guy dropping into your life? It's practically every girl's dream. But not Jules McCallister-Morgan's. I realize that on paper I look like your standard type-A, neurotic, overachiever. And maybe I am. But I didn't get to be the editor of my school's long-revered newspaper by just showing up*. I have one main goal for my senior year-early acceptance into my first choice Ivy League college-and I will not be deterred by best friends, moms who think I could stand to ""live a little,"" or boys. At least, that was the plan before I knew about Alex Powell**.And before Alex Powell betrayed me***.I know what you're thinking: Calm down, Jules. But you don't understand. This stuff matters. This is my life. And I'm not going down without a fight. ----* Okay, I sort of did. But it's a sore subject.** I mean, I guess everyone knows about Alex Powell? Two years ago, you couldn't go anywhere without hearing about viral video boy band sensation Chaos 4 All. Two years ago, Alex Powell was famous.***Some people think I'm overreacting. But this. Means. War.Filled with romance, rivalry, and passive-aggressive dog walking, Amy Spalding delivers a hilariously relatable high school story that's sure to have you falling for The New Guy. ...more",Young Adult,44.92,3,3,0,3e42ac0f4d43320f,https://books.toscrape.com/catalogue/the-new-guy-and-other-senior-year-distractions_266/index.html,266,44.92,44.92,0.0,True,In stock (3 available),Three,Books,https://books.toscrape.com/media/cache/20/59/2059cab99f3edbb3971347b7a0812cdd.jpg,Young Adult,True
The Requiem Red,"Patient Twenty-nine.A monster roams the halls of Soothing Hills Asylum. Three girls dead. 29 is endowed with the curse…or gift of perception. She hears messages in music, sees lyrics in paintings. And the corn. A lifetime asylum resident, the orchestral corn music is the only constant in her life.Mason, a new, kind orderly, sees 29 as a woman, not a lunatic. And as his bel Patient Twenty-nine.A monster roams the halls of Soothing Hills Asylum. Three girls dead. 29 is endowed with the curse…or gift of perception. She hears messages in music, sees lyrics in paintings. And the corn. A lifetime asylum resident, the orchestral corn music is the only constant in her life.Mason, a new, kind orderly, sees 29 as a woman, not a lunatic. And as his belief in her grows, so does her self- confidence. That perhaps she might escape, might see the outside world. But the monster has other plans. The missing girls share one common thread...each was twenty-nine's cell mate. Will she be next? ...more",Young Adult,22.65,1,19,0,f77dbf2323deb740,https://books.toscrape.com/catalogue/the-requiem-red_995/index.html,995,22.65,22.65,0.0,True,In stock (19 available),One,Books,https://books.toscrape.com/media/cache/6b/07/6b07b77236b7c80f42bd90bf325e69f6.jpg,Young Adult,True
This Is Where It Ends,"10:00 a.m. The principal of Opportunity High School finishes her speech, welcoming the entire student body to a new semester and encouraging them to excel and achieve.10:02 a.m. The students get up to leave the auditorium for their next class.10:03 a.m. The auditorium doors won't open.10:05 a.m. Someone starts shooting.Told from four different perspectives over the span of 10:00 a.m. The principal of Opportunity High School finishes her speech, welcoming the entire student body to a new semester and encouraging them to excel and achieve.10:02 a.m. The students get up to leave the auditorium for their next class.10:03 a.m. The auditorium doors won't open.10:05 a.m. Someone starts shooting.Told from four different perspectives over the span of fifty-four harrowing minutes, terror reigns as one student’s calculated revenge turns into the ultimate game of survival. ...more",Young Adult,27.12,2,14,0,f0f38174a7e689a3,https://books.toscrape.com/catalogue/this-is-where-it-ends_771/index.html,771,27.12,27.12,0.0,True,In stock (14 available),Two,Books,https://books.toscrape.com/media/cache/8e/dc/8edc314a67ed5ddad7bd0a2f30ad3238.jpg,Young Adult,True
Two Boys Kissing,"New York Times bestselling author David Levithan tells the based-on-true-events story of Harry and Craig, two 17-year-olds who are about to take part in a 32-hour marathon of kissing to set a new Guinness World Record—all of which is narrated by a Greek Chorus of the generation of gay men lost to AIDS. While the two increasingly dehydrated and sleep-deprived boys are locki New York Times bestselling author David Levithan tells the based-on-true-events story of Harry and Craig, two 17-year-olds who are about to take part in a 32-hour marathon of kissing to set a new Guinness World Record—all of which is narrated by a Greek Chorus of the generation of gay men lost to AIDS. While the two increasingly dehydrated and sleep-deprived boys are locking lips, they become a focal point in the lives of other teen boys dealing with languishing long-term relationships, coming out, navigating gender identity, and falling deeper into the digital rabbit hole of gay hookup sites—all while the kissing former couple tries to figure out their own feelings for each other. ...more",Young Adult,32.74,2,3,0,61bc8167c9680283,https://books.toscrape.com/catalogue/two-boys-kissing_294/index.html,294,32.74,32.74,0.0,True,In stock (3 available),Two,Books,https://books.toscrape.com/media/cache/a0/29/a029efdcb7e61cc2fed1f7404cf065a0.jpg,Young Adult,True
Two Summers,"ONE SUMMER in the French countryside, among sun-kissed fields of lavender . . . ANOTHER SUMMER in upstate New York, along familiar roads that lead to surprises . . . When Summer Everett makes a split-second decision, her summer divides into two parallel worlds. In one, she travels to France, where she’s dreamed of going: a land of chocolate croissants, handsome boys, and a ONE SUMMER in the French countryside, among sun-kissed fields of lavender . . . ANOTHER SUMMER in upstate New York, along familiar roads that lead to surprises . . . When Summer Everett makes a split-second decision, her summer divides into two parallel worlds. In one, she travels to France, where she’s dreamed of going: a land of chocolate croissants, handsome boys, and art museums. In the other, she remains home, in her ordinary suburb, where she expects her ordinary life to continue — but nothing is as it seems.In both summers, she will fall in love and discover new sides of herself. What may break her, though, is a terrible family secret, one she can't hide from anywhere. In the end, it may just be the truth she needs the most.From New York Times bestselling author Aimee Friedman comes an irresistible, inventive novel that takes readers around the world and back again, and asks us what matters more: the journey or the destination. ...more",Young Adult,14.64,1,5,0,3a7d54a264d9f33e,https://books.toscrape.com/catalogue/two-summers_415/index.html,415,14.64,14.64,0.0,True,In stock (5 available),One,Books,https://books.toscrape.com/media/cache/cd/1a/cd1ab47070ea1662d4917d7ad483ed53.jpg,Young Adult,True
Until Friday Night (The Field Party #1),"To everyone who knows him, West Ashby has always been that guy: the cocky, popular, way-too-handsome-for-his-own-good football god who led Lawton High to the state championships. But while West may be Big Man on Campus on the outside, on the inside he’s battling the grief that comes with watching his father slowly die of cancer.Two years ago, Maggie Carleton’s life fell ap To everyone who knows him, West Ashby has always been that guy: the cocky, popular, way-too-handsome-for-his-own-good football god who led Lawton High to the state championships. But while West may be Big Man on Campus on the outside, on the inside he’s battling the grief that comes with watching his father slowly die of cancer.Two years ago, Maggie Carleton’s life fell apart when her father murdered her mother. And after she told the police what happened, she stopped speaking and hasn’t spoken since. Even the move to Lawton, Alabama, couldn’t draw Maggie back out. So she stayed quiet, keeping her sorrow and her fractured heart hidden away.As West’s pain becomes too much to handle, he knows he needs to talk to someone about his father—so in the dark shadows of a post-game party, he opens up to the one girl who he knows won’t tell anyone else.West expected that talking about his dad would bring some relief, or at least a flood of emotions he couldn’t control. But he never expected the quiet new girl to reply, to reveal a pain even deeper than his own—or for them to form a connection so strong that he couldn’t ever let her go… ...more",Young Adult,46.31,2,14,0,aba2db9afb1469c7,https://books.toscrape.com/catalogue/until-friday-night-the-field-party-1_775/index.html,775,46.31,46.31,0.0,True,In stock (14 available),Two,Books,https://books.toscrape.com/media/cache/e1/24/e1249f72129bd4b788ffd0cdd7834c24.jpg,Young Adult,True
Walk the Edge (Thunder Road #2),"One moment of recklessness will change their worlds.Smart. Responsible. That's seventeen-year-old Breanna's role in her large family, and heaven forbid she put a toe out of line. Until one night of shockingly un-Breanna-like behavior puts her into a vicious cyber-bully's line of fire—and brings fellow senior Thomas ""Razor"" Turner into her life. Razor lives for the Reign of One moment of recklessness will change their worlds.Smart. Responsible. That's seventeen-year-old Breanna's role in her large family, and heaven forbid she put a toe out of line. Until one night of shockingly un-Breanna-like behavior puts her into a vicious cyber-bully's line of fire—and brings fellow senior Thomas ""Razor"" Turner into her life. Razor lives for the Reign of Terror motorcycle club, and good girls like Breanna just don't belong. But when he learns she's being blackmailed over a compromising picture of the two of them—a picture that turns one unexpected and beautiful moment into ugliness—he knows it's time to step outside the rules. And so they make a pact: he'll help her track down her blackmailer, and in return she'll help him seek answers to the mystery that's haunted him—one that not even his club brothers have been willing to discuss. But the more time they spend together, the more their feelings grow. And suddenly they're both walking the edge of discovering who they really are, what they want, and where they're going from here. ...more",Young Adult,32.36,3,3,0,0e4e2d31c2fb3aad,https://books.toscrape.com/catalogue/walk-the-edge-thunder-road-2_300/index.html,300,32.36,32.36,0.0,True,In stock (3 available),Three,Books,https://books.toscrape.com/media/cache/3f/c5/3fc5fbb8ab3099a5fae8f5d180605905.jpg,Young Adult,True
Where She Went (If I Stay #2),"It's been three years since the devastating accident . . . three years since Mia walked out of Adam's life forever.Now living on opposite coasts, Mia is Juilliard's rising star and Adam is LA tabloid fodder, thanks to his new rock star status and celebrity girlfriend. When Adam gets stuck in New York by himself, chance brings the couple together again, for one last night. It's been three years since the devastating accident . . . three years since Mia walked out of Adam's life forever.Now living on opposite coasts, Mia is Juilliard's rising star and Adam is LA tabloid fodder, thanks to his new rock star status and celebrity girlfriend. When Adam gets stuck in New York by himself, chance brings the couple together again, for one last night. As they explore the city that has become Mia's home, Adam and Mia revisit the past and open their hearts to the future - and each other.Told from Adam's point of view in the spare, lyrical prose that defined If I Stay, Where She Went explores the devastation of grief, the promise of new hope, and the flame of rekindled romance. ...more",Young Adult,41.73,4,5,0,60369d96b7b80869,https://books.toscrape.com/catalogue/where-she-went-if-i-stay-2_417/index.html,417,41.73,41.73,0.0,True,In stock (5 available),Four,Books,https://books.toscrape.com/media/cache/0c/f9/0cf93861d70a35c3d8deaa265a630e35.jpg,Young Adult,True
Wild Swans,"The summer before Ivy’s senior year is going to be golden; all bonfires, barbeques, and spending time with her best friends. For once, she will just get to be. No summer classes, none of Granddad’s intense expectations to live up to the family name. For generations, the Milbourn women have lead extraordinary lives—and died young and tragically. Granddad calls it a legacy, The summer before Ivy’s senior year is going to be golden; all bonfires, barbeques, and spending time with her best friends. For once, she will just get to be. No summer classes, none of Granddad’s intense expectations to live up to the family name. For generations, the Milbourn women have lead extraordinary lives—and died young and tragically. Granddad calls it a legacy, but Ivy considers it a curse. Why else would her mother have run off and abandoned her as a child?But when her mother unexpectedly returns home with two young daughters in tow, all of the stories Ivy wove to protect her heart start to unravel. The very people she once trusted now speak in lies. And all of Ivy’s ambition and determination cannot defend her against the secrets of the Milbourn past…. ...more",Young Adult,14.36,2,14,0,3fb15ace50d6142b,https://books.toscrape.com/catalogue/wild-swans_782/index.html,782,14.36,14.36,0.0,True,In stock (14 available),Two,Books,https://books.toscrape.com/media/cache/ad/42/ad42a85570a887faf1b9e12715cf59bf.jpg,Young Adult,True
"Will Grayson, Will Grayson (Will Grayson, Will Grayson)","Will Grayson meets Will Grayson. One cold night, in a most unlikely corner of Chicago, two strangers are about to cross paths. From that moment on, their world will collide and lives intertwine.It's not that far from Evanston to Naperville, but Chicago suburbanites Will Grayson and Will Grayson might as well live on different planets. When fate delivers them both to the sa Will Grayson meets Will Grayson. One cold night, in a most unlikely corner of Chicago, two strangers are about to cross paths. From that moment on, their world will collide and lives intertwine.It's not that far from Evanston to Naperville, but Chicago suburbanites Will Grayson and Will Grayson might as well live on different planets. When fate delivers them both to the same surprising crossroads, the Will Graysons find their lives overlapping and hurtling in new and unexpected directions. With a push from friends new and old - including the massive, and massively fabulous, Tiny Cooper, offensive lineman and musical theater auteur extraordinaire - Will and Will begin building toward respective romantic turns-of-heart and the epic production of history's most awesome high school musical. ...more",Young Adult,47.31,4,5,0,e75f3ae1da1cc652,https://books.toscrape.com/catalogue/will-grayson-will-grayson-will-grayson-will-grayson_419/index.html,419,47.31,47.31,0.0,True,In stock (5 available),Four,Books,https://books.toscrape.com/media/cache/b9/e6/b9e66a23fe4b95c426409bad86058152.jpg,Young Adult,True
